Fecha,Ticker,Precio
2009-09-25,EUNL.DE,17.21
2009-09-28,EUNL.DE,17.21
2009-09-29,EUNL.DE,17.21
2009-09-30,EUNL.DE,17.21
2009-10-01,EUNL.DE,17.21
2009-10-02,EUNL.DE,17.21
2009-10-05,EUNL.DE,17.21
2009-10-06,EUNL.DE,17.21
2009-10-07,EUNL.DE,17.21
2009-10-08,EUNL.DE,17.21
2009-10-09,EUNL.DE,17.21
2009-10-12,EUNL.DE,17.21
2009-10-13,EUNL.DE,17.21
2009-10-14,EUNL.DE,17.21
2009-10-15,EUNL.DE,17.21
2009-10-16,EUNL.DE,17.21
2009-10-19,EUNL.DE,17.21
2009-10-20,EUNL.DE,17.21
2009-10-21,EUNL.DE,17.25
2009-10-22,EUNL.DE,17.01
2009-10-23,EUNL.DE,16.94
2009-10-26,EUNL.DE,16.84
2009-10-27,EUNL.DE,16.89
2009-10-28,EUNL.DE,16.61
2009-10-29,EUNL.DE,16.77
2009-10-30,EUNL.DE,16.75
2009-11-02,EUNL.DE,16.75
2009-11-03,EUNL.DE,16.51
2009-11-04,EUNL.DE,16.51
2009-11-05,EUNL.DE,16.74
2009-11-06,EUNL.DE,16.78
2009-11-09,EUNL.DE,16.78
2009-11-10,EUNL.DE,17.06
2009-11-11,EUNL.DE,17.14
2009-11-12,EUNL.DE,17.14
2009-11-13,EUNL.DE,17.19
2009-11-16,EUNL.DE,17.38
2009-11-17,EUNL.DE,17.35
2009-11-18,EUNL.DE,17.26
2009-11-19,EUNL.DE,17.29
2009-11-20,EUNL.DE,17.29
2009-11-23,EUNL.DE,16.96
2009-11-24,EUNL.DE,17.13
2009-11-25,EUNL.DE,17.17
2009-11-26,EUNL.DE,17.17
2009-11-27,EUNL.DE,16.79
2009-11-30,EUNL.DE,16.855
2009-12-01,EUNL.DE,16.855
2009-12-02,EUNL.DE,17.245
2009-12-03,EUNL.DE,17.235
2009-12-04,EUNL.DE,17.395
2009-12-07,EUNL.DE,17.395
2009-12-08,EUNL.DE,17.26
2009-12-09,EUNL.DE,17.18
2009-12-10,EUNL.DE,17.355
2009-12-11,EUNL.DE,17.455
2009-12-14,EUNL.DE,17.555
2009-12-15,EUNL.DE,17.65
2009-12-16,EUNL.DE,17.74
2009-12-17,EUNL.DE,17.74
2009-12-18,EUNL.DE,17.65
2009-12-21,EUNL.DE,17.88
2009-12-22,EUNL.DE,17.98
2009-12-23,EUNL.DE,17.99
2009-12-28,EUNL.DE,18.09
2009-12-29,EUNL.DE,18.13
2009-12-30,EUNL.DE,18.01
2010-01-04,EUNL.DE,18.17
2010-01-05,EUNL.DE,18.28
2010-01-06,EUNL.DE,18.33
2010-01-07,EUNL.DE,18.37
2010-01-08,EUNL.DE,18.41
2010-01-11,EUNL.DE,18.29
2010-01-12,EUNL.DE,18.22
2010-01-13,EUNL.DE,18.26
2010-01-14,EUNL.DE,18.4
2010-01-15,EUNL.DE,18.32
2010-01-18,EUNL.DE,18.42
2010-01-19,EUNL.DE,18.6
2010-01-20,EUNL.DE,18.46
2010-01-21,EUNL.DE,18.33
2010-01-22,EUNL.DE,18.12
2010-01-25,EUNL.DE,17.9
2010-01-26,EUNL.DE,18.0
2010-01-27,EUNL.DE,17.86
2010-01-28,EUNL.DE,17.77
2010-01-29,EUNL.DE,17.94
2010-02-01,EUNL.DE,17.95
2010-02-02,EUNL.DE,18.1
2010-02-03,EUNL.DE,18.08
2010-02-04,EUNL.DE,18.04
2010-02-05,EUNL.DE,17.63
2010-02-08,EUNL.DE,17.74
2010-02-09,EUNL.DE,17.73
2010-02-10,EUNL.DE,17.73
2010-02-11,EUNL.DE,17.73
2010-02-12,EUNL.DE,17.9
2010-02-15,EUNL.DE,18.02
2010-02-16,EUNL.DE,18.1
2010-02-17,EUNL.DE,18.1
2010-02-18,EUNL.DE,18.47
2010-02-19,EUNL.DE,18.62
2010-02-22,EUNL.DE,18.52
2010-02-23,EUNL.DE,18.41
2010-02-24,EUNL.DE,18.44
2010-02-25,EUNL.DE,18.26
2010-02-26,EUNL.DE,18.37
2010-03-01,EUNL.DE,18.69
2010-03-02,EUNL.DE,18.79
2010-03-03,EUNL.DE,18.73
2010-03-04,EUNL.DE,18.81
2010-03-05,EUNL.DE,19.0
2010-03-08,EUNL.DE,19.05
2010-03-09,EUNL.DE,19.13
2010-03-10,EUNL.DE,19.14
2010-03-11,EUNL.DE,19.08
2010-03-12,EUNL.DE,19.07
2010-03-15,EUNL.DE,19.06
2010-03-16,EUNL.DE,19.17
2010-03-17,EUNL.DE,19.35
2010-03-18,EUNL.DE,19.41
2010-03-19,EUNL.DE,19.43
2010-03-22,EUNL.DE,19.46
2010-03-23,EUNL.DE,19.59
2010-03-24,EUNL.DE,19.75
2010-03-25,EUNL.DE,19.91
2010-03-26,EUNL.DE,19.7
2010-03-29,EUNL.DE,19.75
2010-03-30,EUNL.DE,19.77
2010-03-31,EUNL.DE,19.67
2010-04-01,EUNL.DE,19.82
2010-04-06,EUNL.DE,20.14
2010-04-07,EUNL.DE,20.11
2010-04-08,EUNL.DE,19.99
2010-04-09,EUNL.DE,20.06
2010-04-12,EUNL.DE,20.0
2010-04-13,EUNL.DE,19.93
2010-04-14,EUNL.DE,20.03
2010-04-15,EUNL.DE,20.25
2010-04-16,EUNL.DE,20.25
2010-04-19,EUNL.DE,19.93
2010-04-20,EUNL.DE,20.22
2010-04-21,EUNL.DE,20.2
2010-04-22,EUNL.DE,20.1
2010-04-23,EUNL.DE,20.21
2010-04-26,EUNL.DE,20.43
2010-04-27,EUNL.DE,20.36
2010-04-28,EUNL.DE,19.99
2010-04-29,EUNL.DE,19.99
2010-04-30,EUNL.DE,20.09
2010-05-03,EUNL.DE,20.13
2010-05-04,EUNL.DE,20.23
2010-05-05,EUNL.DE,19.89
2010-05-06,EUNL.DE,19.78
2010-05-07,EUNL.DE,19.78
2010-05-10,EUNL.DE,19.97
2010-05-11,EUNL.DE,20.07
2010-05-12,EUNL.DE,20.28
2010-05-13,EUNL.DE,20.41
2010-05-14,EUNL.DE,20.41
2010-05-17,EUNL.DE,20.0
2010-05-18,EUNL.DE,20.15
2010-05-19,EUNL.DE,19.63
2010-05-20,EUNL.DE,19.63
2010-05-21,EUNL.DE,18.68
2010-05-24,EUNL.DE,19.18
2010-05-25,EUNL.DE,19.18
2010-05-26,EUNL.DE,19.18
2010-05-27,EUNL.DE,19.52
2010-05-28,EUNL.DE,19.5
2010-05-31,EUNL.DE,19.56
2010-06-01,EUNL.DE,19.53
2010-06-02,EUNL.DE,19.54
2010-06-03,EUNL.DE,19.86
2010-06-04,EUNL.DE,19.7
2010-06-07,EUNL.DE,19.53
2010-06-08,EUNL.DE,19.31
2010-06-09,EUNL.DE,19.31
2010-06-10,EUNL.DE,19.71
2010-06-11,EUNL.DE,19.82
2010-06-14,EUNL.DE,19.89
2010-06-15,EUNL.DE,19.9
2010-06-16,EUNL.DE,20.05
2010-06-17,EUNL.DE,19.98
2010-06-18,EUNL.DE,20.07
2010-06-21,EUNL.DE,20.25
2010-06-22,EUNL.DE,20.18
2010-06-23,EUNL.DE,19.89
2010-06-24,EUNL.DE,19.89
2010-06-25,EUNL.DE,19.46
2010-06-28,EUNL.DE,19.61
2010-06-29,EUNL.DE,19.61
2010-06-30,EUNL.DE,19.02
2010-07-01,EUNL.DE,18.37
2010-07-02,EUNL.DE,18.31
2010-07-05,EUNL.DE,18.3
2010-07-06,EUNL.DE,18.66
2010-07-07,EUNL.DE,18.82
2010-07-08,EUNL.DE,19.03
2010-07-09,EUNL.DE,19.18
2010-07-12,EUNL.DE,19.3
2010-07-13,EUNL.DE,19.49
2010-07-14,EUNL.DE,19.46
2010-07-15,EUNL.DE,19.08
2010-07-16,EUNL.DE,18.8
2010-07-19,EUNL.DE,18.63
2010-07-20,EUNL.DE,18.72
2010-07-21,EUNL.DE,19.01
2010-07-22,EUNL.DE,19.21
2010-07-23,EUNL.DE,19.31
2010-07-26,EUNL.DE,19.37
2010-07-27,EUNL.DE,19.4
2010-07-28,EUNL.DE,19.34
2010-07-29,EUNL.DE,19.18
2010-07-30,EUNL.DE,19.21
2010-08-02,EUNL.DE,19.52
2010-08-03,EUNL.DE,19.47
2010-08-04,EUNL.DE,19.55
2010-08-05,EUNL.DE,19.5
2010-08-06,EUNL.DE,19.2
2010-08-09,EUNL.DE,19.5
2010-08-10,EUNL.DE,19.47
2010-08-11,EUNL.DE,19.25
2010-08-12,EUNL.DE,19.21
2010-08-13,EUNL.DE,19.28
2010-08-16,EUNL.DE,19.22
2010-08-17,EUNL.DE,19.46
2010-08-18,EUNL.DE,19.34
2010-08-19,EUNL.DE,19.15
2010-08-20,EUNL.DE,19.16
2010-08-23,EUNL.DE,19.3
2010-08-24,EUNL.DE,19.05
2010-08-25,EUNL.DE,18.88
2010-08-26,EUNL.DE,18.99
2010-08-27,EUNL.DE,18.97
2010-08-30,EUNL.DE,19.15
2010-08-31,EUNL.DE,19.4
2010-09-01,EUNL.DE,19.41
2010-09-02,EUNL.DE,19.43
2010-09-03,EUNL.DE,19.58
2010-09-06,EUNL.DE,19.69
2010-09-07,EUNL.DE,19.74
2010-09-08,EUNL.DE,19.83
2010-09-09,EUNL.DE,20.01
2010-09-10,EUNL.DE,19.97
2010-09-13,EUNL.DE,20.03
2010-09-14,EUNL.DE,19.96
2010-09-15,EUNL.DE,19.86
2010-09-16,EUNL.DE,19.71
2010-09-17,EUNL.DE,19.79
2010-09-20,EUNL.DE,19.98
2010-09-21,EUNL.DE,19.87
2010-09-22,EUNL.DE,19.87
2010-09-23,EUNL.DE,19.87
2010-09-24,EUNL.DE,19.56
2010-09-27,EUNL.DE,19.55
2010-09-28,EUNL.DE,19.55
2010-09-29,EUNL.DE,19.41
2010-09-30,EUNL.DE,19.44
2010-10-01,EUNL.DE,19.15
2010-10-04,EUNL.DE,19.15
2010-10-05,EUNL.DE,19.29
2010-10-06,EUNL.DE,19.34
2010-10-07,EUNL.DE,19.29
2010-10-08,EUNL.DE,19.29
2010-10-11,EUNL.DE,19.44
2010-10-12,EUNL.DE,19.44
2010-10-13,EUNL.DE,19.55
2010-10-14,EUNL.DE,19.43
2010-10-15,EUNL.DE,19.47
2010-10-18,EUNL.DE,19.56
2010-10-19,EUNL.DE,19.64
2010-10-20,EUNL.DE,19.64
2010-10-21,EUNL.DE,19.6
2010-10-22,EUNL.DE,19.63
2010-10-25,EUNL.DE,19.65
2010-10-26,EUNL.DE,19.68
2010-10-27,EUNL.DE,19.55
2010-10-28,EUNL.DE,19.66
2010-10-29,EUNL.DE,19.56
2010-11-01,EUNL.DE,19.66
2010-11-02,EUNL.DE,19.61
2010-11-03,EUNL.DE,19.58
2010-11-04,EUNL.DE,19.79
2010-11-05,EUNL.DE,19.79
2010-11-08,EUNL.DE,19.79
2010-11-09,EUNL.DE,20.29
2010-11-10,EUNL.DE,20.26
2010-11-11,EUNL.DE,20.3
2010-11-12,EUNL.DE,20.17
2010-11-15,EUNL.DE,20.33
2010-11-16,EUNL.DE,20.33
2010-11-17,EUNL.DE,20.03
2010-11-18,EUNL.DE,20.29
2010-11-19,EUNL.DE,20.17
2010-11-22,EUNL.DE,20.12
2010-11-23,EUNL.DE,20.08
2010-11-24,EUNL.DE,20.36
2010-11-25,EUNL.DE,20.45
2010-11-26,EUNL.DE,20.43
2010-11-29,EUNL.DE,20.33
2010-11-30,EUNL.DE,20.49
2010-12-01,EUNL.DE,20.49
2010-12-02,EUNL.DE,20.82
2010-12-03,EUNL.DE,20.73
2010-12-06,EUNL.DE,20.79
2010-12-07,EUNL.DE,20.97
2010-12-08,EUNL.DE,21.0
2010-12-09,EUNL.DE,21.13
2010-12-10,EUNL.DE,21.19
2010-12-13,EUNL.DE,21.16
2010-12-14,EUNL.DE,21.18
2010-12-15,EUNL.DE,21.17
2010-12-16,EUNL.DE,21.28
2010-12-17,EUNL.DE,21.31
2010-12-20,EUNL.DE,21.4
2010-12-21,EUNL.DE,21.6
2010-12-22,EUNL.DE,21.73
2010-12-23,EUNL.DE,21.7
2010-12-27,EUNL.DE,21.58
2010-12-28,EUNL.DE,21.63
2010-12-29,EUNL.DE,21.73
2010-12-30,EUNL.DE,21.5
2011-01-03,EUNL.DE,21.67
2011-01-04,EUNL.DE,21.59
2011-01-05,EUNL.DE,21.81
2011-01-06,EUNL.DE,22.03
2011-01-07,EUNL.DE,22.01
2011-01-10,EUNL.DE,21.89
2011-01-11,EUNL.DE,22.34
2011-01-12,EUNL.DE,22.24
2011-01-13,EUNL.DE,21.88
2011-01-14,EUNL.DE,21.87
2011-01-17,EUNL.DE,21.95
2011-01-18,EUNL.DE,21.95
2011-01-19,EUNL.DE,21.7
2011-01-20,EUNL.DE,21.5
2011-01-21,EUNL.DE,21.49
2011-01-24,EUNL.DE,21.48
2011-01-25,EUNL.DE,21.42
2011-01-26,EUNL.DE,21.53
2011-01-27,EUNL.DE,21.5
2011-01-28,EUNL.DE,21.4
2011-01-31,EUNL.DE,21.34
2011-02-01,EUNL.DE,21.55
2011-02-02,EUNL.DE,21.62
2011-02-03,EUNL.DE,21.63
2011-02-04,EUNL.DE,21.91
2011-02-07,EUNL.DE,22.16
2011-02-08,EUNL.DE,22.01
2011-02-09,EUNL.DE,21.93
2011-02-10,EUNL.DE,21.99
2011-02-11,EUNL.DE,21.99
2011-02-14,EUNL.DE,22.32
2011-02-15,EUNL.DE,22.28
2011-02-16,EUNL.DE,22.36
2011-02-17,EUNL.DE,22.33
2011-02-18,EUNL.DE,22.34
2011-02-21,EUNL.DE,22.09
2011-02-22,EUNL.DE,22.0
2011-02-23,EUNL.DE,21.63
2011-02-24,EUNL.DE,21.53
2011-02-25,EUNL.DE,21.77
2011-02-28,EUNL.DE,21.88
2011-03-01,EUNL.DE,21.79
2011-03-02,EUNL.DE,21.58
2011-03-03,EUNL.DE,21.67
2011-03-04,EUNL.DE,21.57
2011-03-07,EUNL.DE,21.41
2011-03-08,EUNL.DE,21.59
2011-03-09,EUNL.DE,21.5
2011-03-10,EUNL.DE,21.34
2011-03-11,EUNL.DE,21.14
2011-03-14,EUNL.DE,21.14
2011-03-15,EUNL.DE,20.38
2011-03-16,EUNL.DE,20.41
2011-03-17,EUNL.DE,20.4
2011-03-18,EUNL.DE,20.37
2011-03-21,EUNL.DE,20.68
2011-03-22,EUNL.DE,20.65
2011-03-23,EUNL.DE,20.75
2011-03-24,EUNL.DE,20.88
2011-03-25,EUNL.DE,21.06
2011-03-28,EUNL.DE,21.01
2011-03-29,EUNL.DE,21.03
2011-03-30,EUNL.DE,21.22
2011-03-31,EUNL.DE,21.04
2011-04-01,EUNL.DE,21.27
2011-04-04,EUNL.DE,21.2
2011-04-05,EUNL.DE,21.2
2011-04-06,EUNL.DE,21.07
2011-04-07,EUNL.DE,21.03
2011-04-08,EUNL.DE,21.02
2011-04-11,EUNL.DE,20.98
2011-04-12,EUNL.DE,20.98
2011-04-13,EUNL.DE,20.73
2011-04-14,EUNL.DE,20.65
2011-04-15,EUNL.DE,20.78
2011-04-18,EUNL.DE,20.7
2011-04-19,EUNL.DE,20.7
2011-04-20,EUNL.DE,20.9
2011-04-21,EUNL.DE,20.92
2011-04-26,EUNL.DE,21.01
2011-04-27,EUNL.DE,20.94
2011-04-28,EUNL.DE,21.02
2011-04-29,EUNL.DE,20.97
2011-05-02,EUNL.DE,21.08
2011-05-03,EUNL.DE,20.95
2011-05-04,EUNL.DE,20.68
2011-05-05,EUNL.DE,20.89
2011-05-06,EUNL.DE,21.21
2011-05-09,EUNL.DE,21.32
2011-05-10,EUNL.DE,21.38
2011-05-11,EUNL.DE,21.44
2011-05-12,EUNL.DE,21.44
2011-05-13,EUNL.DE,21.35
2011-05-16,EUNL.DE,21.29
2011-05-17,EUNL.DE,21.29
2011-05-18,EUNL.DE,21.14
2011-05-19,EUNL.DE,21.23
2011-05-20,EUNL.DE,21.27
2011-05-23,EUNL.DE,21.12
2011-05-24,EUNL.DE,21.12
2011-05-25,EUNL.DE,21.12
2011-05-26,EUNL.DE,21.14
2011-05-27,EUNL.DE,21.18
2011-05-30,EUNL.DE,21.18
2011-05-31,EUNL.DE,21.19
2011-06-01,EUNL.DE,20.96
2011-06-02,EUNL.DE,20.96
2011-06-03,EUNL.DE,20.96
2011-06-06,EUNL.DE,20.31
2011-06-07,EUNL.DE,20.31
2011-06-08,EUNL.DE,20.15
2011-06-09,EUNL.DE,20.34
2011-06-10,EUNL.DE,20.23
2011-06-13,EUNL.DE,20.22
2011-06-14,EUNL.DE,20.36
2011-06-15,EUNL.DE,20.36
2011-06-16,EUNL.DE,20.35
2011-06-17,EUNL.DE,20.37
2011-06-20,EUNL.DE,20.21
2011-06-21,EUNL.DE,20.43
2011-06-22,EUNL.DE,20.41
2011-06-23,EUNL.DE,20.28
2011-06-24,EUNL.DE,20.32
2011-06-27,EUNL.DE,20.25
2011-06-28,EUNL.DE,20.35
2011-06-29,EUNL.DE,20.59
2011-06-30,EUNL.DE,20.73
2011-07-01,EUNL.DE,20.89
2011-07-04,EUNL.DE,20.95
2011-07-05,EUNL.DE,21.01
2011-07-06,EUNL.DE,21.15
2011-07-07,EUNL.DE,21.3
2011-07-08,EUNL.DE,21.23
2011-07-11,EUNL.DE,21.2
2011-07-12,EUNL.DE,21.19
2011-07-13,EUNL.DE,21.21
2011-07-14,EUNL.DE,20.99
2011-07-15,EUNL.DE,20.96
2011-07-18,EUNL.DE,21.05
2011-07-19,EUNL.DE,20.95
2011-07-20,EUNL.DE,21.1
2011-07-21,EUNL.DE,21.13
2011-07-22,EUNL.DE,21.2
2011-07-25,EUNL.DE,21.17
2011-07-26,EUNL.DE,20.97
2011-07-27,EUNL.DE,20.83
2011-07-28,EUNL.DE,20.89
2011-07-29,EUNL.DE,20.59
2011-08-01,EUNL.DE,20.51
2011-08-02,EUNL.DE,20.3
2011-08-03,EUNL.DE,19.86
2011-08-04,EUNL.DE,19.83
2011-08-05,EUNL.DE,19.25
2011-08-08,EUNL.DE,18.27
2011-08-09,EUNL.DE,18.75
2011-08-10,EUNL.DE,18.15
2011-08-11,EUNL.DE,18.15
2011-08-12,EUNL.DE,18.76
2011-08-15,EUNL.DE,18.71
2011-08-16,EUNL.DE,18.82
2011-08-17,EUNL.DE,18.85
2011-08-18,EUNL.DE,18.15
2011-08-19,EUNL.DE,17.89
2011-08-22,EUNL.DE,17.84
2011-08-23,EUNL.DE,18.01
2011-08-24,EUNL.DE,18.3
2011-08-25,EUNL.DE,18.27
2011-08-26,EUNL.DE,18.23
2011-08-29,EUNL.DE,18.56
2011-08-30,EUNL.DE,18.75
2011-08-31,EUNL.DE,19.09
2011-09-01,EUNL.DE,19.22
2011-09-02,EUNL.DE,18.79
2011-09-05,EUNL.DE,18.3
2011-09-06,EUNL.DE,18.35
2011-09-07,EUNL.DE,18.85
2011-09-08,EUNL.DE,19.09
2011-09-09,EUNL.DE,18.84
2011-09-12,EUNL.DE,18.54
2011-09-13,EUNL.DE,18.74
2011-09-14,EUNL.DE,18.87
2011-09-15,EUNL.DE,19.09
2011-09-16,EUNL.DE,19.28
2011-09-19,EUNL.DE,19.09
2011-09-20,EUNL.DE,19.4
2011-09-21,EUNL.DE,19.06
2011-09-22,EUNL.DE,19.06
2011-09-23,EUNL.DE,18.32
2011-09-26,EUNL.DE,18.46
2011-09-27,EUNL.DE,19.17
2011-09-28,EUNL.DE,18.92
2011-09-29,EUNL.DE,18.84
2011-09-30,EUNL.DE,18.71
2011-10-04,EUNL.DE,18.06
2011-10-05,EUNL.DE,18.64
2011-10-06,EUNL.DE,18.96
2011-10-07,EUNL.DE,19.0
2011-10-10,EUNL.DE,19.23
2011-10-11,EUNL.DE,19.3
2011-10-12,EUNL.DE,19.47
2011-10-13,EUNL.DE,19.28
2011-10-14,EUNL.DE,19.39
2011-10-17,EUNL.DE,19.41
2011-10-18,EUNL.DE,19.38
2011-10-19,EUNL.DE,19.53
2011-10-20,EUNL.DE,19.28
2011-10-21,EUNL.DE,19.55
2011-10-24,EUNL.DE,19.77
2011-10-25,EUNL.DE,19.6
2011-10-26,EUNL.DE,19.58
2011-10-27,EUNL.DE,19.95
2011-10-28,EUNL.DE,20.1
2011-10-31,EUNL.DE,19.89
2011-11-01,EUNL.DE,19.47
2011-11-02,EUNL.DE,19.6
2011-11-03,EUNL.DE,19.87
2011-11-04,EUNL.DE,19.75
2011-11-07,EUNL.DE,19.76
2011-11-08,EUNL.DE,19.87
2011-11-09,EUNL.DE,19.88
2011-11-10,EUNL.DE,19.71
2011-11-11,EUNL.DE,19.94
2011-11-14,EUNL.DE,19.95
2011-11-15,EUNL.DE,19.9
2011-11-16,EUNL.DE,19.98
2011-11-17,EUNL.DE,19.69
2011-11-18,EUNL.DE,19.47
2011-11-21,EUNL.DE,18.92
2011-11-22,EUNL.DE,18.89
2011-11-23,EUNL.DE,18.75
2011-11-24,EUNL.DE,18.71
2011-11-25,EUNL.DE,18.9
2011-11-28,EUNL.DE,19.36
2011-11-29,EUNL.DE,19.49
2011-11-30,EUNL.DE,19.99
2011-12-01,EUNL.DE,19.95
2011-12-02,EUNL.DE,20.24
2011-12-05,EUNL.DE,20.33
2011-12-06,EUNL.DE,20.25
2011-12-07,EUNL.DE,20.26
2011-12-08,EUNL.DE,20.1
2011-12-09,EUNL.DE,20.19
2011-12-12,EUNL.DE,20.02
2011-12-13,EUNL.DE,20.3
2011-12-14,EUNL.DE,19.91
2011-12-15,EUNL.DE,20.0
2011-12-16,EUNL.DE,20.01
2011-12-19,EUNL.DE,19.9
2011-12-20,EUNL.DE,20.18
2011-12-21,EUNL.DE,20.15
2011-12-22,EUNL.DE,20.39
2011-12-23,EUNL.DE,20.6
2011-12-27,EUNL.DE,20.61
2011-12-28,EUNL.DE,20.54
2011-12-29,EUNL.DE,20.66
2011-12-30,EUNL.DE,20.8
2012-01-02,EUNL.DE,21.28
2012-01-03,EUNL.DE,21.06
2012-01-04,EUNL.DE,21.12
2012-01-05,EUNL.DE,21.2
2012-01-06,EUNL.DE,21.32
2012-01-09,EUNL.DE,21.23
2012-01-10,EUNL.DE,21.53
2012-01-11,EUNL.DE,21.53
2012-01-12,EUNL.DE,21.36
2012-01-13,EUNL.DE,21.48
2012-01-16,EUNL.DE,21.66
2012-01-17,EUNL.DE,21.69
2012-01-18,EUNL.DE,21.62
2012-01-19,EUNL.DE,21.77
2012-01-20,EUNL.DE,21.66
2012-01-23,EUNL.DE,21.68
2012-01-24,EUNL.DE,21.68
2012-01-25,EUNL.DE,21.69
2012-01-26,EUNL.DE,21.74
2012-01-27,EUNL.DE,21.57
2012-01-30,EUNL.DE,21.5
2012-01-31,EUNL.DE,21.58
2012-02-01,EUNL.DE,21.78
2012-02-02,EUNL.DE,21.83
2012-02-03,EUNL.DE,22.17
2012-02-06,EUNL.DE,22.14
2012-02-07,EUNL.DE,22.02
2012-02-08,EUNL.DE,22.01
2012-02-09,EUNL.DE,22.04
2012-02-10,EUNL.DE,21.97
2012-02-13,EUNL.DE,22.09
2012-02-14,EUNL.DE,22.13
2012-02-15,EUNL.DE,22.37
2012-02-16,EUNL.DE,22.36
2012-02-17,EUNL.DE,22.38
2012-02-20,EUNL.DE,22.43
2012-02-21,EUNL.DE,22.36
2012-02-22,EUNL.DE,22.22
2012-02-23,EUNL.DE,22.19
2012-02-24,EUNL.DE,22.1
2012-02-27,EUNL.DE,22.13
2012-02-28,EUNL.DE,22.16
2012-02-29,EUNL.DE,22.21
2012-03-01,EUNL.DE,22.41
2012-03-02,EUNL.DE,22.51
2012-03-05,EUNL.DE,22.27
2012-03-06,EUNL.DE,22.03
2012-03-07,EUNL.DE,22.13
2012-03-08,EUNL.DE,22.26
2012-03-09,EUNL.DE,22.57
2012-03-12,EUNL.DE,22.42
2012-03-13,EUNL.DE,22.75
2012-03-14,EUNL.DE,22.94
2012-03-15,EUNL.DE,23.0
2012-03-16,EUNL.DE,22.97
2012-03-19,EUNL.DE,22.92
2012-03-20,EUNL.DE,22.75
2012-03-21,EUNL.DE,22.78
2012-03-22,EUNL.DE,22.61
2012-03-23,EUNL.DE,22.53
2012-03-26,EUNL.DE,22.71
2012-03-27,EUNL.DE,22.77
2012-03-28,EUNL.DE,22.6
2012-03-29,EUNL.DE,22.41
2012-03-30,EUNL.DE,22.53
2012-04-02,EUNL.DE,22.78
2012-04-03,EUNL.DE,22.61
2012-04-04,EUNL.DE,22.47
2012-04-05,EUNL.DE,22.61
2012-04-10,EUNL.DE,22.13
2012-04-11,EUNL.DE,22.15
2012-04-12,EUNL.DE,22.3
2012-04-13,EUNL.DE,22.25
2012-04-16,EUNL.DE,22.2
2012-04-17,EUNL.DE,22.46
2012-04-18,EUNL.DE,22.41
2012-04-19,EUNL.DE,22.36
2012-04-20,EUNL.DE,22.34
2012-04-23,EUNL.DE,22.02
2012-04-24,EUNL.DE,22.12
2012-04-25,EUNL.DE,22.31
2012-04-26,EUNL.DE,22.36
2012-04-27,EUNL.DE,22.48
2012-04-30,EUNL.DE,22.39
2012-05-02,EUNL.DE,22.48
2012-05-03,EUNL.DE,22.48
2012-05-04,EUNL.DE,22.12
2012-05-07,EUNL.DE,22.23
2012-05-08,EUNL.DE,21.94
2012-05-09,EUNL.DE,22.05
2012-05-10,EUNL.DE,22.13
2012-05-11,EUNL.DE,22.23
2012-05-14,EUNL.DE,21.95
2012-05-15,EUNL.DE,21.95
2012-05-16,EUNL.DE,21.82
2012-05-17,EUNL.DE,21.56
2012-05-18,EUNL.DE,21.38
2012-05-21,EUNL.DE,21.4
2012-05-22,EUNL.DE,21.76
2012-05-23,EUNL.DE,21.48
2012-05-24,EUNL.DE,21.77
2012-05-25,EUNL.DE,21.85
2012-05-28,EUNL.DE,21.86
2012-05-29,EUNL.DE,22.03
2012-05-30,EUNL.DE,21.89
2012-05-31,EUNL.DE,21.84
2012-06-01,EUNL.DE,21.43
2012-06-04,EUNL.DE,21.16
2012-06-05,EUNL.DE,21.37
2012-06-06,EUNL.DE,21.75
2012-06-07,EUNL.DE,21.87
2012-06-08,EUNL.DE,21.84
2012-06-11,EUNL.DE,21.9
2012-06-12,EUNL.DE,21.96
2012-06-13,EUNL.DE,21.84
2012-06-14,EUNL.DE,21.84
2012-06-15,EUNL.DE,22.0
2012-06-18,EUNL.DE,22.13
2012-06-19,EUNL.DE,22.29
2012-06-20,EUNL.DE,22.29
2012-06-21,EUNL.DE,22.24
2012-06-22,EUNL.DE,22.09
2012-06-25,EUNL.DE,21.84
2012-06-26,EUNL.DE,21.94
2012-06-27,EUNL.DE,22.23
2012-06-28,EUNL.DE,22.1
2012-06-29,EUNL.DE,22.41
2012-07-02,EUNL.DE,22.63
2012-07-03,EUNL.DE,22.89
2012-07-04,EUNL.DE,23.03
2012-07-05,EUNL.DE,23.14
2012-07-06,EUNL.DE,22.93
2012-07-09,EUNL.DE,22.85
2012-07-10,EUNL.DE,23.0
2012-07-11,EUNL.DE,22.94
2012-07-12,EUNL.DE,22.76
2012-07-13,EUNL.DE,23.03
2012-07-16,EUNL.DE,23.03
2012-07-17,EUNL.DE,23.03
2012-07-18,EUNL.DE,23.29
2012-07-19,EUNL.DE,23.45
2012-07-20,EUNL.DE,23.31
2012-07-23,EUNL.DE,22.94
2012-07-24,EUNL.DE,22.93
2012-07-25,EUNL.DE,22.8
2012-07-26,EUNL.DE,22.96
2012-07-27,EUNL.DE,23.22
2012-07-30,EUNL.DE,23.54
2012-07-31,EUNL.DE,23.45
2012-08-01,EUNL.DE,23.47
2012-08-02,EUNL.DE,23.34
2012-08-03,EUNL.DE,23.58
2012-08-06,EUNL.DE,23.59
2012-08-07,EUNL.DE,23.76
2012-08-08,EUNL.DE,23.84
2012-08-09,EUNL.DE,24.0
2012-08-10,EUNL.DE,23.92
2012-08-13,EUNL.DE,23.8
2012-08-14,EUNL.DE,23.99
2012-08-15,EUNL.DE,23.98
2012-08-16,EUNL.DE,24.03
2012-08-17,EUNL.DE,24.19
2012-08-20,EUNL.DE,24.09
2012-08-21,EUNL.DE,24.03
2012-08-22,EUNL.DE,23.79
2012-08-23,EUNL.DE,23.6
2012-08-24,EUNL.DE,23.67
2012-08-27,EUNL.DE,23.8
2012-08-28,EUNL.DE,23.63
2012-08-29,EUNL.DE,23.6
2012-08-30,EUNL.DE,23.47
2012-08-31,EUNL.DE,23.54
2012-09-03,EUNL.DE,23.57
2012-09-04,EUNL.DE,23.36
2012-09-05,EUNL.DE,23.38
2012-09-06,EUNL.DE,23.79
2012-09-07,EUNL.DE,23.67
2012-09-10,EUNL.DE,23.67
2012-09-11,EUNL.DE,23.65
2012-09-12,EUNL.DE,23.61
2012-09-13,EUNL.DE,23.6
2012-09-14,EUNL.DE,23.79
2012-09-17,EUNL.DE,23.72
2012-09-18,EUNL.DE,23.74
2012-09-19,EUNL.DE,23.79
2012-09-20,EUNL.DE,23.83
2012-09-21,EUNL.DE,23.9
2012-09-24,EUNL.DE,23.85
2012-09-25,EUNL.DE,23.9
2012-09-26,EUNL.DE,23.58
2012-09-27,EUNL.DE,23.71
2012-09-28,EUNL.DE,23.55
2012-10-01,EUNL.DE,23.78
2012-10-02,EUNL.DE,23.57
2012-10-04,EUNL.DE,23.64
2012-10-05,EUNL.DE,23.74
2012-10-08,EUNL.DE,23.58
2012-10-09,EUNL.DE,23.55
2012-10-10,EUNL.DE,23.48
2012-10-11,EUNL.DE,23.51
2012-10-12,EUNL.DE,23.31
2012-10-15,EUNL.DE,23.45
2012-10-16,EUNL.DE,23.64
2012-10-17,EUNL.DE,23.65
2012-10-18,EUNL.DE,23.71
2012-10-19,EUNL.DE,23.58
2012-10-22,EUNL.DE,23.38
2012-10-23,EUNL.DE,23.14
2012-10-24,EUNL.DE,23.28
2012-10-25,EUNL.DE,23.29
2012-10-26,EUNL.DE,23.28
2012-10-29,EUNL.DE,23.24
2012-10-30,EUNL.DE,23.31
2012-10-31,EUNL.DE,23.19
2012-11-01,EUNL.DE,23.52
2012-11-02,EUNL.DE,23.65
2012-11-05,EUNL.DE,23.55
2012-11-06,EUNL.DE,23.69
2012-11-07,EUNL.DE,23.27
2012-11-08,EUNL.DE,23.29
2012-11-09,EUNL.DE,23.29
2012-11-12,EUNL.DE,23.23
2012-11-13,EUNL.DE,23.28
2012-11-14,EUNL.DE,22.99
2012-11-15,EUNL.DE,22.72
2012-11-16,EUNL.DE,22.7
2012-11-19,EUNL.DE,23.07
2012-11-20,EUNL.DE,23.18
2012-11-21,EUNL.DE,23.21
2012-11-22,EUNL.DE,23.29
2012-11-23,EUNL.DE,23.31
2012-11-26,EUNL.DE,23.23
2012-11-27,EUNL.DE,23.33
2012-11-28,EUNL.DE,23.28
2012-11-29,EUNL.DE,23.5
2012-11-30,EUNL.DE,23.44
2012-12-03,EUNL.DE,23.38
2012-12-04,EUNL.DE,23.29
2012-12-05,EUNL.DE,23.34
2012-12-06,EUNL.DE,23.58
2012-12-07,EUNL.DE,23.64
2012-12-10,EUNL.DE,23.75
2012-12-11,EUNL.DE,23.81
2012-12-12,EUNL.DE,23.75
2012-12-13,EUNL.DE,23.63
2012-12-14,EUNL.DE,23.44
2012-12-17,EUNL.DE,23.53
2012-12-18,EUNL.DE,23.62
2012-12-19,EUNL.DE,23.7
2012-12-20,EUNL.DE,23.68
2012-12-21,EUNL.DE,23.64
2012-12-27,EUNL.DE,23.39
2012-12-28,EUNL.DE,23.39
2013-01-02,EUNL.DE,24.04
2013-01-03,EUNL.DE,24.29
2013-01-04,EUNL.DE,24.37
2013-01-07,EUNL.DE,24.21
2013-01-08,EUNL.DE,24.15
2013-01-09,EUNL.DE,24.35
2013-01-10,EUNL.DE,24.17
2013-01-11,EUNL.DE,24.04
2013-01-14,EUNL.DE,23.99
2013-01-15,EUNL.DE,24.04
2013-01-16,EUNL.DE,24.1
2013-01-17,EUNL.DE,24.14
2013-01-18,EUNL.DE,24.2
2013-01-21,EUNL.DE,24.28
2013-01-22,EUNL.DE,24.25
2013-01-23,EUNL.DE,24.32
2013-01-24,EUNL.DE,24.35
2013-01-25,EUNL.DE,24.23
2013-01-28,EUNL.DE,24.25
2013-01-29,EUNL.DE,24.32
2013-01-30,EUNL.DE,24.2
2013-01-31,EUNL.DE,24.06
2013-02-01,EUNL.DE,24.05
2013-02-04,EUNL.DE,24.05
2013-02-05,EUNL.DE,24.09
2013-02-06,EUNL.DE,24.16
2013-02-07,EUNL.DE,24.22
2013-02-08,EUNL.DE,24.5
2013-02-11,EUNL.DE,24.42
2013-02-12,EUNL.DE,24.43
2013-02-13,EUNL.DE,24.49
2013-02-14,EUNL.DE,24.62
2013-02-15,EUNL.DE,24.57
2013-02-18,EUNL.DE,24.56
2013-02-19,EUNL.DE,24.68
2013-02-20,EUNL.DE,24.69
2013-02-21,EUNL.DE,24.52
2013-02-22,EUNL.DE,24.75
2013-02-25,EUNL.DE,24.75
2013-02-26,EUNL.DE,24.6
2013-02-27,EUNL.DE,24.82
2013-02-28,EUNL.DE,25.01
2013-03-01,EUNL.DE,25.1
2013-03-04,EUNL.DE,25.14
2013-03-05,EUNL.DE,25.46
2013-03-06,EUNL.DE,25.49
2013-03-07,EUNL.DE,25.41
2013-03-08,EUNL.DE,25.64
2013-03-11,EUNL.DE,25.65
2013-03-12,EUNL.DE,25.62
2013-03-13,EUNL.DE,25.75
2013-03-14,EUNL.DE,25.86
2013-03-15,EUNL.DE,25.76
2013-03-18,EUNL.DE,25.81
2013-03-19,EUNL.DE,25.77
2013-03-20,EUNL.DE,25.83
2013-03-21,EUNL.DE,25.81
2013-03-22,EUNL.DE,25.73
2013-03-25,EUNL.DE,25.83
2013-03-26,EUNL.DE,25.98
2013-03-27,EUNL.DE,26.07
2013-03-28,EUNL.DE,26.07
2013-04-02,EUNL.DE,26.18
2013-04-03,EUNL.DE,25.97
2013-04-04,EUNL.DE,25.88
2013-04-05,EUNL.DE,25.41
2013-04-08,EUNL.DE,25.54
2013-04-09,EUNL.DE,25.55
2013-04-10,EUNL.DE,25.96
2013-04-11,EUNL.DE,26.06
2013-04-12,EUNL.DE,25.9
2013-04-15,EUNL.DE,25.82
2013-04-16,EUNL.DE,25.55
2013-04-17,EUNL.DE,25.41
2013-04-18,EUNL.DE,25.33
2013-04-19,EUNL.DE,25.43
2013-04-22,EUNL.DE,25.5
2013-04-23,EUNL.DE,25.99
2013-04-24,EUNL.DE,26.11
2013-04-25,EUNL.DE,26.29
2013-04-26,EUNL.DE,26.14
2013-04-29,EUNL.DE,26.24
2013-04-30,EUNL.DE,26.16
2013-05-02,EUNL.DE,26.37
2013-05-03,EUNL.DE,26.58
2013-05-06,EUNL.DE,26.6
2013-05-07,EUNL.DE,26.68
2013-05-08,EUNL.DE,26.71
2013-05-09,EUNL.DE,26.82
2013-05-10,EUNL.DE,27.05
2013-05-13,EUNL.DE,27.06
2013-05-14,EUNL.DE,27.23
2013-05-15,EUNL.DE,27.53
2013-05-16,EUNL.DE,27.51
2013-05-17,EUNL.DE,27.64
2013-05-20,EUNL.DE,27.74
2013-05-21,EUNL.DE,27.69
2013-05-22,EUNL.DE,27.86
2013-05-23,EUNL.DE,27.15
2013-05-24,EUNL.DE,26.98
2013-05-27,EUNL.DE,27.11
2013-05-28,EUNL.DE,27.42
2013-05-29,EUNL.DE,26.83
2013-05-30,EUNL.DE,26.91
2013-05-31,EUNL.DE,26.86
2013-06-03,EUNL.DE,26.29
2013-06-04,EUNL.DE,26.55
2013-06-05,EUNL.DE,26.09
2013-06-06,EUNL.DE,25.77
2013-06-07,EUNL.DE,26.18
2013-06-10,EUNL.DE,26.25
2013-06-11,EUNL.DE,25.96
2013-06-12,EUNL.DE,25.8
2013-06-13,EUNL.DE,25.7
2013-06-14,EUNL.DE,25.81
2013-06-17,EUNL.DE,26.08
2013-06-18,EUNL.DE,26.07
2013-06-19,EUNL.DE,26.1
2013-06-20,EUNL.DE,25.47
2013-06-21,EUNL.DE,25.3
2013-06-24,EUNL.DE,24.94
2013-06-25,EUNL.DE,25.44
2013-06-26,EUNL.DE,25.77
2013-06-27,EUNL.DE,26.05
2013-06-28,EUNL.DE,26.01
2013-07-01,EUNL.DE,26.13
2013-07-02,EUNL.DE,26.18
2013-07-03,EUNL.DE,26.02
2013-07-04,EUNL.DE,26.49
2013-07-05,EUNL.DE,26.4
2013-07-08,EUNL.DE,26.69
2013-07-09,EUNL.DE,27.03
2013-07-10,EUNL.DE,26.95
2013-07-11,EUNL.DE,26.94
2013-07-12,EUNL.DE,26.97
2013-07-15,EUNL.DE,27.12
2013-07-16,EUNL.DE,26.85
2013-07-17,EUNL.DE,27.01
2013-07-18,EUNL.DE,27.24
2013-07-19,EUNL.DE,27.11
2013-07-22,EUNL.DE,27.14
2013-07-23,EUNL.DE,27.06
2013-07-24,EUNL.DE,27.06
2013-07-25,EUNL.DE,26.87
2013-07-26,EUNL.DE,26.73
2013-07-29,EUNL.DE,26.77
2013-07-30,EUNL.DE,26.81
2013-07-31,EUNL.DE,26.86
2013-08-01,EUNL.DE,27.14
2013-08-02,EUNL.DE,27.1
2013-08-05,EUNL.DE,27.17
2013-08-06,EUNL.DE,26.98
2013-08-07,EUNL.DE,26.79
2013-08-08,EUNL.DE,26.79
2013-08-09,EUNL.DE,26.89
2013-08-12,EUNL.DE,26.98
2013-08-13,EUNL.DE,27.12
2013-08-14,EUNL.DE,27.15
2013-08-15,EUNL.DE,26.8
2013-08-16,EUNL.DE,26.73
2013-08-19,EUNL.DE,26.59
2013-08-20,EUNL.DE,26.36
2013-08-21,EUNL.DE,26.25
2013-08-22,EUNL.DE,26.43
2013-08-23,EUNL.DE,26.5
2013-08-26,EUNL.DE,26.62
2013-08-27,EUNL.DE,26.18
2013-08-28,EUNL.DE,26.2
2013-08-29,EUNL.DE,26.44
2013-08-30,EUNL.DE,26.25
2013-09-02,EUNL.DE,26.67
2013-09-03,EUNL.DE,26.62
2013-09-04,EUNL.DE,26.72
2013-09-05,EUNL.DE,26.95
2013-09-06,EUNL.DE,26.98
2013-09-09,EUNL.DE,26.92
2013-09-10,EUNL.DE,27.24
2013-09-11,EUNL.DE,27.19
2013-09-12,EUNL.DE,27.2
2013-09-13,EUNL.DE,27.27
2013-09-16,EUNL.DE,27.43
2013-09-17,EUNL.DE,27.35
2013-09-18,EUNL.DE,27.42
2013-09-19,EUNL.DE,27.48
2013-09-20,EUNL.DE,27.44
2013-09-23,EUNL.DE,27.22
2013-09-24,EUNL.DE,27.31
2013-09-25,EUNL.DE,27.21
2013-09-26,EUNL.DE,27.26
2013-09-27,EUNL.DE,27.11
2013-09-30,EUNL.DE,26.97
2013-10-01,EUNL.DE,27.13
2013-10-02,EUNL.DE,26.91
2013-10-04,EUNL.DE,26.84
2013-10-07,EUNL.DE,26.8
2013-10-08,EUNL.DE,26.56
2013-10-09,EUNL.DE,26.5
2013-10-10,EUNL.DE,26.97
2013-10-11,EUNL.DE,27.13
2013-10-14,EUNL.DE,27.1
2013-10-15,EUNL.DE,27.43
2013-10-16,EUNL.DE,27.53
2013-10-17,EUNL.DE,27.42
2013-10-18,EUNL.DE,27.58
2013-10-21,EUNL.DE,27.65
2013-10-22,EUNL.DE,27.64
2013-10-23,EUNL.DE,27.47
2013-10-24,EUNL.DE,27.54
2013-10-25,EUNL.DE,27.57
2013-10-28,EUNL.DE,27.61
2013-10-29,EUNL.DE,27.76
2013-10-30,EUNL.DE,27.7
2013-10-31,EUNL.DE,27.99
2013-11-01,EUNL.DE,27.99
2013-11-04,EUNL.DE,28.03
2013-11-05,EUNL.DE,28.08
2013-11-06,EUNL.DE,28.12
2013-11-07,EUNL.DE,28.2
2013-11-08,EUNL.DE,28.25
2013-11-11,EUNL.DE,28.26
2013-11-12,EUNL.DE,28.19
2013-11-13,EUNL.DE,28.12
2013-11-14,EUNL.DE,28.36
2013-11-15,EUNL.DE,28.5
2013-11-18,EUNL.DE,28.5
2013-11-19,EUNL.DE,28.34
2013-11-20,EUNL.DE,28.5
2013-11-21,EUNL.DE,28.45
2013-11-22,EUNL.DE,28.39
2013-11-25,EUNL.DE,28.52
2013-11-26,EUNL.DE,28.33
2013-11-27,EUNL.DE,28.4
2013-11-28,EUNL.DE,28.38
2013-11-29,EUNL.DE,28.41
2013-12-02,EUNL.DE,28.4
2013-12-03,EUNL.DE,28.05
2013-12-04,EUNL.DE,28.07
2013-12-05,EUNL.DE,27.73
2013-12-06,EUNL.DE,27.92
2013-12-09,EUNL.DE,27.95
2013-12-10,EUNL.DE,27.76
2013-12-11,EUNL.DE,27.55
2013-12-12,EUNL.DE,27.4
2013-12-13,EUNL.DE,27.4
2013-12-16,EUNL.DE,27.59
2013-12-17,EUNL.DE,27.4
2013-12-18,EUNL.DE,27.52
2013-12-19,EUNL.DE,28.06
2013-12-20,EUNL.DE,28.25
2013-12-23,EUNL.DE,28.34
2013-12-27,EUNL.DE,28.51
2013-12-30,EUNL.DE,28.51
2014-01-02,EUNL.DE,28.56
2014-01-03,EUNL.DE,28.64
2014-01-06,EUNL.DE,28.48
2014-01-07,EUNL.DE,28.73
2014-01-08,EUNL.DE,28.77
2014-01-09,EUNL.DE,28.68
2014-01-10,EUNL.DE,28.61
2014-01-13,EUNL.DE,28.75
2014-01-14,EUNL.DE,28.62
2014-01-15,EUNL.DE,28.97
2014-01-16,EUNL.DE,28.89
2014-01-17,EUNL.DE,29.05
2014-01-20,EUNL.DE,29.01
2014-01-21,EUNL.DE,28.97
2014-01-22,EUNL.DE,29.02
2014-01-23,EUNL.DE,28.57
2014-01-24,EUNL.DE,28.07
2014-01-27,EUNL.DE,27.8
2014-01-28,EUNL.DE,27.94
2014-01-29,EUNL.DE,27.88
2014-01-30,EUNL.DE,28.14
2014-01-31,EUNL.DE,28.06
2014-02-03,EUNL.DE,27.61
2014-02-04,EUNL.DE,27.64
2014-02-05,EUNL.DE,27.54
2014-02-06,EUNL.DE,27.8
2014-02-07,EUNL.DE,27.98
2014-02-10,EUNL.DE,28.06
2014-02-11,EUNL.DE,28.34
2014-02-12,EUNL.DE,28.6
2014-02-13,EUNL.DE,28.49
2014-02-14,EUNL.DE,28.63
2014-02-17,EUNL.DE,28.68
2014-02-18,EUNL.DE,28.68
2014-02-19,EUNL.DE,28.73
2014-02-20,EUNL.DE,28.7
2014-02-21,EUNL.DE,28.78
2014-02-24,EUNL.DE,28.94
2014-02-25,EUNL.DE,28.91
2014-02-26,EUNL.DE,28.97
2014-02-27,EUNL.DE,28.86
2014-02-28,EUNL.DE,28.92
2014-03-03,EUNL.DE,28.47
2014-03-04,EUNL.DE,29.04
2014-03-05,EUNL.DE,29.04
2014-03-06,EUNL.DE,29.01
2014-03-07,EUNL.DE,28.78
2014-03-10,EUNL.DE,28.68
2014-03-11,EUNL.DE,28.72
2014-03-12,EUNL.DE,28.45
2014-03-13,EUNL.DE,28.24
2014-03-14,EUNL.DE,28.05
2014-03-17,EUNL.DE,28.29
2014-03-18,EUNL.DE,28.47
2014-03-19,EUNL.DE,28.41
2014-03-20,EUNL.DE,28.57
2014-03-21,EUNL.DE,28.62
2014-03-24,EUNL.DE,28.32
2014-03-25,EUNL.DE,28.56
2014-03-26,EUNL.DE,28.74
2014-03-27,EUNL.DE,28.64
2014-03-28,EUNL.DE,28.89
2014-03-31,EUNL.DE,28.92
2014-04-01,EUNL.DE,29.03
2014-04-02,EUNL.DE,29.21
2014-04-03,EUNL.DE,29.28
2014-04-04,EUNL.DE,29.36
2014-04-07,EUNL.DE,28.87
2014-04-08,EUNL.DE,28.68
2014-04-09,EUNL.DE,28.78
2014-04-10,EUNL.DE,28.61
2014-04-11,EUNL.DE,28.25
2014-04-14,EUNL.DE,28.44
2014-04-15,EUNL.DE,28.29
2014-04-16,EUNL.DE,28.65
2014-04-17,EUNL.DE,28.77
2014-04-22,EUNL.DE,29.13
2014-04-23,EUNL.DE,29.05
2014-04-24,EUNL.DE,29.03
2014-04-25,EUNL.DE,28.81
2014-04-28,EUNL.DE,28.84
2014-04-29,EUNL.DE,29.09
2014-04-30,EUNL.DE,29.02
2014-05-02,EUNL.DE,29.12
2014-05-05,EUNL.DE,29.05
2014-05-06,EUNL.DE,28.92
2014-05-07,EUNL.DE,28.88
2014-05-08,EUNL.DE,29.23
2014-05-09,EUNL.DE,29.18
2014-05-12,EUNL.DE,29.45
2014-05-13,EUNL.DE,29.64
2014-05-14,EUNL.DE,29.6
2014-05-15,EUNL.DE,29.26
2014-05-16,EUNL.DE,29.37
2014-05-19,EUNL.DE,29.42
2014-05-20,EUNL.DE,29.4
2014-05-21,EUNL.DE,29.54
2014-05-22,EUNL.DE,29.73
2014-05-23,EUNL.DE,29.84
2014-05-26,EUNL.DE,29.98
2014-05-27,EUNL.DE,30.0
2014-05-28,EUNL.DE,30.06
2014-05-29,EUNL.DE,30.1
2014-05-30,EUNL.DE,30.1
2014-06-02,EUNL.DE,30.25
2014-06-03,EUNL.DE,30.18
2014-06-04,EUNL.DE,30.21
2014-06-05,EUNL.DE,30.32
2014-06-06,EUNL.DE,30.48
2014-06-09,EUNL.DE,30.68
2014-06-10,EUNL.DE,30.69
2014-06-11,EUNL.DE,30.63
2014-06-12,EUNL.DE,30.6
2014-06-13,EUNL.DE,30.58
2014-06-16,EUNL.DE,30.45
2014-06-17,EUNL.DE,30.59
2014-06-18,EUNL.DE,30.57
2014-06-19,EUNL.DE,30.75
2014-06-20,EUNL.DE,30.86
2014-06-23,EUNL.DE,30.76
2014-06-24,EUNL.DE,30.83
2014-06-25,EUNL.DE,30.54
2014-06-26,EUNL.DE,30.59
2014-06-27,EUNL.DE,30.59
2014-06-30,EUNL.DE,30.56
2014-07-01,EUNL.DE,30.79
2014-07-02,EUNL.DE,30.88
2014-07-03,EUNL.DE,31.11
2014-07-04,EUNL.DE,31.1
2014-07-07,EUNL.DE,30.93
2014-07-08,EUNL.DE,30.66
2014-07-09,EUNL.DE,30.68
2014-07-10,EUNL.DE,30.57
2014-07-11,EUNL.DE,30.6
2014-07-14,EUNL.DE,30.81
2014-07-15,EUNL.DE,30.79
2014-07-16,EUNL.DE,31.04
2014-07-17,EUNL.DE,30.95
2014-07-18,EUNL.DE,30.96
2014-07-21,EUNL.DE,30.85
2014-07-22,EUNL.DE,31.21
2014-07-23,EUNL.DE,31.29
2014-07-24,EUNL.DE,31.35
2014-07-25,EUNL.DE,31.22
2014-07-28,EUNL.DE,31.17
2014-07-29,EUNL.DE,31.25
2014-07-30,EUNL.DE,31.21
2014-07-31,EUNL.DE,30.83
2014-08-01,EUNL.DE,30.44
2014-08-04,EUNL.DE,30.48
2014-08-05,EUNL.DE,30.61
2014-08-06,EUNL.DE,30.51
2014-08-07,EUNL.DE,30.37
2014-08-08,EUNL.DE,30.12
2014-08-11,EUNL.DE,30.62
2014-08-12,EUNL.DE,30.53
2014-08-13,EUNL.DE,30.76
2014-08-14,EUNL.DE,30.79
2014-08-15,EUNL.DE,30.71
2014-08-18,EUNL.DE,31.1
2014-08-19,EUNL.DE,31.29
2014-08-20,EUNL.DE,31.4
2014-08-21,EUNL.DE,31.54
2014-08-22,EUNL.DE,31.55
2014-08-25,EUNL.DE,31.88
2014-08-26,EUNL.DE,31.94
2014-08-27,EUNL.DE,31.88
2014-08-28,EUNL.DE,31.82
2014-08-29,EUNL.DE,31.97
2014-09-01,EUNL.DE,32.03
2014-09-02,EUNL.DE,32.04
2014-09-03,EUNL.DE,32.11
2014-09-04,EUNL.DE,32.55
2014-09-05,EUNL.DE,32.37
2014-09-08,EUNL.DE,32.47
2014-09-09,EUNL.DE,32.35
2014-09-10,EUNL.DE,32.3
2014-09-11,EUNL.DE,32.27
2014-09-12,EUNL.DE,32.18
2014-09-15,EUNL.DE,32.08
2014-09-16,EUNL.DE,32.16
2014-09-17,EUNL.DE,32.23
2014-09-18,EUNL.DE,32.51
2014-09-19,EUNL.DE,32.66
2014-09-22,EUNL.DE,32.45
2014-09-23,EUNL.DE,32.2
2014-09-24,EUNL.DE,32.45
2014-09-25,EUNL.DE,32.26
2014-09-26,EUNL.DE,32.3
2014-09-29,EUNL.DE,32.29
2014-09-30,EUNL.DE,32.56
2014-10-01,EUNL.DE,32.24
2014-10-02,EUNL.DE,31.55
2014-10-06,EUNL.DE,32.26
2014-10-07,EUNL.DE,31.82
2014-10-08,EUNL.DE,31.47
2014-10-09,EUNL.DE,31.63
2014-10-10,EUNL.DE,31.15
2014-10-13,EUNL.DE,30.87
2014-10-14,EUNL.DE,30.79
2014-10-15,EUNL.DE,29.89
2014-10-16,EUNL.DE,30.0
2014-10-17,EUNL.DE,30.66
2014-10-20,EUNL.DE,30.55
2014-10-21,EUNL.DE,31.27
2014-10-22,EUNL.DE,31.65
2014-10-23,EUNL.DE,31.75
2014-10-24,EUNL.DE,31.73
2014-10-27,EUNL.DE,31.61
2014-10-28,EUNL.DE,31.76
2014-10-29,EUNL.DE,31.89
2014-10-30,EUNL.DE,32.26
2014-10-31,EUNL.DE,32.95
2014-11-03,EUNL.DE,33.0
2014-11-04,EUNL.DE,32.57
2014-11-05,EUNL.DE,32.97
2014-11-06,EUNL.DE,33.16
2014-11-07,EUNL.DE,33.21
2014-11-10,EUNL.DE,33.33
2014-11-11,EUNL.DE,33.37
2014-11-12,EUNL.DE,33.22
2014-11-13,EUNL.DE,33.21
2014-11-14,EUNL.DE,33.22
2014-11-17,EUNL.DE,33.23
2014-11-18,EUNL.DE,33.32
2014-11-19,EUNL.DE,33.18
2014-11-20,EUNL.DE,33.3
2014-11-21,EUNL.DE,33.9
2014-11-24,EUNL.DE,33.82
2014-11-25,EUNL.DE,33.78
2014-11-26,EUNL.DE,33.74
2014-11-27,EUNL.DE,33.85
2014-11-28,EUNL.DE,33.89
2014-12-01,EUNL.DE,33.5
2014-12-02,EUNL.DE,33.85
2014-12-03,EUNL.DE,34.14
2014-12-04,EUNL.DE,33.7
2014-12-05,EUNL.DE,34.2
2014-12-08,EUNL.DE,34.06
2014-12-09,EUNL.DE,33.31
2014-12-10,EUNL.DE,33.21
2014-12-11,EUNL.DE,33.38
2014-12-12,EUNL.DE,32.57
2014-12-15,EUNL.DE,32.08
2014-12-16,EUNL.DE,32.49
2014-12-17,EUNL.DE,32.42
2014-12-18,EUNL.DE,33.41
2014-12-19,EUNL.DE,33.95
2014-12-22,EUNL.DE,34.0
2014-12-23,EUNL.DE,34.31
2014-12-29,EUNL.DE,34.45
2014-12-30,EUNL.DE,34.32
2015-01-02,EUNL.DE,34.26
2015-01-05,EUNL.DE,33.94
2015-01-06,EUNL.DE,33.53
2015-01-07,EUNL.DE,34.06
2015-01-08,EUNL.DE,34.77
2015-01-09,EUNL.DE,34.41
2015-01-12,EUNL.DE,34.37
2015-01-13,EUNL.DE,34.76
2015-01-14,EUNL.DE,33.98
2015-01-15,EUNL.DE,34.85
2015-01-16,EUNL.DE,35.09
2015-01-19,EUNL.DE,35.01
2015-01-20,EUNL.DE,35.17
2015-01-21,EUNL.DE,35.43
2015-01-22,EUNL.DE,36.09
2015-01-23,EUNL.DE,36.76
2015-01-26,EUNL.DE,36.73
2015-01-27,EUNL.DE,36.25
2015-01-28,EUNL.DE,36.37
2015-01-29,EUNL.DE,36.01
2015-01-30,EUNL.DE,36.07
2015-02-02,EUNL.DE,36.04
2015-02-03,EUNL.DE,36.09
2015-02-04,EUNL.DE,36.49
2015-02-05,EUNL.DE,36.66
2015-02-06,EUNL.DE,36.94
2015-02-09,EUNL.DE,36.75
2015-02-10,EUNL.DE,36.87
2015-02-11,EUNL.DE,36.97
2015-02-12,EUNL.DE,36.97
2015-02-13,EUNL.DE,37.22
2015-02-16,EUNL.DE,37.31
2015-02-17,EUNL.DE,37.31
2015-02-18,EUNL.DE,37.54
2015-02-19,EUNL.DE,37.55
2015-02-20,EUNL.DE,37.6
2015-02-23,EUNL.DE,37.86
2015-02-24,EUNL.DE,38.04
2015-02-25,EUNL.DE,37.96
2015-02-26,EUNL.DE,38.46
2015-02-27,EUNL.DE,38.44
2015-03-02,EUNL.DE,38.52
2015-03-03,EUNL.DE,38.24
2015-03-04,EUNL.DE,38.57
2015-03-05,EUNL.DE,38.87
2015-03-06,EUNL.DE,39.04
2015-03-09,EUNL.DE,38.96
2015-03-10,EUNL.DE,38.84
2015-03-11,EUNL.DE,39.35
2015-03-12,EUNL.DE,39.55
2015-03-13,EUNL.DE,39.61
2015-03-16,EUNL.DE,39.85
2015-03-17,EUNL.DE,39.74
2015-03-18,EUNL.DE,39.69
2015-03-19,EUNL.DE,39.97
2015-03-20,EUNL.DE,39.85
2015-03-23,EUNL.DE,39.58
2015-03-24,EUNL.DE,39.56
2015-03-25,EUNL.DE,38.94
2015-03-26,EUNL.DE,38.85
2015-03-27,EUNL.DE,38.87
2015-03-30,EUNL.DE,39.49
2015-03-31,EUNL.DE,39.52
2015-04-01,EUNL.DE,39.28
2015-04-02,EUNL.DE,39.19
2015-04-07,EUNL.DE,39.74
2015-04-08,EUNL.DE,39.84
2015-04-09,EUNL.DE,40.26
2015-04-10,EUNL.DE,40.82
2015-04-13,EUNL.DE,40.91
2015-04-14,EUNL.DE,40.51
2015-04-15,EUNL.DE,40.91
2015-04-16,EUNL.DE,40.54
2015-04-17,EUNL.DE,39.91
2015-04-20,EUNL.DE,40.28
2015-04-21,EUNL.DE,40.41
2015-04-22,EUNL.DE,40.44
2015-04-23,EUNL.DE,40.35
2015-04-24,EUNL.DE,40.38
2015-04-27,EUNL.DE,40.44
2015-04-28,EUNL.DE,40.01
2015-04-29,EUNL.DE,39.16
2015-04-30,EUNL.DE,38.84
2015-05-04,EUNL.DE,39.21
2015-05-05,EUNL.DE,38.68
2015-05-06,EUNL.DE,38.13
2015-05-07,EUNL.DE,38.25
2015-05-08,EUNL.DE,39.09
2015-05-11,EUNL.DE,39.22
2015-05-12,EUNL.DE,38.73
2015-05-13,EUNL.DE,38.47
2015-05-14,EUNL.DE,38.75
2015-05-15,EUNL.DE,38.53
2015-05-18,EUNL.DE,38.9
2015-05-19,EUNL.DE,39.62
2015-05-20,EUNL.DE,39.75
2015-05-21,EUNL.DE,39.83
2015-05-22,EUNL.DE,40.0
2015-05-26,EUNL.DE,40.06
2015-05-27,EUNL.DE,40.23
2015-05-28,EUNL.DE,40.1
2015-05-29,EUNL.DE,39.58
2015-06-01,EUNL.DE,39.79
2015-06-02,EUNL.DE,39.15
2015-06-03,EUNL.DE,38.93
2015-06-04,EUNL.DE,38.54
2015-06-05,EUNL.DE,38.75
2015-06-08,EUNL.DE,38.27
2015-06-09,EUNL.DE,38.03
2015-06-10,EUNL.DE,38.45
2015-06-11,EUNL.DE,38.7
2015-06-12,EUNL.DE,38.41
2015-06-15,EUNL.DE,38.14
2015-06-16,EUNL.DE,38.33
2015-06-17,EUNL.DE,38.28
2015-06-18,EUNL.DE,38.23
2015-06-19,EUNL.DE,38.39
2015-06-22,EUNL.DE,38.71
2015-06-23,EUNL.DE,39.29
2015-06-24,EUNL.DE,39.21
2015-06-25,EUNL.DE,39.08
2015-06-26,EUNL.DE,39.06
2015-06-29,EUNL.DE,38.28
2015-06-30,EUNL.DE,38.14
2015-07-01,EUNL.DE,38.63
2015-07-02,EUNL.DE,38.52
2015-07-03,EUNL.DE,38.48
2015-07-06,EUNL.DE,38.34
2015-07-07,EUNL.DE,38.06
2015-07-08,EUNL.DE,37.81
2015-07-09,EUNL.DE,38.23
2015-07-10,EUNL.DE,38.29
2015-07-13,EUNL.DE,39.14
2015-07-14,EUNL.DE,39.38
2015-07-15,EUNL.DE,39.58
2015-07-16,EUNL.DE,40.05
2015-07-17,EUNL.DE,40.17
2015-07-20,EUNL.DE,40.25
2015-07-21,EUNL.DE,39.83
2015-07-22,EUNL.DE,39.7
2015-07-23,EUNL.DE,39.42
2015-07-24,EUNL.DE,39.12
2015-07-27,EUNL.DE,38.19
2015-07-28,EUNL.DE,38.62
2015-07-29,EUNL.DE,39.05
2015-07-30,EUNL.DE,39.42
2015-07-31,EUNL.DE,39.28
2015-08-03,EUNL.DE,39.42
2015-08-04,EUNL.DE,39.36
2015-08-05,EUNL.DE,39.9
2015-08-06,EUNL.DE,39.34
2015-08-07,EUNL.DE,39.01
2015-08-10,EUNL.DE,39.4
2015-08-11,EUNL.DE,38.74
2015-08-12,EUNL.DE,37.82
2015-08-13,EUNL.DE,38.37
2015-08-14,EUNL.DE,38.4
2015-08-17,EUNL.DE,38.69
2015-08-18,EUNL.DE,38.81
2015-08-19,EUNL.DE,38.17
2015-08-20,EUNL.DE,37.35
2015-08-21,EUNL.DE,35.89
2015-08-24,EUNL.DE,33.65
2015-08-25,EUNL.DE,34.89
2015-08-26,EUNL.DE,34.14
2015-08-27,EUNL.DE,35.99
2015-08-28,EUNL.DE,36.33
2015-08-31,EUNL.DE,36.08
2015-09-01,EUNL.DE,35.08
2015-09-02,EUNL.DE,35.05
2015-09-03,EUNL.DE,36.16
2015-09-04,EUNL.DE,35.17
2015-09-07,EUNL.DE,35.31
2015-09-08,EUNL.DE,35.6
2015-09-09,EUNL.DE,36.11
2015-09-10,EUNL.DE,35.41
2015-09-11,EUNL.DE,35.11
2015-09-14,EUNL.DE,35.17
2015-09-15,EUNL.DE,35.54
2015-09-16,EUNL.DE,35.92
2015-09-17,EUNL.DE,35.96
2015-09-18,EUNL.DE,35.27
2015-09-21,EUNL.DE,35.82
2015-09-22,EUNL.DE,35.06
2015-09-23,EUNL.DE,35.09
2015-09-24,EUNL.DE,34.29
2015-09-25,EUNL.DE,35.23
2015-09-28,EUNL.DE,34.25
2015-09-29,EUNL.DE,33.96
2015-09-30,EUNL.DE,34.78
2015-10-01,EUNL.DE,34.73
2015-10-02,EUNL.DE,34.73
2015-10-05,EUNL.DE,35.9
2015-10-06,EUNL.DE,35.88
2015-10-07,EUNL.DE,36.0
2015-10-08,EUNL.DE,36.14
2015-10-09,EUNL.DE,36.25
2015-10-12,EUNL.DE,36.19
2015-10-13,EUNL.DE,36.07
2015-10-14,EUNL.DE,35.51
2015-10-15,EUNL.DE,35.93
2015-10-16,EUNL.DE,36.41
2015-10-19,EUNL.DE,36.5
2015-10-20,EUNL.DE,36.37
2015-10-21,EUNL.DE,36.44
2015-10-22,EUNL.DE,37.27
2015-10-23,EUNL.DE,38.08
2015-10-26,EUNL.DE,37.99
2015-10-27,EUNL.DE,37.73
2015-10-28,EUNL.DE,38.03
2015-10-29,EUNL.DE,38.34
2015-10-30,EUNL.DE,38.17
2015-11-02,EUNL.DE,38.21
2015-11-03,EUNL.DE,38.63
2015-11-04,EUNL.DE,38.87
2015-11-05,EUNL.DE,38.73
2015-11-06,EUNL.DE,39.03
2015-11-09,EUNL.DE,38.59
2015-11-10,EUNL.DE,38.87
2015-11-11,EUNL.DE,38.91
2015-11-12,EUNL.DE,38.42
2015-11-13,EUNL.DE,38.09
2015-11-16,EUNL.DE,38.12
2015-11-17,EUNL.DE,39.04
2015-11-18,EUNL.DE,39.09
2015-11-19,EUNL.DE,39.06
2015-11-20,EUNL.DE,39.51
2015-11-23,EUNL.DE,39.57
2015-11-24,EUNL.DE,39.25
2015-11-25,EUNL.DE,39.52
2015-11-26,EUNL.DE,39.75
2015-11-27,EUNL.DE,39.62
2015-11-30,EUNL.DE,39.66
2015-12-01,EUNL.DE,39.62
2015-12-02,EUNL.DE,39.79
2015-12-03,EUNL.DE,38.24
2015-12-04,EUNL.DE,38.29
2015-12-07,EUNL.DE,38.31
2015-12-08,EUNL.DE,37.86
2015-12-09,EUNL.DE,37.59
2015-12-10,EUNL.DE,37.59
2015-12-11,EUNL.DE,36.78
2015-12-14,EUNL.DE,36.17
2015-12-15,EUNL.DE,37.29
2015-12-16,EUNL.DE,37.4
2015-12-17,EUNL.DE,37.88
2015-12-18,EUNL.DE,37.35
2015-12-21,EUNL.DE,36.85
2015-12-22,EUNL.DE,37.04
2015-12-23,EUNL.DE,37.92
2015-12-25,EUNL.DE,37.92
2015-12-28,EUNL.DE,37.42
2015-12-29,EUNL.DE,38.21
2015-12-30,EUNL.DE,38.03
2016-01-04,EUNL.DE,37.03
2016-01-05,EUNL.DE,37.57
2016-01-06,EUNL.DE,37.09
2016-01-07,EUNL.DE,36.12
2016-01-08,EUNL.DE,35.38
2016-01-11,EUNL.DE,35.24
2016-01-12,EUNL.DE,35.41
2016-01-13,EUNL.DE,35.72
2016-01-14,EUNL.DE,35.04
2016-01-15,EUNL.DE,34.18
2016-01-18,EUNL.DE,34.33
2016-01-19,EUNL.DE,34.62
2016-01-20,EUNL.DE,33.49
2016-01-21,EUNL.DE,34.39
2016-01-22,EUNL.DE,34.99
2016-01-25,EUNL.DE,34.85
2016-01-26,EUNL.DE,34.94
2016-01-27,EUNL.DE,35.06
2016-01-28,EUNL.DE,34.49
2016-01-29,EUNL.DE,35.45
2016-02-01,EUNL.DE,35.51
2016-02-02,EUNL.DE,35.02
2016-02-03,EUNL.DE,34.13
2016-02-04,EUNL.DE,34.17
2016-02-05,EUNL.DE,33.84
2016-02-08,EUNL.DE,32.87
2016-02-09,EUNL.DE,32.46
2016-02-10,EUNL.DE,32.94
2016-02-11,EUNL.DE,31.7
2016-02-12,EUNL.DE,32.76
2016-02-15,EUNL.DE,33.65
2016-02-16,EUNL.DE,33.58
2016-02-17,EUNL.DE,34.4
2016-02-18,EUNL.DE,34.49
2016-02-19,EUNL.DE,34.27
2016-02-22,EUNL.DE,35.02
2016-02-23,EUNL.DE,34.63
2016-02-24,EUNL.DE,34.01
2016-02-25,EUNL.DE,34.66
2016-02-26,EUNL.DE,35.36
2016-02-29,EUNL.DE,35.59
2016-03-01,EUNL.DE,35.92
2016-03-02,EUNL.DE,36.23
2016-03-03,EUNL.DE,36.02
2016-03-04,EUNL.DE,36.28
2016-03-07,EUNL.DE,36.25
2016-03-08,EUNL.DE,35.82
2016-03-09,EUNL.DE,35.98
2016-03-10,EUNL.DE,35.23
2016-03-11,EUNL.DE,36.08
2016-03-14,EUNL.DE,36.33
2016-03-15,EUNL.DE,36.02
2016-03-16,EUNL.DE,36.18
2016-03-17,EUNL.DE,35.99
2016-03-18,EUNL.DE,36.2
2016-03-21,EUNL.DE,36.25
2016-03-22,EUNL.DE,36.42
2016-03-23,EUNL.DE,36.3
2016-03-24,EUNL.DE,35.87
2016-03-29,EUNL.DE,36.03
2016-03-30,EUNL.DE,36.27
2016-03-31,EUNL.DE,35.99
2016-04-01,EUNL.DE,35.77
2016-04-04,EUNL.DE,35.84
2016-04-05,EUNL.DE,35.31
2016-04-06,EUNL.DE,35.52
2016-04-07,EUNL.DE,35.4
2016-04-08,EUNL.DE,35.6
2016-04-11,EUNL.DE,35.61
2016-04-12,EUNL.DE,35.89
2016-04-13,EUNL.DE,36.74
2016-04-14,EUNL.DE,36.98
2016-04-15,EUNL.DE,36.77
2016-04-18,EUNL.DE,36.83
2016-04-19,EUNL.DE,37.08
2016-04-20,EUNL.DE,37.33
2016-04-21,EUNL.DE,37.3
2016-04-22,EUNL.DE,37.29
2016-04-25,EUNL.DE,37.08
2016-04-26,EUNL.DE,37.09
2016-04-27,EUNL.DE,37.11
2016-04-28,EUNL.DE,37.14
2016-04-29,EUNL.DE,36.05
2016-05-02,EUNL.DE,36.17
2016-05-03,EUNL.DE,35.76
2016-05-04,EUNL.DE,35.58
2016-05-05,EUNL.DE,35.95
2016-05-06,EUNL.DE,35.7
2016-05-09,EUNL.DE,35.87
2016-05-10,EUNL.DE,36.34
2016-05-11,EUNL.DE,36.2
2016-05-12,EUNL.DE,36.05
2016-05-13,EUNL.DE,36.36
2016-05-17,EUNL.DE,36.29
2016-05-18,EUNL.DE,36.43
2016-05-19,EUNL.DE,36.09
2016-05-20,EUNL.DE,36.63
2016-05-23,EUNL.DE,36.46
2016-05-24,EUNL.DE,37.1
2016-05-25,EUNL.DE,37.42
2016-05-26,EUNL.DE,37.38
2016-05-27,EUNL.DE,37.6
2016-05-30,EUNL.DE,37.69
2016-05-31,EUNL.DE,37.56
2016-06-01,EUNL.DE,37.33
2016-06-02,EUNL.DE,37.38
2016-06-03,EUNL.DE,36.86
2016-06-06,EUNL.DE,37.1
2016-06-07,EUNL.DE,37.39
2016-06-08,EUNL.DE,37.23
2016-06-09,EUNL.DE,37.2
2016-06-10,EUNL.DE,36.91
2016-06-13,EUNL.DE,36.51
2016-06-14,EUNL.DE,36.24
2016-06-15,EUNL.DE,36.36
2016-06-16,EUNL.DE,36.32
2016-06-17,EUNL.DE,36.22
2016-06-20,EUNL.DE,36.92
2016-06-21,EUNL.DE,37.02
2016-06-22,EUNL.DE,37.09
2016-06-23,EUNL.DE,37.2
2016-06-24,EUNL.DE,36.45
2016-06-27,EUNL.DE,35.68
2016-06-28,EUNL.DE,36.09
2016-06-29,EUNL.DE,36.79
2016-06-30,EUNL.DE,37.14
2016-07-01,EUNL.DE,37.31
2016-07-04,EUNL.DE,37.32
2016-07-05,EUNL.DE,37.03
2016-07-06,EUNL.DE,36.95
2016-07-07,EUNL.DE,37.25
2016-07-08,EUNL.DE,37.71
2016-07-11,EUNL.DE,38.14
2016-07-12,EUNL.DE,38.38
2016-07-13,EUNL.DE,38.18
2016-07-14,EUNL.DE,38.48
2016-07-15,EUNL.DE,38.52
2016-07-18,EUNL.DE,38.51
2016-07-19,EUNL.DE,38.6
2016-07-20,EUNL.DE,38.92
2016-07-21,EUNL.DE,38.83
2016-07-22,EUNL.DE,38.89
2016-07-25,EUNL.DE,38.83
2016-07-26,EUNL.DE,38.85
2016-07-27,EUNL.DE,38.9
2016-07-28,EUNL.DE,38.46
2016-07-29,EUNL.DE,38.57
2016-08-01,EUNL.DE,38.52
2016-08-02,EUNL.DE,37.94
2016-08-03,EUNL.DE,38.13
2016-08-04,EUNL.DE,38.44
2016-08-05,EUNL.DE,38.89
2016-08-08,EUNL.DE,38.95
2016-08-09,EUNL.DE,39.04
2016-08-10,EUNL.DE,38.73
2016-08-11,EUNL.DE,39.01
2016-08-12,EUNL.DE,38.95
2016-08-15,EUNL.DE,39.0
2016-08-16,EUNL.DE,38.54
2016-08-17,EUNL.DE,38.37
2016-08-18,EUNL.DE,38.47
2016-08-19,EUNL.DE,38.36
2016-08-22,EUNL.DE,38.34
2016-08-23,EUNL.DE,38.58
2016-08-24,EUNL.DE,38.73
2016-08-25,EUNL.DE,38.53
2016-08-26,EUNL.DE,38.69
2016-08-29,EUNL.DE,38.79
2016-08-30,EUNL.DE,38.83
2016-08-31,EUNL.DE,38.67
2016-09-01,EUNL.DE,38.54
2016-09-02,EUNL.DE,39.07
2016-09-05,EUNL.DE,39.13
2016-09-06,EUNL.DE,38.93
2016-09-07,EUNL.DE,38.99
2016-09-08,EUNL.DE,38.87
2016-09-09,EUNL.DE,38.53
2016-09-12,EUNL.DE,38.16
2016-09-13,EUNL.DE,37.78
2016-09-14,EUNL.DE,37.8
2016-09-15,EUNL.DE,38.1
2016-09-16,EUNL.DE,38.09
2016-09-19,EUNL.DE,38.38
2016-09-20,EUNL.DE,38.34
2016-09-21,EUNL.DE,38.57
2016-09-22,EUNL.DE,38.91
2016-09-23,EUNL.DE,38.82
2016-09-26,EUNL.DE,38.25
2016-09-27,EUNL.DE,38.55
2016-09-28,EUNL.DE,38.59
2016-09-29,EUNL.DE,38.66
2016-09-30,EUNL.DE,38.71
2016-10-04,EUNL.DE,38.9
2016-10-05,EUNL.DE,38.71
2016-10-06,EUNL.DE,38.64
2016-10-07,EUNL.DE,38.55
2016-10-10,EUNL.DE,38.86
2016-10-11,EUNL.DE,38.69
2016-10-12,EUNL.DE,38.79
2016-10-13,EUNL.DE,38.44
2016-10-14,EUNL.DE,38.86
2016-10-17,EUNL.DE,38.68
2016-10-18,EUNL.DE,39.01
2016-10-19,EUNL.DE,39.19
2016-10-20,EUNL.DE,39.19
2016-10-21,EUNL.DE,39.35
2016-10-24,EUNL.DE,39.48
2016-10-25,EUNL.DE,39.38
2016-10-26,EUNL.DE,39.27
2016-10-27,EUNL.DE,39.2
2016-10-28,EUNL.DE,39.11
2016-10-31,EUNL.DE,38.91
2016-11-01,EUNL.DE,38.36
2016-11-02,EUNL.DE,37.91
2016-11-03,EUNL.DE,37.87
2016-11-04,EUNL.DE,37.72
2016-11-07,EUNL.DE,38.44
2016-11-08,EUNL.DE,38.58
2016-11-09,EUNL.DE,39.2
2016-11-10,EUNL.DE,39.36
2016-11-11,EUNL.DE,39.38
2016-11-14,EUNL.DE,39.8
2016-11-15,EUNL.DE,39.92
2016-11-16,EUNL.DE,40.14
2016-11-17,EUNL.DE,40.36
2016-11-18,EUNL.DE,40.41
2016-11-21,EUNL.DE,40.6
2016-11-22,EUNL.DE,40.65
2016-11-23,EUNL.DE,40.84
2016-11-24,EUNL.DE,40.98
2016-11-25,EUNL.DE,40.91
2016-11-28,EUNL.DE,40.88
2016-11-29,EUNL.DE,40.85
2016-11-30,EUNL.DE,41.0
2016-12-01,EUNL.DE,40.67
2016-12-02,EUNL.DE,40.46
2016-12-05,EUNL.DE,40.51
2016-12-06,EUNL.DE,40.55
2016-12-07,EUNL.DE,40.8
2016-12-08,EUNL.DE,41.69
2016-12-09,EUNL.DE,42.12
2016-12-12,EUNL.DE,41.96
2016-12-13,EUNL.DE,42.05
2016-12-14,EUNL.DE,41.92
2016-12-15,EUNL.DE,42.76
2016-12-16,EUNL.DE,42.53
2016-12-19,EUNL.DE,42.55
2016-12-20,EUNL.DE,42.8
2016-12-21,EUNL.DE,42.66
2016-12-22,EUNL.DE,42.41
2016-12-23,EUNL.DE,42.45
2016-12-27,EUNL.DE,42.57
2016-12-28,EUNL.DE,42.7
2016-12-29,EUNL.DE,42.22
2016-12-30,EUNL.DE,42.18
2017-01-02,EUNL.DE,42.51
2017-01-03,EUNL.DE,42.62
2017-01-04,EUNL.DE,42.74
2017-01-05,EUNL.DE,42.44
2017-01-06,EUNL.DE,42.65
2017-01-09,EUNL.DE,42.57
2017-01-10,EUNL.DE,42.59
2017-01-11,EUNL.DE,42.67
2017-01-12,EUNL.DE,42.14
2017-01-13,EUNL.DE,42.61
2017-01-16,EUNL.DE,42.49
2017-01-17,EUNL.DE,42.09
2017-01-18,EUNL.DE,42.2
2017-01-19,EUNL.DE,42.32
2017-01-20,EUNL.DE,42.25
2017-01-23,EUNL.DE,41.86
2017-01-24,EUNL.DE,42.03
2017-01-25,EUNL.DE,42.47
2017-01-26,EUNL.DE,42.82
2017-01-27,EUNL.DE,42.62
2017-01-30,EUNL.DE,42.22
2017-01-31,EUNL.DE,41.77
2017-02-01,EUNL.DE,42.12
2017-02-02,EUNL.DE,42.03
2017-02-03,EUNL.DE,42.33
2017-02-06,EUNL.DE,42.35
2017-02-07,EUNL.DE,42.53
2017-02-08,EUNL.DE,42.54
2017-02-09,EUNL.DE,42.9
2017-02-10,EUNL.DE,43.12
2017-02-13,EUNL.DE,43.49
2017-02-14,EUNL.DE,43.55
2017-02-15,EUNL.DE,43.73
2017-02-16,EUNL.DE,43.46
2017-02-17,EUNL.DE,43.62
2017-02-20,EUNL.DE,43.8
2017-02-21,EUNL.DE,44.16
2017-02-22,EUNL.DE,44.19
2017-02-23,EUNL.DE,44.07
2017-02-24,EUNL.DE,43.92
2017-02-27,EUNL.DE,43.84
2017-02-28,EUNL.DE,43.86
2017-03-01,EUNL.DE,44.51
2017-03-02,EUNL.DE,44.52
2017-03-03,EUNL.DE,44.3
2017-03-06,EUNL.DE,44.08
2017-03-07,EUNL.DE,44.05
2017-03-08,EUNL.DE,44.14
2017-03-09,EUNL.DE,44.01
2017-03-10,EUNL.DE,43.81
2017-03-13,EUNL.DE,43.9
2017-03-14,EUNL.DE,43.82
2017-03-15,EUNL.DE,44.1
2017-03-16,EUNL.DE,43.97
2017-03-17,EUNL.DE,43.97
2017-03-20,EUNL.DE,43.88
2017-03-21,EUNL.DE,43.3
2017-03-22,EUNL.DE,43.19
2017-03-23,EUNL.DE,43.53
2017-03-24,EUNL.DE,43.38
2017-03-27,EUNL.DE,42.92
2017-03-28,EUNL.DE,43.28
2017-03-29,EUNL.DE,43.76
2017-03-30,EUNL.DE,44.02
2017-03-31,EUNL.DE,44.07
2017-04-03,EUNL.DE,43.9
2017-04-04,EUNL.DE,44.0
2017-04-05,EUNL.DE,44.17
2017-04-06,EUNL.DE,44.08
2017-04-07,EUNL.DE,44.17
2017-04-10,EUNL.DE,44.22
2017-04-11,EUNL.DE,43.96
2017-04-12,EUNL.DE,44.04
2017-04-13,EUNL.DE,43.98
2017-04-18,EUNL.DE,43.51
2017-04-19,EUNL.DE,43.64
2017-04-20,EUNL.DE,43.47
2017-04-21,EUNL.DE,43.76
2017-04-24,EUNL.DE,43.74
2017-04-25,EUNL.DE,43.72
2017-04-26,EUNL.DE,44.09
2017-04-27,EUNL.DE,43.94
2017-04-28,EUNL.DE,43.8
2017-05-02,EUNL.DE,43.92
2017-05-03,EUNL.DE,43.82
2017-05-04,EUNL.DE,43.86
2017-05-05,EUNL.DE,43.83
2017-05-08,EUNL.DE,44.09
2017-05-09,EUNL.DE,44.28
2017-05-10,EUNL.DE,44.35
2017-05-11,EUNL.DE,44.17
2017-05-12,EUNL.DE,44.12
2017-05-15,EUNL.DE,44.12
2017-05-16,EUNL.DE,43.83
2017-05-17,EUNL.DE,43.12
2017-05-18,EUNL.DE,43.11
2017-05-19,EUNL.DE,43.2
2017-05-22,EUNL.DE,43.2
2017-05-23,EUNL.DE,43.3
2017-05-24,EUNL.DE,43.47
2017-05-25,EUNL.DE,43.48
2017-05-26,EUNL.DE,43.59
2017-05-29,EUNL.DE,43.63
2017-05-30,EUNL.DE,43.56
2017-05-31,EUNL.DE,43.31
2017-06-01,EUNL.DE,43.62
2017-06-02,EUNL.DE,43.7
2017-06-05,EUNL.DE,43.7
2017-06-06,EUNL.DE,43.63
2017-06-07,EUNL.DE,43.65
2017-06-08,EUNL.DE,43.79
2017-06-09,EUNL.DE,44.04
2017-06-12,EUNL.DE,43.67
2017-06-13,EUNL.DE,43.89
2017-06-14,EUNL.DE,43.65
2017-06-15,EUNL.DE,43.84
2017-06-16,EUNL.DE,43.79
2017-06-19,EUNL.DE,44.24
2017-06-20,EUNL.DE,44.2
2017-06-21,EUNL.DE,44.0
2017-06-22,EUNL.DE,44.03
2017-06-23,EUNL.DE,43.88
2017-06-26,EUNL.DE,43.91
2017-06-27,EUNL.DE,43.56
2017-06-28,EUNL.DE,43.4
2017-06-29,EUNL.DE,42.9
2017-06-30,EUNL.DE,42.9
2017-07-03,EUNL.DE,43.32
2017-07-04,EUNL.DE,43.25
2017-07-05,EUNL.DE,43.25
2017-07-06,EUNL.DE,42.83
2017-07-07,EUNL.DE,42.91
2017-07-10,EUNL.DE,43.02
2017-07-11,EUNL.DE,42.77
2017-07-12,EUNL.DE,43.28
2017-07-13,EUNL.DE,43.46
2017-07-14,EUNL.DE,43.35
2017-07-17,EUNL.DE,43.43
2017-07-18,EUNL.DE,42.99
2017-07-19,EUNL.DE,43.4
2017-07-20,EUNL.DE,43.04
2017-07-21,EUNL.DE,42.9
2017-07-24,EUNL.DE,42.87
2017-07-25,EUNL.DE,43.04
2017-07-26,EUNL.DE,43.13
2017-07-27,EUNL.DE,43.08
2017-07-28,EUNL.DE,42.61
2017-07-31,EUNL.DE,42.55
2017-08-01,EUNL.DE,42.63
2017-08-02,EUNL.DE,42.36
2017-08-03,EUNL.DE,42.33
2017-08-04,EUNL.DE,42.83
2017-08-07,EUNL.DE,42.7
2017-08-08,EUNL.DE,42.98
2017-08-09,EUNL.DE,42.66
2017-08-10,EUNL.DE,42.35
2017-08-11,EUNL.DE,42.0
2017-08-14,EUNL.DE,42.43
2017-08-15,EUNL.DE,42.57
2017-08-16,EUNL.DE,42.77
2017-08-17,EUNL.DE,42.44
2017-08-18,EUNL.DE,42.14
2017-08-21,EUNL.DE,41.81
2017-08-22,EUNL.DE,42.29
2017-08-23,EUNL.DE,42.12
2017-08-24,EUNL.DE,42.03
2017-08-25,EUNL.DE,41.95
2017-08-28,EUNL.DE,41.61
2017-08-29,EUNL.DE,41.32
2017-08-30,EUNL.DE,41.81
2017-08-31,EUNL.DE,42.2
2017-09-01,EUNL.DE,42.4
2017-09-04,EUNL.DE,42.09
2017-09-05,EUNL.DE,42.08
2017-09-06,EUNL.DE,42.0
2017-09-07,EUNL.DE,41.85
2017-09-08,EUNL.DE,41.91
2017-09-11,EUNL.DE,42.37
2017-09-12,EUNL.DE,42.58
2017-09-13,EUNL.DE,42.76
2017-09-14,EUNL.DE,42.83
2017-09-15,EUNL.DE,42.57
2017-09-18,EUNL.DE,42.74
2017-09-19,EUNL.DE,42.73
2017-09-20,EUNL.DE,42.66
2017-09-21,EUNL.DE,42.77
2017-09-22,EUNL.DE,42.69
2017-09-25,EUNL.DE,42.95
2017-09-26,EUNL.DE,43.24
2017-09-27,EUNL.DE,43.36
2017-09-28,EUNL.DE,43.37
2017-09-29,EUNL.DE,43.41
2017-10-02,EUNL.DE,43.81
2017-10-03,EUNL.DE,43.81
2017-10-04,EUNL.DE,43.88
2017-10-05,EUNL.DE,44.13
2017-10-06,EUNL.DE,44.03
2017-10-09,EUNL.DE,44.06
2017-10-10,EUNL.DE,43.92
2017-10-11,EUNL.DE,43.85
2017-10-12,EUNL.DE,43.89
2017-10-13,EUNL.DE,44.04
2017-10-16,EUNL.DE,44.14
2017-10-17,EUNL.DE,44.25
2017-10-18,EUNL.DE,44.3
2017-10-19,EUNL.DE,43.98
2017-10-20,EUNL.DE,44.35
2017-10-23,EUNL.DE,44.51
2017-10-24,EUNL.DE,44.38
2017-10-25,EUNL.DE,43.94
2017-10-26,EUNL.DE,44.51
2017-10-27,EUNL.DE,45.09
2017-10-30,EUNL.DE,44.89
2017-10-31,EUNL.DE,44.89
2017-11-01,EUNL.DE,45.13
2017-11-02,EUNL.DE,44.96
2017-11-03,EUNL.DE,45.24
2017-11-06,EUNL.DE,45.31
2017-11-07,EUNL.DE,45.4
2017-11-08,EUNL.DE,45.36
2017-11-09,EUNL.DE,44.97
2017-11-10,EUNL.DE,44.88
2017-11-13,EUNL.DE,44.82
2017-11-14,EUNL.DE,44.31
2017-11-15,EUNL.DE,44.08
2017-11-16,EUNL.DE,44.47
2017-11-17,EUNL.DE,44.33
2017-11-20,EUNL.DE,44.57
2017-11-21,EUNL.DE,44.88
2017-11-22,EUNL.DE,44.68
2017-11-23,EUNL.DE,44.55
2017-11-24,EUNL.DE,44.38
2017-11-27,EUNL.DE,44.33
2017-11-28,EUNL.DE,44.65
2017-11-29,EUNL.DE,44.82
2017-11-30,EUNL.DE,44.8
2017-12-01,EUNL.DE,44.32
2017-12-04,EUNL.DE,45.085
2017-12-05,EUNL.DE,45.08
2017-12-06,EUNL.DE,44.98
2017-12-07,EUNL.DE,45.045
2017-12-08,EUNL.DE,45.33
2017-12-11,EUNL.DE,45.325
2017-12-12,EUNL.DE,45.785
2017-12-13,EUNL.DE,45.675
2017-12-14,EUNL.DE,45.505
2017-12-15,EUNL.DE,45.63
2017-12-18,EUNL.DE,45.89
2017-12-19,EUNL.DE,45.71
2017-12-20,EUNL.DE,45.4
2017-12-21,EUNL.DE,45.59
2017-12-22,EUNL.DE,45.6
2017-12-27,EUNL.DE,45.53
2017-12-28,EUNL.DE,45.32
2017-12-29,EUNL.DE,45.43
2018-01-02,EUNL.DE,45.143
2018-01-03,EUNL.DE,45.51
2018-01-04,EUNL.DE,45.747
2018-01-05,EUNL.DE,46.073
2018-01-08,EUNL.DE,46.41
2018-01-09,EUNL.DE,46.747
2018-01-10,EUNL.DE,46.467
2018-01-11,EUNL.DE,46.311
2018-01-12,EUNL.DE,46.393
2018-01-15,EUNL.DE,46.124
2018-01-16,EUNL.DE,46.295
2018-01-17,EUNL.DE,46.233
2018-01-18,EUNL.DE,46.241
2018-01-19,EUNL.DE,46.414
2018-01-22,EUNL.DE,46.532
2018-01-23,EUNL.DE,46.755
2018-01-24,EUNL.DE,46.361
2018-01-25,EUNL.DE,46.06
2018-01-26,EUNL.DE,46.437
2018-01-29,EUNL.DE,46.637
2018-01-30,EUNL.DE,46.059
2018-01-31,EUNL.DE,45.869
2018-02-01,EUNL.DE,45.704
2018-02-02,EUNL.DE,45.24
2018-02-05,EUNL.DE,44.608
2018-02-06,EUNL.DE,43.079
2018-02-07,EUNL.DE,44.533
2018-02-08,EUNL.DE,43.664
2018-02-09,EUNL.DE,42.852
2018-02-12,EUNL.DE,43.476
2018-02-13,EUNL.DE,43.197
2018-02-14,EUNL.DE,43.492
2018-02-15,EUNL.DE,43.741
2018-02-16,EUNL.DE,44.462
2018-02-19,EUNL.DE,44.385
2018-02-20,EUNL.DE,44.622
2018-02-21,EUNL.DE,44.756
2018-02-22,EUNL.DE,44.573
2018-02-23,EUNL.DE,44.695
2018-02-26,EUNL.DE,45.14
2018-02-27,EUNL.DE,45.346
2018-02-28,EUNL.DE,45.053
2018-03-01,EUNL.DE,44.522
2018-03-02,EUNL.DE,43.366
2018-03-05,EUNL.DE,43.987
2018-03-06,EUNL.DE,43.974
2018-03-07,EUNL.DE,44.022
2018-03-08,EUNL.DE,44.465
2018-03-09,EUNL.DE,44.955
2018-03-12,EUNL.DE,45.142
2018-03-13,EUNL.DE,44.729
2018-03-14,EUNL.DE,44.596
2018-03-15,EUNL.DE,44.811
2018-03-16,EUNL.DE,44.91
2018-03-19,EUNL.DE,44.142
2018-03-20,EUNL.DE,44.454
2018-03-21,EUNL.DE,44.571
2018-03-22,EUNL.DE,43.846
2018-03-23,EUNL.DE,42.997
2018-03-26,EUNL.DE,42.491
2018-03-27,EUNL.DE,43.324
2018-03-28,EUNL.DE,42.957
2018-03-29,EUNL.DE,43.403
2018-04-03,EUNL.DE,43.038
2018-04-04,EUNL.DE,43.01
2018-04-05,EUNL.DE,44.229
2018-04-06,EUNL.DE,43.606
2018-04-09,EUNL.DE,43.675
2018-04-10,EUNL.DE,43.855
2018-04-11,EUNL.DE,43.61
2018-04-12,EUNL.DE,44.002
2018-04-13,EUNL.DE,43.978
2018-04-16,EUNL.DE,43.903
2018-04-17,EUNL.DE,44.418
2018-04-18,EUNL.DE,44.5
2018-04-19,EUNL.DE,44.355
2018-04-20,EUNL.DE,44.352
2018-04-23,EUNL.DE,44.587
2018-04-24,EUNL.DE,44.482
2018-04-25,EUNL.DE,44.093
2018-04-26,EUNL.DE,44.727
2018-04-27,EUNL.DE,44.906
2018-04-30,EUNL.DE,45.098
2018-05-02,EUNL.DE,45.151
2018-05-03,EUNL.DE,44.591
2018-05-04,EUNL.DE,45.352
2018-05-07,EUNL.DE,45.726
2018-05-08,EUNL.DE,45.805
2018-05-09,EUNL.DE,45.973
2018-05-10,EUNL.DE,46.352
2018-05-11,EUNL.DE,46.384
2018-05-14,EUNL.DE,46.425
2018-05-15,EUNL.DE,46.423
2018-05-16,EUNL.DE,46.732
2018-05-17,EUNL.DE,46.949
2018-05-18,EUNL.DE,46.873
2018-05-21,EUNL.DE,46.873
2018-05-22,EUNL.DE,47.156
2018-05-23,EUNL.DE,46.941
2018-05-24,EUNL.DE,46.791
2018-05-25,EUNL.DE,47.058
2018-05-28,EUNL.DE,47.122
2018-05-29,EUNL.DE,46.894
2018-05-30,EUNL.DE,46.934
2018-05-31,EUNL.DE,46.741
2018-06-01,EUNL.DE,47.053
2018-06-04,EUNL.DE,47.148
2018-06-05,EUNL.DE,47.168
2018-06-06,EUNL.DE,47.142
2018-06-07,EUNL.DE,47.069
2018-06-08,EUNL.DE,47.153
2018-06-11,EUNL.DE,47.3
2018-06-12,EUNL.DE,47.345
2018-06-13,EUNL.DE,47.455
2018-06-14,EUNL.DE,47.927
2018-06-15,EUNL.DE,47.594
2018-06-18,EUNL.DE,47.593
2018-06-19,EUNL.DE,47.384
2018-06-20,EUNL.DE,47.587
2018-06-21,EUNL.DE,47.271
2018-06-22,EUNL.DE,47.41
2018-06-25,EUNL.DE,46.302
2018-06-26,EUNL.DE,46.515
2018-06-27,EUNL.DE,46.974
2018-06-28,EUNL.DE,46.681
2018-06-29,EUNL.DE,46.839
2018-07-02,EUNL.DE,46.522
2018-07-03,EUNL.DE,46.729
2018-07-04,EUNL.DE,46.656
2018-07-05,EUNL.DE,46.624
2018-07-06,EUNL.DE,46.846
2018-07-09,EUNL.DE,47.216
2018-07-10,EUNL.DE,47.457
2018-07-11,EUNL.DE,47.086
2018-07-12,EUNL.DE,47.438
2018-07-13,EUNL.DE,47.7
2018-07-16,EUNL.DE,47.48
2018-07-17,EUNL.DE,47.644
2018-07-18,EUNL.DE,47.966
2018-07-19,EUNL.DE,48.0
2018-07-20,EUNL.DE,47.692
2018-07-23,EUNL.DE,47.618
2018-07-24,EUNL.DE,47.961
2018-07-25,EUNL.DE,48.043
2018-07-26,EUNL.DE,48.404
2018-07-27,EUNL.DE,48.416
2018-07-30,EUNL.DE,47.878
2018-07-31,EUNL.DE,47.997
2018-08-01,EUNL.DE,48.02
2018-08-02,EUNL.DE,48.04
2018-08-03,EUNL.DE,48.356
2018-08-06,EUNL.DE,48.608
2018-08-07,EUNL.DE,48.768
2018-08-08,EUNL.DE,48.719
2018-08-09,EUNL.DE,48.809
2018-08-10,EUNL.DE,48.902
2018-08-13,EUNL.DE,48.792
2018-08-14,EUNL.DE,49.052
2018-08-15,EUNL.DE,48.641
2018-08-16,EUNL.DE,48.889
2018-08-17,EUNL.DE,48.763
2018-08-20,EUNL.DE,48.952
2018-08-21,EUNL.DE,48.824
2018-08-22,EUNL.DE,48.601
2018-08-23,EUNL.DE,48.47
2018-08-24,EUNL.DE,48.55
2018-08-27,EUNL.DE,48.776
2018-08-28,EUNL.DE,48.631
2018-08-29,EUNL.DE,48.924
2018-08-30,EUNL.DE,48.904
2018-08-31,EUNL.DE,48.904
2018-09-03,EUNL.DE,48.948
2018-09-04,EUNL.DE,48.791
2018-09-05,EUNL.DE,48.266
2018-09-06,EUNL.DE,48.14
2018-09-07,EUNL.DE,48.379
2018-09-10,EUNL.DE,48.325
2018-09-11,EUNL.DE,48.391
2018-09-12,EUNL.DE,48.414
2018-09-13,EUNL.DE,48.38
2018-09-14,EUNL.DE,48.629
2018-09-17,EUNL.DE,48.465
2018-09-18,EUNL.DE,48.685
2018-09-19,EUNL.DE,48.799
2018-09-20,EUNL.DE,48.877
2018-09-21,EUNL.DE,49.054
2018-09-24,EUNL.DE,48.664
2018-09-25,EUNL.DE,48.851
2018-09-26,EUNL.DE,48.97
2018-09-27,EUNL.DE,49.242
2018-09-28,EUNL.DE,49.26
2018-10-01,EUNL.DE,49.638
2018-10-02,EUNL.DE,49.45
2018-10-04,EUNL.DE,49.194
2018-10-05,EUNL.DE,48.913
2018-10-08,EUNL.DE,48.736
2018-10-09,EUNL.DE,48.9
2018-10-10,EUNL.DE,47.883
2018-10-11,EUNL.DE,46.456
2018-10-12,EUNL.DE,46.573
2018-10-15,EUNL.DE,46.629
2018-10-16,EUNL.DE,47.089
2018-10-17,EUNL.DE,47.25
2018-10-18,EUNL.DE,46.98
2018-10-19,EUNL.DE,47.124
2018-10-22,EUNL.DE,46.934
2018-10-23,EUNL.DE,46.006
2018-10-24,EUNL.DE,46.168
2018-10-25,EUNL.DE,46.214
2018-10-26,EUNL.DE,45.558
2018-10-29,EUNL.DE,45.892
2018-10-30,EUNL.DE,45.743
2018-10-31,EUNL.DE,46.841
2018-11-01,EUNL.DE,46.787
2018-11-02,EUNL.DE,46.732
2018-11-05,EUNL.DE,46.786
2018-11-06,EUNL.DE,46.95
2018-11-07,EUNL.DE,47.455
2018-11-08,EUNL.DE,47.84
2018-11-09,EUNL.DE,47.679
2018-11-12,EUNL.DE,47.324
2018-11-13,EUNL.DE,47.365
2018-11-14,EUNL.DE,46.805
2018-11-15,EUNL.DE,46.621
2018-11-16,EUNL.DE,46.58
2018-11-19,EUNL.DE,46.15
2018-11-20,EUNL.DE,45.54
2018-11-21,EUNL.DE,45.847
2018-11-22,EUNL.DE,45.335
2018-11-23,EUNL.DE,45.762
2018-11-26,EUNL.DE,46.064
2018-11-27,EUNL.DE,46.376
2018-11-28,EUNL.DE,46.59
2018-11-29,EUNL.DE,46.848
2018-11-30,EUNL.DE,47.037
2018-12-03,EUNL.DE,47.64
2018-12-04,EUNL.DE,47.344
2018-12-05,EUNL.DE,46.538
2018-12-06,EUNL.DE,45.164
2018-12-07,EUNL.DE,45.491
2018-12-10,EUNL.DE,44.52
2018-12-11,EUNL.DE,45.53
2018-12-12,EUNL.DE,45.854
2018-12-13,EUNL.DE,45.611
2018-12-14,EUNL.DE,45.379
2018-12-17,EUNL.DE,44.765
2018-12-18,EUNL.DE,44.209
2018-12-19,EUNL.DE,44.151
2018-12-20,EUNL.DE,42.958
2018-12-21,EUNL.DE,42.868
2018-12-27,EUNL.DE,42.142
2018-12-28,EUNL.DE,43.099
2019-01-02,EUNL.DE,43.401
2019-01-03,EUNL.DE,42.842
2019-01-04,EUNL.DE,43.756
2019-01-07,EUNL.DE,44.063
2019-01-08,EUNL.DE,44.214
2019-01-09,EUNL.DE,44.404
2019-01-10,EUNL.DE,44.582
2019-01-11,EUNL.DE,44.707
2019-01-14,EUNL.DE,44.583
2019-01-15,EUNL.DE,45.092
2019-01-16,EUNL.DE,45.404
2019-01-17,EUNL.DE,45.46
2019-01-18,EUNL.DE,46.309
2019-01-21,EUNL.DE,46.142
2019-01-22,EUNL.DE,45.926
2019-01-23,EUNL.DE,45.591
2019-01-24,EUNL.DE,45.874
2019-01-25,EUNL.DE,46.173
2019-01-28,EUNL.DE,45.564
2019-01-29,EUNL.DE,45.733
2019-01-30,EUNL.DE,46.084
2019-01-31,EUNL.DE,46.497
2019-02-01,EUNL.DE,46.564
2019-02-04,EUNL.DE,46.739
2019-02-05,EUNL.DE,47.251
2019-02-06,EUNL.DE,47.252
2019-02-07,EUNL.DE,46.67
2019-02-08,EUNL.DE,46.628
2019-02-11,EUNL.DE,47.145
2019-02-12,EUNL.DE,47.496
2019-02-13,EUNL.DE,47.791
2019-02-14,EUNL.DE,47.669
2019-02-15,EUNL.DE,48.234
2019-02-18,EUNL.DE,48.214
2019-02-19,EUNL.DE,48.151
2019-02-20,EUNL.DE,48.257
2019-02-21,EUNL.DE,48.23
2019-02-22,EUNL.DE,48.454
2019-02-25,EUNL.DE,48.686
2019-02-26,EUNL.DE,48.54
2019-02-27,EUNL.DE,48.393
2019-02-28,EUNL.DE,48.346
2019-03-01,EUNL.DE,48.394
2019-03-04,EUNL.DE,48.631
2019-03-05,EUNL.DE,48.736
2019-03-06,EUNL.DE,48.518
2019-03-07,EUNL.DE,48.488
2019-03-08,EUNL.DE,47.977
2019-03-11,EUNL.DE,48.64
2019-03-12,EUNL.DE,48.675
2019-03-13,EUNL.DE,48.948
2019-03-14,EUNL.DE,48.963
2019-03-15,EUNL.DE,49.214
2019-03-18,EUNL.DE,49.207
2019-03-19,EUNL.DE,49.477
2019-03-20,EUNL.DE,48.947
2019-03-21,EUNL.DE,49.295
2019-03-22,EUNL.DE,48.925
2019-03-25,EUNL.DE,48.628
2019-03-26,EUNL.DE,49.115
2019-03-27,EUNL.DE,49.018
2019-03-28,EUNL.DE,49.181
2019-03-29,EUNL.DE,49.556
2019-04-01,EUNL.DE,50.108
2019-04-02,EUNL.DE,50.278
2019-04-03,EUNL.DE,50.522
2019-04-04,EUNL.DE,50.422
2019-04-05,EUNL.DE,50.63
2019-04-08,EUNL.DE,50.456
2019-04-09,EUNL.DE,50.26
2019-04-10,EUNL.DE,50.358
2019-04-11,EUNL.DE,50.402
2019-04-12,EUNL.DE,50.428
2019-04-15,EUNL.DE,50.49
2019-04-16,EUNL.DE,50.704
2019-04-17,EUNL.DE,50.55
2019-04-18,EUNL.DE,50.792
2019-04-23,EUNL.DE,51.278
2019-04-24,EUNL.DE,51.336
2019-04-25,EUNL.DE,51.46
2019-04-26,EUNL.DE,51.45
2019-04-29,EUNL.DE,51.62
2019-04-30,EUNL.DE,51.362
2019-05-02,EUNL.DE,51.134
2019-05-03,EUNL.DE,51.504
2019-05-06,EUNL.DE,51.07
2019-05-07,EUNL.DE,50.568
2019-05-08,EUNL.DE,50.4
2019-05-09,EUNL.DE,49.573
2019-05-10,EUNL.DE,49.476
2019-05-13,EUNL.DE,49.075
2019-05-14,EUNL.DE,49.776
2019-05-15,EUNL.DE,49.907
2019-05-16,EUNL.DE,50.624
2019-05-17,EUNL.DE,50.472
2019-05-20,EUNL.DE,49.926
2019-05-21,EUNL.DE,50.274
2019-05-22,EUNL.DE,50.224
2019-05-23,EUNL.DE,49.519
2019-05-24,EUNL.DE,49.595
2019-05-27,EUNL.DE,49.746
2019-05-28,EUNL.DE,49.705
2019-05-29,EUNL.DE,49.076
2019-05-30,EUNL.DE,49.264
2019-05-31,EUNL.DE,48.904
2019-06-03,EUNL.DE,48.622
2019-06-04,EUNL.DE,48.953
2019-06-05,EUNL.DE,49.317
2019-06-06,EUNL.DE,49.422
2019-06-07,EUNL.DE,49.873
2019-06-11,EUNL.DE,50.288
2019-06-12,EUNL.DE,50.08
2019-06-13,EUNL.DE,50.28
2019-06-14,EUNL.DE,50.398
2019-06-17,EUNL.DE,50.408
2019-06-18,EUNL.DE,51.19
2019-06-19,EUNL.DE,51.09
2019-06-20,EUNL.DE,51.288
2019-06-21,EUNL.DE,51.24
2019-06-24,EUNL.DE,50.854
2019-06-25,EUNL.DE,50.682
2019-06-26,EUNL.DE,50.494
2019-06-27,EUNL.DE,50.566
2019-06-28,EUNL.DE,50.81
2019-07-01,EUNL.DE,51.53
2019-07-02,EUNL.DE,51.592
2019-07-03,EUNL.DE,52.124
2019-07-04,EUNL.DE,52.25
2019-07-05,EUNL.DE,52.15
2019-07-08,EUNL.DE,52.038
2019-07-09,EUNL.DE,51.954
2019-07-10,EUNL.DE,51.998
2019-07-11,EUNL.DE,52.106
2019-07-12,EUNL.DE,52.188
2019-07-15,EUNL.DE,52.28
2019-07-16,EUNL.DE,52.446
2019-07-17,EUNL.DE,52.16
2019-07-18,EUNL.DE,51.85
2019-07-19,EUNL.DE,52.222
2019-07-22,EUNL.DE,52.046
2019-07-23,EUNL.DE,52.552
2019-07-24,EUNL.DE,52.774
2019-07-25,EUNL.DE,52.634
2019-07-26,EUNL.DE,52.974
2019-07-29,EUNL.DE,52.856
2019-07-30,EUNL.DE,52.55
2019-07-31,EUNL.DE,52.644
2019-08-01,EUNL.DE,52.962
2019-08-02,EUNL.DE,51.252
2019-08-05,EUNL.DE,50.0
2019-08-06,EUNL.DE,49.641
2019-08-07,EUNL.DE,49.725
2019-08-08,EUNL.DE,50.808
2019-08-09,EUNL.DE,50.494
2019-08-12,EUNL.DE,50.2
2019-08-13,EUNL.DE,50.8
2019-08-14,EUNL.DE,50.012
2019-08-15,EUNL.DE,49.912
2019-08-16,EUNL.DE,50.646
2019-08-19,EUNL.DE,51.246
2019-08-20,EUNL.DE,51.086
2019-08-21,EUNL.DE,51.33
2019-08-22,EUNL.DE,51.162
2019-08-23,EUNL.DE,50.358
2019-08-26,EUNL.DE,50.464
2019-08-27,EUNL.DE,50.708
2019-08-28,EUNL.DE,50.74
2019-08-29,EUNL.DE,51.456
2019-08-30,EUNL.DE,51.776
2019-09-02,EUNL.DE,51.816
2019-09-03,EUNL.DE,51.696
2019-09-04,EUNL.DE,51.948
2019-09-05,EUNL.DE,52.584
2019-09-06,EUNL.DE,52.68
2019-09-09,EUNL.DE,52.65
2019-09-10,EUNL.DE,52.4
2019-09-11,EUNL.DE,53.112
2019-09-12,EUNL.DE,53.224
2019-09-13,EUNL.DE,53.254
2019-09-16,EUNL.DE,53.256
2019-09-17,EUNL.DE,53.088
2019-09-18,EUNL.DE,53.0
2019-09-19,EUNL.DE,53.466
2019-09-20,EUNL.DE,53.506
2019-09-23,EUNL.DE,53.262
2019-09-24,EUNL.DE,53.192
2019-09-25,EUNL.DE,53.072
2019-09-26,EUNL.DE,53.226
2019-09-27,EUNL.DE,53.352
2019-09-30,EUNL.DE,53.448
2019-10-01,EUNL.DE,52.976
2019-10-02,EUNL.DE,51.542
2019-10-04,EUNL.DE,52.276
2019-10-07,EUNL.DE,52.514
2019-10-08,EUNL.DE,51.836
2019-10-09,EUNL.DE,51.972
2019-10-10,EUNL.DE,52.35
2019-10-11,EUNL.DE,53.114
2019-10-14,EUNL.DE,52.846
2019-10-15,EUNL.DE,53.27
2019-10-16,EUNL.DE,53.068
2019-10-17,EUNL.DE,52.9
2019-10-18,EUNL.DE,52.692
2019-10-21,EUNL.DE,52.978
2019-10-22,EUNL.DE,53.1
2019-10-23,EUNL.DE,53.102
2019-10-24,EUNL.DE,53.408
2019-10-25,EUNL.DE,53.626
2019-10-28,EUNL.DE,53.8
2019-10-29,EUNL.DE,53.798
2019-10-30,EUNL.DE,53.644
2019-10-31,EUNL.DE,53.4
2019-11-01,EUNL.DE,53.868
2019-11-04,EUNL.DE,54.378
2019-11-05,EUNL.DE,54.646
2019-11-06,EUNL.DE,54.634
2019-11-07,EUNL.DE,55.084
2019-11-08,EUNL.DE,54.98
2019-11-11,EUNL.DE,54.882
2019-11-12,EUNL.DE,55.254
2019-11-13,EUNL.DE,55.118
2019-11-14,EUNL.DE,54.994
2019-11-15,EUNL.DE,55.252
2019-11-18,EUNL.DE,55.2
2019-11-19,EUNL.DE,55.17
2019-11-20,EUNL.DE,55.114
2019-11-21,EUNL.DE,54.854
2019-11-22,EUNL.DE,55.118
2019-11-25,EUNL.DE,55.686
2019-11-26,EUNL.DE,55.76
2019-11-27,EUNL.DE,56.008
2019-11-28,EUNL.DE,55.984
2019-11-29,EUNL.DE,55.75
2019-12-02,EUNL.DE,54.84
2019-12-03,EUNL.DE,54.386
2019-12-04,EUNL.DE,55.036
2019-12-05,EUNL.DE,54.866
2019-12-06,EUNL.DE,55.794
2019-12-09,EUNL.DE,55.576
2019-12-10,EUNL.DE,55.344
2019-12-11,EUNL.DE,55.388
2019-12-12,EUNL.DE,55.65
2019-12-13,EUNL.DE,55.762
2019-12-16,EUNL.DE,56.308
2019-12-17,EUNL.DE,56.14
2019-12-18,EUNL.DE,56.288
2019-12-19,EUNL.DE,56.356
2019-12-20,EUNL.DE,56.9
2019-12-23,EUNL.DE,56.84
2019-12-27,EUNL.DE,56.764
2019-12-30,EUNL.DE,56.608
2020-01-02,EUNL.DE,56.7
2020-01-03,EUNL.DE,56.68
2020-01-06,EUNL.DE,56.55
2020-01-07,EUNL.DE,56.902
2020-01-08,EUNL.DE,57.136
2020-01-09,EUNL.DE,57.496
2020-01-10,EUNL.DE,57.438
2020-01-13,EUNL.DE,57.37
2020-01-14,EUNL.DE,57.616
2020-01-15,EUNL.DE,57.594
2020-01-16,EUNL.DE,57.846
2020-01-17,EUNL.DE,58.306
2020-01-20,EUNL.DE,58.384
2020-01-21,EUNL.DE,58.29
2020-01-22,EUNL.DE,58.396
2020-01-23,EUNL.DE,58.206
2020-01-24,EUNL.DE,58.47
2020-01-27,EUNL.DE,57.322
2020-01-28,EUNL.DE,57.812
2020-01-29,EUNL.DE,58.008
2020-01-30,EUNL.DE,57.348
2020-01-31,EUNL.DE,56.752
2020-02-03,EUNL.DE,57.028
2020-02-04,EUNL.DE,58.088
2020-02-05,EUNL.DE,58.578
2020-02-06,EUNL.DE,59.006
2020-02-07,EUNL.DE,58.998
2020-02-10,EUNL.DE,59.18
2020-02-11,EUNL.DE,59.596
2020-02-12,EUNL.DE,59.94
2020-02-13,EUNL.DE,60.17
2020-02-14,EUNL.DE,60.16
2020-02-17,EUNL.DE,60.31
2020-02-18,EUNL.DE,59.978
2020-02-19,EUNL.DE,60.552
2020-02-20,EUNL.DE,59.896
2020-02-21,EUNL.DE,59.514
2020-02-24,EUNL.DE,57.504
2020-02-25,EUNL.DE,56.524
2020-02-26,EUNL.DE,56.334
2020-02-27,EUNL.DE,53.928
2020-02-28,EUNL.DE,51.712
2020-03-02,EUNL.DE,52.438
2020-03-03,EUNL.DE,52.866
2020-03-04,EUNL.DE,53.362
2020-03-05,EUNL.DE,53.022
2020-03-06,EUNL.DE,50.732
2020-03-09,EUNL.DE,47.2
2020-03-10,EUNL.DE,47.064
2020-03-11,EUNL.DE,47.274
2020-03-12,EUNL.DE,42.714
2020-03-13,EUNL.DE,43.693
2020-03-16,EUNL.DE,42.422
2020-03-17,EUNL.DE,43.03
2020-03-18,EUNL.DE,41.378
2020-03-19,EUNL.DE,42.536
2020-03-20,EUNL.DE,42.54
2020-03-23,EUNL.DE,40.187
2020-03-24,EUNL.DE,43.49
2020-03-25,EUNL.DE,44.705
2020-03-26,EUNL.DE,45.56
2020-03-27,EUNL.DE,44.457
2020-03-30,EUNL.DE,45.31
2020-03-31,EUNL.DE,46.109
2020-04-01,EUNL.DE,44.248
2020-04-02,EUNL.DE,44.559
2020-04-03,EUNL.DE,44.354
2020-04-06,EUNL.DE,46.286
2020-04-07,EUNL.DE,47.786
2020-04-08,EUNL.DE,47.689
2020-04-09,EUNL.DE,48.651
2020-04-14,EUNL.DE,49.006
2020-04-15,EUNL.DE,48.195
2020-04-16,EUNL.DE,48.73
2020-04-17,EUNL.DE,49.416
2020-04-20,EUNL.DE,49.905
2020-04-21,EUNL.DE,47.808
2020-04-22,EUNL.DE,48.89
2020-04-23,EUNL.DE,49.549
2020-04-24,EUNL.DE,49.148
2020-04-27,EUNL.DE,50.234
2020-04-28,EUNL.DE,50.61
2020-04-29,EUNL.DE,51.42
2020-04-30,EUNL.DE,50.556
2020-05-04,EUNL.DE,49.016
2020-05-05,EUNL.DE,50.496
2020-05-06,EUNL.DE,50.29
2020-05-07,EUNL.DE,50.852
2020-05-08,EUNL.DE,51.108
2020-05-11,EUNL.DE,51.288
2020-05-12,EUNL.DE,51.176
2020-05-13,EUNL.DE,49.982
2020-05-14,EUNL.DE,49.43
2020-05-15,EUNL.DE,49.719
2020-05-18,EUNL.DE,51.522
2020-05-19,EUNL.DE,51.338
2020-05-20,EUNL.DE,51.54
2020-05-21,EUNL.DE,51.078
2020-05-22,EUNL.DE,51.14
2020-05-25,EUNL.DE,52.152
2020-05-26,EUNL.DE,52.182
2020-05-27,EUNL.DE,52.032
2020-05-28,EUNL.DE,52.814
2020-05-29,EUNL.DE,51.816
2020-06-02,EUNL.DE,52.686
2020-06-03,EUNL.DE,53.514
2020-06-04,EUNL.DE,52.99
2020-06-05,EUNL.DE,54.456
2020-06-08,EUNL.DE,54.5
2020-06-09,EUNL.DE,54.096
2020-06-10,EUNL.DE,53.974
2020-06-11,EUNL.DE,51.93
2020-06-12,EUNL.DE,52.016
2020-06-15,EUNL.DE,51.56
2020-06-16,EUNL.DE,53.25
2020-06-17,EUNL.DE,53.588
2020-06-18,EUNL.DE,53.342
2020-06-19,EUNL.DE,53.77
2020-06-22,EUNL.DE,53.094
2020-06-23,EUNL.DE,53.58
2020-06-24,EUNL.DE,52.192
2020-06-25,EUNL.DE,52.412
2020-06-26,EUNL.DE,52.234
2020-06-29,EUNL.DE,52.304
2020-06-30,EUNL.DE,52.698
2020-07-01,EUNL.DE,53.022
2020-07-02,EUNL.DE,53.848
2020-07-03,EUNL.DE,53.486
2020-07-06,EUNL.DE,54.224
2020-07-07,EUNL.DE,54.14
2020-07-08,EUNL.DE,53.534
2020-07-09,EUNL.DE,53.344
2020-07-10,EUNL.DE,53.842
2020-07-13,EUNL.DE,54.674
2020-07-14,EUNL.DE,53.672
2020-07-15,EUNL.DE,54.366
2020-07-16,EUNL.DE,54.122
2020-07-17,EUNL.DE,54.262
2020-07-20,EUNL.DE,54.546
2020-07-21,EUNL.DE,54.912
2020-07-22,EUNL.DE,54.264
2020-07-23,EUNL.DE,54.392
2020-07-24,EUNL.DE,53.386
2020-07-27,EUNL.DE,52.968
2020-07-28,EUNL.DE,53.374
2020-07-29,EUNL.DE,53.27
2020-07-30,EUNL.DE,52.772
2020-07-31,EUNL.DE,52.532
2020-08-03,EUNL.DE,53.732
2020-08-04,EUNL.DE,53.736
2020-08-05,EUNL.DE,53.662
2020-08-06,EUNL.DE,53.666
2020-08-07,EUNL.DE,54.156
2020-08-10,EUNL.DE,54.318
2020-08-11,EUNL.DE,54.838
2020-08-12,EUNL.DE,55.016
2020-08-13,EUNL.DE,54.862
2020-08-14,EUNL.DE,54.664
2020-08-17,EUNL.DE,54.71
2020-08-18,EUNL.DE,54.56
2020-08-19,EUNL.DE,54.836
2020-08-20,EUNL.DE,54.608
2020-08-21,EUNL.DE,54.976
2020-08-24,EUNL.DE,55.434
2020-08-25,EUNL.DE,55.444
2020-08-26,EUNL.DE,55.898
2020-08-27,EUNL.DE,56.298
2020-08-28,EUNL.DE,55.85
2020-08-31,EUNL.DE,55.664
2020-09-01,EUNL.DE,55.848
2020-09-02,EUNL.DE,56.77
2020-09-03,EUNL.DE,55.73
2020-09-04,EUNL.DE,54.578
2020-09-07,EUNL.DE,55.376
2020-09-08,EUNL.DE,54.432
2020-09-09,EUNL.DE,55.052
2020-09-10,EUNL.DE,54.8
2020-09-11,EUNL.DE,54.376
2020-09-14,EUNL.DE,54.872
2020-09-15,EUNL.DE,55.352
2020-09-16,EUNL.DE,55.554
2020-09-17,EUNL.DE,54.772
2020-09-18,EUNL.DE,54.33
2020-09-21,EUNL.DE,53.222
2020-09-22,EUNL.DE,53.82
2020-09-23,EUNL.DE,54.242
2020-09-24,EUNL.DE,53.588
2020-09-25,EUNL.DE,54.0
2020-09-28,EUNL.DE,55.08
2020-09-29,EUNL.DE,54.652
2020-09-30,EUNL.DE,54.968
2020-10-01,EUNL.DE,55.07
2020-10-02,EUNL.DE,54.882
2020-10-05,EUNL.DE,55.24
2020-10-06,EUNL.DE,55.398
2020-10-07,EUNL.DE,55.506
2020-10-08,EUNL.DE,56.0
2020-10-09,EUNL.DE,56.19
2020-10-12,EUNL.DE,56.94
2020-10-13,EUNL.DE,57.142
2020-10-14,EUNL.DE,56.914
2020-10-15,EUNL.DE,56.29
2020-10-16,EUNL.DE,56.83
2020-10-19,EUNL.DE,56.304
2020-10-20,EUNL.DE,55.678
2020-10-21,EUNL.DE,55.43
2020-10-22,EUNL.DE,55.418
2020-10-23,EUNL.DE,55.618
2020-10-26,EUNL.DE,54.75
2020-10-27,EUNL.DE,54.75
2020-10-28,EUNL.DE,53.546
2020-10-29,EUNL.DE,53.936
2020-10-30,EUNL.DE,53.46
2020-11-02,EUNL.DE,54.272
2020-11-03,EUNL.DE,55.192
2020-11-04,EUNL.DE,56.4
2020-11-05,EUNL.DE,56.794
2020-11-06,EUNL.DE,56.488
2020-11-09,EUNL.DE,58.496
2020-11-10,EUNL.DE,57.69
2020-11-11,EUNL.DE,58.49
2020-11-12,EUNL.DE,58.0
2020-11-13,EUNL.DE,57.972
2020-11-16,EUNL.DE,58.858
2020-11-17,EUNL.DE,58.658
2020-11-18,EUNL.DE,58.812
2020-11-19,EUNL.DE,58.256
2020-11-20,EUNL.DE,58.534
2020-11-23,EUNL.DE,58.486
2020-11-24,EUNL.DE,59.3
2020-11-25,EUNL.DE,59.146
2020-11-26,EUNL.DE,59.206
2020-11-27,EUNL.DE,59.226
2020-11-30,EUNL.DE,58.588
2020-12-01,EUNL.DE,59.152
2020-12-02,EUNL.DE,58.832
2020-12-03,EUNL.DE,58.838
2020-12-04,EUNL.DE,59.194
2020-12-07,EUNL.DE,59.166
2020-12-08,EUNL.DE,59.36
2020-12-09,EUNL.DE,59.502
2020-12-10,EUNL.DE,59.134
2020-12-11,EUNL.DE,58.732
2020-12-14,EUNL.DE,59.076
2020-12-15,EUNL.DE,58.99
2020-12-16,EUNL.DE,59.412
2020-12-17,EUNL.DE,59.416
2020-12-18,EUNL.DE,59.25
2020-12-21,EUNL.DE,58.546
2020-12-22,EUNL.DE,59.118
2020-12-23,EUNL.DE,59.41
2020-12-28,EUNL.DE,59.764
2020-12-29,EUNL.DE,59.82
2020-12-30,EUNL.DE,59.712
2021-01-04,EUNL.DE,59.274
2021-01-05,EUNL.DE,59.412
2021-01-06,EUNL.DE,60.238
2021-01-07,EUNL.DE,60.77
2021-01-08,EUNL.DE,61.108
2021-01-11,EUNL.DE,61.334
2021-01-12,EUNL.DE,61.282
2021-01-13,EUNL.DE,61.44
2021-01-14,EUNL.DE,61.764
2021-01-15,EUNL.DE,61.222
2021-01-18,EUNL.DE,61.354
2021-01-19,EUNL.DE,61.288
2021-01-20,EUNL.DE,62.082
2021-01-21,EUNL.DE,62.05
2021-01-22,EUNL.DE,61.624
2021-01-25,EUNL.DE,61.548
2021-01-26,EUNL.DE,61.832
2021-01-27,EUNL.DE,61.08
2021-01-28,EUNL.DE,61.214
2021-01-29,EUNL.DE,59.966
2021-02-01,EUNL.DE,60.75
2021-02-02,EUNL.DE,62.056
2021-02-03,EUNL.DE,62.078
2021-02-04,EUNL.DE,62.684
2021-02-05,EUNL.DE,62.88
2021-02-08,EUNL.DE,63.118
2021-02-09,EUNL.DE,63.098
2021-02-10,EUNL.DE,62.87
2021-02-11,EUNL.DE,63.156
2021-02-12,EUNL.DE,63.374
2021-02-15,EUNL.DE,63.912
2021-02-16,EUNL.DE,63.776
2021-02-17,EUNL.DE,63.482
2021-02-18,EUNL.DE,63.158
2021-02-19,EUNL.DE,63.396
2021-02-22,EUNL.DE,62.782
2021-02-23,EUNL.DE,62.318
2021-02-24,EUNL.DE,62.854
2021-02-25,EUNL.DE,62.27
2021-02-26,EUNL.DE,61.888
2021-03-01,EUNL.DE,63.052
2021-03-02,EUNL.DE,62.678
2021-03-03,EUNL.DE,62.5
2021-03-04,EUNL.DE,62.1
2021-03-05,EUNL.DE,61.47
2021-03-08,EUNL.DE,63.356
2021-03-09,EUNL.DE,63.634
2021-03-10,EUNL.DE,63.826
2021-03-11,EUNL.DE,64.216
2021-03-12,EUNL.DE,63.972
2021-03-15,EUNL.DE,64.33
2021-03-16,EUNL.DE,64.942
2021-03-17,EUNL.DE,64.532
2021-03-18,EUNL.DE,64.734
2021-03-19,EUNL.DE,64.258
2021-03-22,EUNL.DE,64.406
2021-03-23,EUNL.DE,64.566
2021-03-24,EUNL.DE,64.512
2021-03-25,EUNL.DE,64.29
2021-03-26,EUNL.DE,64.902
2021-03-29,EUNL.DE,65.154
2021-03-30,EUNL.DE,65.52
2021-03-31,EUNL.DE,65.694
2021-04-01,EUNL.DE,65.96
2021-04-06,EUNL.DE,66.63
2021-04-07,EUNL.DE,66.23
2021-04-08,EUNL.DE,66.524
2021-04-09,EUNL.DE,66.76
2021-04-12,EUNL.DE,66.742
2021-04-13,EUNL.DE,66.878
2021-04-14,EUNL.DE,66.898
2021-04-15,EUNL.DE,67.256
2021-04-16,EUNL.DE,67.444
2021-04-19,EUNL.DE,66.998
2021-04-20,EUNL.DE,66.068
2021-04-21,EUNL.DE,66.612
2021-04-22,EUNL.DE,67.14
2021-04-23,EUNL.DE,66.886
2021-04-26,EUNL.DE,67.056
2021-04-27,EUNL.DE,66.922
2021-04-28,EUNL.DE,66.942
2021-04-29,EUNL.DE,66.806
2021-04-30,EUNL.DE,66.97
2021-05-03,EUNL.DE,67.134
2021-05-04,EUNL.DE,66.338
2021-05-05,EUNL.DE,67.246
2021-05-06,EUNL.DE,66.856
2021-05-07,EUNL.DE,67.31
2021-05-10,EUNL.DE,67.23
2021-05-11,EUNL.DE,65.922
2021-05-12,EUNL.DE,65.656
2021-05-13,EUNL.DE,65.758
2021-05-14,EUNL.DE,66.376
2021-05-17,EUNL.DE,66.134
2021-05-18,EUNL.DE,66.074
2021-05-19,EUNL.DE,64.998
2021-05-20,EUNL.DE,66.164
2021-05-21,EUNL.DE,66.486
2021-05-25,EUNL.DE,66.55
2021-05-26,EUNL.DE,66.756
2021-05-27,EUNL.DE,66.978
2021-05-28,EUNL.DE,67.234
2021-05-31,EUNL.DE,66.77
2021-06-01,EUNL.DE,66.97
2021-06-02,EUNL.DE,67.234
2021-06-03,EUNL.DE,67.358
2021-06-04,EUNL.DE,67.57
2021-06-07,EUNL.DE,67.486
2021-06-08,EUNL.DE,67.548
2021-06-09,EUNL.DE,67.666
2021-06-10,EUNL.DE,67.836
2021-06-11,EUNL.DE,68.292
2021-06-14,EUNL.DE,68.224
2021-06-15,EUNL.DE,68.276
2021-06-16,EUNL.DE,68.45
2021-06-17,EUNL.DE,69.114
2021-06-18,EUNL.DE,68.428
2021-06-21,EUNL.DE,68.814
2021-06-22,EUNL.DE,69.176
2021-06-23,EUNL.DE,68.95
2021-06-24,EUNL.DE,69.424
2021-06-25,EUNL.DE,69.56
2021-06-28,EUNL.DE,69.522
2021-06-29,EUNL.DE,69.852
2021-06-30,EUNL.DE,69.934
2021-07-01,EUNL.DE,70.102
2021-07-02,EUNL.DE,70.5
2021-07-05,EUNL.DE,70.694
2021-07-06,EUNL.DE,70.5
2021-07-07,EUNL.DE,70.996
2021-07-08,EUNL.DE,69.964
2021-07-09,EUNL.DE,70.776
2021-07-12,EUNL.DE,71.044
2021-07-13,EUNL.DE,71.416
2021-07-14,EUNL.DE,71.134
2021-07-15,EUNL.DE,70.914
2021-07-16,EUNL.DE,70.642
2021-07-19,EUNL.DE,69.286
2021-07-20,EUNL.DE,70.172
2021-07-21,EUNL.DE,70.704
2021-07-22,EUNL.DE,71.08
2021-07-23,EUNL.DE,71.858
2021-07-26,EUNL.DE,71.724
2021-07-27,EUNL.DE,71.028
2021-07-28,EUNL.DE,71.536
2021-07-29,EUNL.DE,71.56
2021-07-30,EUNL.DE,71.216
2021-08-02,EUNL.DE,71.486
2021-08-03,EUNL.DE,71.372
2021-08-04,EUNL.DE,71.686
2021-08-05,EUNL.DE,71.984
2021-08-06,EUNL.DE,72.412
2021-08-09,EUNL.DE,72.512
2021-08-10,EUNL.DE,72.77
2021-08-11,EUNL.DE,72.818
2021-08-12,EUNL.DE,72.958
2021-08-13,EUNL.DE,72.874
2021-08-16,EUNL.DE,72.652
2021-08-17,EUNL.DE,72.856
2021-08-18,EUNL.DE,72.86
2021-08-19,EUNL.DE,72.07
2021-08-20,EUNL.DE,72.552
2021-08-23,EUNL.DE,73.066
2021-08-24,EUNL.DE,73.162
2021-08-25,EUNL.DE,73.22
2021-08-26,EUNL.DE,72.936
2021-08-27,EUNL.DE,73.184
2021-08-30,EUNL.DE,73.526
2021-08-31,EUNL.DE,73.434
2021-09-01,EUNL.DE,73.334
2021-09-02,EUNL.DE,73.516
2021-09-03,EUNL.DE,73.402
2021-09-06,EUNL.DE,73.86
2021-09-07,EUNL.DE,73.474
2021-09-08,EUNL.DE,73.244
2021-09-09,EUNL.DE,73.368
2021-09-10,EUNL.DE,72.99
2021-09-13,EUNL.DE,72.868
2021-09-14,EUNL.DE,72.774
2021-09-15,EUNL.DE,72.616
2021-09-16,EUNL.DE,72.942
2021-09-17,EUNL.DE,72.734
2021-09-20,EUNL.DE,71.42
2021-09-21,EUNL.DE,72.002
2021-09-22,EUNL.DE,72.334
2021-09-23,EUNL.DE,73.016
2021-09-24,EUNL.DE,72.822
2021-09-27,EUNL.DE,72.962
2021-09-28,EUNL.DE,71.616
2021-09-29,EUNL.DE,72.11
2021-09-30,EUNL.DE,72.014
2021-10-01,EUNL.DE,71.566
2021-10-04,EUNL.DE,70.714
2021-10-05,EUNL.DE,72.06
2021-10-06,EUNL.DE,71.502
2021-10-07,EUNL.DE,73.022
2021-10-08,EUNL.DE,72.674
2021-10-11,EUNL.DE,72.886
2021-10-12,EUNL.DE,72.396
2021-10-13,EUNL.DE,72.158
2021-10-14,EUNL.DE,73.356
2021-10-15,EUNL.DE,73.928
2021-10-18,EUNL.DE,73.936
2021-10-19,EUNL.DE,74.314
2021-10-20,EUNL.DE,74.576
2021-10-21,EUNL.DE,74.424
2021-10-22,EUNL.DE,74.646
2021-10-25,EUNL.DE,75.056
2021-10-26,EUNL.DE,75.578
2021-10-27,EUNL.DE,75.23
2021-10-28,EUNL.DE,75.04
2021-10-29,EUNL.DE,75.708
2021-11-01,EUNL.DE,75.888
2021-11-02,EUNL.DE,76.182
2021-11-03,EUNL.DE,76.148
2021-11-04,EUNL.DE,76.942
2021-11-05,EUNL.DE,77.314
2021-11-08,EUNL.DE,77.144
2021-11-09,EUNL.DE,76.89
2021-11-10,EUNL.DE,77.17
2021-11-11,EUNL.DE,77.254
2021-11-12,EUNL.DE,77.722
2021-11-15,EUNL.DE,78.08
2021-11-16,EUNL.DE,78.766
2021-11-17,EUNL.DE,78.676
2021-11-18,EUNL.DE,78.386
2021-11-19,EUNL.DE,78.696
2021-11-22,EUNL.DE,79.118
2021-11-23,EUNL.DE,78.072
2021-11-24,EUNL.DE,78.754
2021-11-25,EUNL.DE,78.968
2021-11-26,EUNL.DE,76.298
2021-11-29,EUNL.DE,77.22
2021-11-30,EUNL.DE,76.196
2021-12-01,EUNL.DE,76.974
2021-12-02,EUNL.DE,75.71
2021-12-03,EUNL.DE,75.416
2021-12-06,EUNL.DE,76.294
2021-12-07,EUNL.DE,78.332
2021-12-08,EUNL.DE,77.716
2021-12-09,EUNL.DE,77.956
2021-12-10,EUNL.DE,77.532
2021-12-13,EUNL.DE,77.422
2021-12-14,EUNL.DE,76.676
2021-12-15,EUNL.DE,76.696
2021-12-16,EUNL.DE,77.808
2021-12-17,EUNL.DE,77.254
2021-12-20,EUNL.DE,75.462
2021-12-21,EUNL.DE,76.79
2021-12-22,EUNL.DE,77.576
2021-12-23,EUNL.DE,78.424
2021-12-27,EUNL.DE,78.878
2021-12-28,EUNL.DE,79.336
2021-12-29,EUNL.DE,78.96
2021-12-30,EUNL.DE,79.246
2022-01-03,EUNL.DE,79.082
2022-01-04,EUNL.DE,79.53
2022-01-05,EUNL.DE,79.268
2022-01-06,EUNL.DE,78.032
2022-01-07,EUNL.DE,77.518
2022-01-10,EUNL.DE,76.476
2022-01-11,EUNL.DE,77.456
2022-01-12,EUNL.DE,77.81
2022-01-13,EUNL.DE,77.572
2022-01-14,EUNL.DE,76.54
2022-01-17,EUNL.DE,77.188
2022-01-18,EUNL.DE,76.282
2022-01-19,EUNL.DE,75.958
2022-01-20,EUNL.DE,76.57
2022-01-21,EUNL.DE,74.8
2022-01-24,EUNL.DE,71.694
2022-01-25,EUNL.DE,72.436
2022-01-26,EUNL.DE,73.98
2022-01-27,EUNL.DE,74.498
2022-01-28,EUNL.DE,73.64
2022-01-31,EUNL.DE,74.934
2022-02-01,EUNL.DE,75.614
2022-02-02,EUNL.DE,75.828
2022-02-03,EUNL.DE,74.444
2022-02-04,EUNL.DE,73.752
2022-02-07,EUNL.DE,74.148
2022-02-08,EUNL.DE,74.466
2022-02-09,EUNL.DE,75.524
2022-02-10,EUNL.DE,75.094
2022-02-11,EUNL.DE,74.544
2022-02-14,EUNL.DE,73.882
2022-02-15,EUNL.DE,74.486
2022-02-16,EUNL.DE,74.154
2022-02-17,EUNL.DE,73.822
2022-02-18,EUNL.DE,72.964
2022-02-21,EUNL.DE,72.138
2022-02-22,EUNL.DE,72.258
2022-02-23,EUNL.DE,71.894
2022-02-24,EUNL.DE,70.898
2022-02-25,EUNL.DE,73.204
2022-02-28,EUNL.DE,73.652
2022-03-01,EUNL.DE,73.074
2022-03-02,EUNL.DE,74.164
2022-03-03,EUNL.DE,73.684
2022-03-04,EUNL.DE,72.934
2022-03-07,EUNL.DE,72.6
2022-03-08,EUNL.DE,71.172
2022-03-09,EUNL.DE,72.178
2022-03-10,EUNL.DE,71.57
2022-03-11,EUNL.DE,72.454
2022-03-14,EUNL.DE,71.622
2022-03-15,EUNL.DE,72.376
2022-03-16,EUNL.DE,73.786
2022-03-17,EUNL.DE,74.01
2022-03-18,EUNL.DE,75.212
2022-03-21,EUNL.DE,75.58
2022-03-22,EUNL.DE,76.542
2022-03-23,EUNL.DE,76.29
2022-03-24,EUNL.DE,76.308
2022-03-25,EUNL.DE,76.724
2022-03-28,EUNL.DE,76.908
2022-03-29,EUNL.DE,77.502
2022-03-30,EUNL.DE,77.178
2022-03-31,EUNL.DE,77.098
2022-04-01,EUNL.DE,76.706
2022-04-04,EUNL.DE,77.676
2022-04-05,EUNL.DE,77.89
2022-04-06,EUNL.DE,76.436
2022-04-07,EUNL.DE,76.342
2022-04-08,EUNL.DE,77.228
2022-04-11,EUNL.DE,76.226
2022-04-12,EUNL.DE,76.512
2022-04-13,EUNL.DE,76.24
2022-04-14,EUNL.DE,76.672
2022-04-19,EUNL.DE,76.744
2022-04-20,EUNL.DE,76.92
2022-04-21,EUNL.DE,76.866
2022-04-22,EUNL.DE,75.04
2022-04-25,EUNL.DE,73.926
2022-04-26,EUNL.DE,73.712
2022-04-27,EUNL.DE,74.492
2022-04-28,EUNL.DE,74.874
2022-04-29,EUNL.DE,75.09
2022-05-02,EUNL.DE,73.5
2022-05-03,EUNL.DE,74.458
2022-05-04,EUNL.DE,73.52
2022-05-05,EUNL.DE,73.926
2022-05-06,EUNL.DE,72.648
2022-05-09,EUNL.DE,70.82
2022-05-10,EUNL.DE,70.308
2022-05-11,EUNL.DE,71.204
2022-05-12,EUNL.DE,70.58
2022-05-13,EUNL.DE,72.312
2022-05-16,EUNL.DE,71.926
2022-05-17,EUNL.DE,72.376
2022-05-18,EUNL.DE,71.342
2022-05-19,EUNL.DE,70.022
2022-05-20,EUNL.DE,69.764
2022-05-23,EUNL.DE,70.594
2022-05-24,EUNL.DE,68.966
2022-05-25,EUNL.DE,70.204
2022-05-26,EUNL.DE,71.312
2022-05-27,EUNL.DE,72.676
2022-05-30,EUNL.DE,73.17
2022-05-31,EUNL.DE,72.492
2022-06-01,EUNL.DE,72.382
2022-06-02,EUNL.DE,72.51
2022-06-03,EUNL.DE,72.33
2022-06-06,EUNL.DE,72.992
2022-06-07,EUNL.DE,72.83
2022-06-08,EUNL.DE,72.872
2022-06-09,EUNL.DE,72.204
2022-06-10,EUNL.DE,69.97
2022-06-13,EUNL.DE,68.372
2022-06-14,EUNL.DE,67.788
2022-06-15,EUNL.DE,68.28
2022-06-16,EUNL.DE,66.19
2022-06-17,EUNL.DE,66.224
2022-06-20,EUNL.DE,66.63
2022-06-21,EUNL.DE,67.328
2022-06-22,EUNL.DE,67.296
2022-06-23,EUNL.DE,67.326
2022-06-24,EUNL.DE,69.098
2022-06-27,EUNL.DE,69.25
2022-06-28,EUNL.DE,69.188
2022-06-29,EUNL.DE,68.712
2022-06-30,EUNL.DE,67.886
2022-07-01,EUNL.DE,68.32
2022-07-04,EUNL.DE,68.644
2022-07-05,EUNL.DE,68.464
2022-07-06,EUNL.DE,69.916
2022-07-07,EUNL.DE,71.304
2022-07-08,EUNL.DE,71.63
2022-07-11,EUNL.DE,71.384
2022-07-12,EUNL.DE,71.544
2022-07-13,EUNL.DE,70.37
2022-07-14,EUNL.DE,69.772
2022-07-15,EUNL.DE,71.106
2022-07-18,EUNL.DE,71.404
2022-07-19,EUNL.DE,71.446
2022-07-20,EUNL.DE,72.462
2022-07-21,EUNL.DE,72.6
2022-07-22,EUNL.DE,72.576
2022-07-25,EUNL.DE,72.59
2022-07-26,EUNL.DE,72.47
2022-07-27,EUNL.DE,73.168
2022-07-28,EUNL.DE,74.182
2022-07-29,EUNL.DE,74.852
2022-08-01,EUNL.DE,74.984
2022-08-02,EUNL.DE,75.012
2022-08-03,EUNL.DE,75.756
2022-08-04,EUNL.DE,75.43
2022-08-05,EUNL.DE,75.326
2022-08-08,EUNL.DE,75.872
2022-08-09,EUNL.DE,75.058
2022-08-10,EUNL.DE,75.672
2022-08-11,EUNL.DE,76.184
2022-08-12,EUNL.DE,76.92
2022-08-15,EUNL.DE,77.714
2022-08-16,EUNL.DE,78.122
2022-08-17,EUNL.DE,77.482
2022-08-18,EUNL.DE,78.074
2022-08-19,EUNL.DE,77.6
2022-08-22,EUNL.DE,77.18
2022-08-23,EUNL.DE,76.56
2022-08-24,EUNL.DE,76.874
2022-08-25,EUNL.DE,77.204
2022-08-26,EUNL.DE,76.11
2022-08-29,EUNL.DE,74.784
2022-08-30,EUNL.DE,73.984
2022-08-31,EUNL.DE,73.428
2022-09-01,EUNL.DE,72.912
2022-09-02,EUNL.DE,73.912
2022-09-05,EUNL.DE,73.464
2022-09-06,EUNL.DE,73.318
2022-09-07,EUNL.DE,73.07
2022-09-08,EUNL.DE,74.12
2022-09-09,EUNL.DE,74.672
2022-09-12,EUNL.DE,75.18
2022-09-13,EUNL.DE,73.862
2022-09-14,EUNL.DE,73.318
2022-09-15,EUNL.DE,72.864
2022-09-16,EUNL.DE,71.52
2022-09-19,EUNL.DE,71.67
2022-09-20,EUNL.DE,71.596
2022-09-21,EUNL.DE,72.528
2022-09-22,EUNL.DE,70.938
2022-09-23,EUNL.DE,70.126
2022-09-26,EUNL.DE,70.384
2022-09-27,EUNL.DE,70.244
2022-09-28,EUNL.DE,70.476
2022-09-29,EUNL.DE,68.84
2022-09-30,EUNL.DE,69.26
2022-10-03,EUNL.DE,69.162
2022-10-04,EUNL.DE,70.676
2022-10-05,EUNL.DE,70.55
2022-10-06,EUNL.DE,71.084
2022-10-07,EUNL.DE,69.68
2022-10-10,EUNL.DE,69.28
2022-10-11,EUNL.DE,68.88
2022-10-12,EUNL.DE,68.634
2022-10-13,EUNL.DE,68.766
2022-10-14,EUNL.DE,68.892
2022-10-17,EUNL.DE,69.592
2022-10-18,EUNL.DE,69.716
2022-10-19,EUNL.DE,69.956
2022-10-20,EUNL.DE,70.13
2022-10-21,EUNL.DE,69.786
2022-10-24,EUNL.DE,70.592
2022-10-25,EUNL.DE,71.314
2022-10-26,EUNL.DE,71.428
2022-10-27,EUNL.DE,71.256
2022-10-28,EUNL.DE,71.788
2022-10-31,EUNL.DE,72.402
2022-11-01,EUNL.DE,72.418
2022-11-02,EUNL.DE,71.99
2022-11-03,EUNL.DE,71.182
2022-11-04,EUNL.DE,70.528
2022-11-07,EUNL.DE,70.912
2022-11-08,EUNL.DE,71.61
2022-11-09,EUNL.DE,70.79
2022-11-10,EUNL.DE,72.466
2022-11-11,EUNL.DE,72.202
2022-11-14,EUNL.DE,72.526
2022-11-15,EUNL.DE,72.87
2022-11-16,EUNL.DE,71.904
2022-11-17,EUNL.DE,71.556
2022-11-18,EUNL.DE,72.088
2022-11-21,EUNL.DE,72.344
2022-11-22,EUNL.DE,72.816
2022-11-23,EUNL.DE,73.092
2022-11-24,EUNL.DE,73.21
2022-11-25,EUNL.DE,73.126
2022-11-28,EUNL.DE,72.578
2022-11-29,EUNL.DE,72.126
2022-11-30,EUNL.DE,72.62
2022-12-01,EUNL.DE,73.368
2022-12-02,EUNL.DE,72.998
2022-12-05,EUNL.DE,72.366
2022-12-06,EUNL.DE,71.398
2022-12-07,EUNL.DE,71.008
2022-12-08,EUNL.DE,71.118
2022-12-09,EUNL.DE,71.486
2022-12-12,EUNL.DE,71.174
2022-12-13,EUNL.DE,72.234
2022-12-14,EUNL.DE,72.03
2022-12-15,EUNL.DE,69.562
2022-12-16,EUNL.DE,68.978
2022-12-19,EUNL.DE,68.688
2022-12-20,EUNL.DE,68.498
2022-12-21,EUNL.DE,69.724
2022-12-22,EUNL.DE,68.696
2022-12-23,EUNL.DE,68.854
2022-12-27,EUNL.DE,68.822
2022-12-28,EUNL.DE,68.456
2022-12-29,EUNL.DE,68.982
2022-12-30,EUNL.DE,68.478
2023-01-02,EUNL.DE,69.858
2023-01-03,EUNL.DE,69.158
2023-01-04,EUNL.DE,69.854
2023-01-05,EUNL.DE,69.402
2023-01-06,EUNL.DE,70.062
2023-01-09,EUNL.DE,70.482
2023-01-10,EUNL.DE,69.676
2023-01-11,EUNL.DE,70.328
2023-01-12,EUNL.DE,70.56
2023-01-13,EUNL.DE,70.816
2023-01-16,EUNL.DE,71.104
2023-01-17,EUNL.DE,71.368
2023-01-18,EUNL.DE,70.904
2023-01-19,EUNL.DE,69.882
2023-01-20,EUNL.DE,70.36
2023-01-23,EUNL.DE,71.428
2023-01-24,EUNL.DE,71.306
2023-01-25,EUNL.DE,70.744
2023-01-26,EUNL.DE,71.568
2023-01-27,EUNL.DE,72.21
2023-01-30,EUNL.DE,71.86
2023-01-31,EUNL.DE,71.818
2023-02-01,EUNL.DE,71.754
2023-02-02,EUNL.DE,73.456
2023-02-03,EUNL.DE,73.856
2023-02-06,EUNL.DE,73.456
2023-02-07,EUNL.DE,73.628
2023-02-08,EUNL.DE,73.528
2023-02-09,EUNL.DE,73.602
2023-02-10,EUNL.DE,73.288
2023-02-13,EUNL.DE,73.748
2023-02-14,EUNL.DE,73.458
2023-02-15,EUNL.DE,74.074
2023-02-16,EUNL.DE,73.954
2023-02-17,EUNL.DE,73.132
2023-02-20,EUNL.DE,73.242
2023-02-21,EUNL.DE,72.558
2023-02-22,EUNL.DE,72.52
2023-02-23,EUNL.DE,72.452
2023-02-24,EUNL.DE,72.11
2023-02-27,EUNL.DE,72.51
2023-02-28,EUNL.DE,72.244
2023-03-01,EUNL.DE,71.524
2023-03-02,EUNL.DE,71.848
2023-03-03,EUNL.DE,73.03
2023-03-06,EUNL.DE,73.348
2023-03-07,EUNL.DE,72.876
2023-03-08,EUNL.DE,72.754
2023-03-09,EUNL.DE,72.776
2023-03-10,EUNL.DE,71.22
2023-03-13,EUNL.DE,69.572
2023-03-14,EUNL.DE,70.564
2023-03-15,EUNL.DE,69.902
2023-03-16,EUNL.DE,70.87
2023-03-17,EUNL.DE,70.328
2023-03-20,EUNL.DE,70.364
2023-03-21,EUNL.DE,70.912
2023-03-22,EUNL.DE,71.048
2023-03-23,EUNL.DE,70.456
2023-03-24,EUNL.DE,70.266
2023-03-27,EUNL.DE,70.854
2023-03-28,EUNL.DE,70.506
2023-03-29,EUNL.DE,71.202
2023-03-30,EUNL.DE,71.562
2023-03-31,EUNL.DE,72.378
2023-04-03,EUNL.DE,72.544
2023-04-04,EUNL.DE,72.138
2023-04-05,EUNL.DE,71.992
2023-04-06,EUNL.DE,72.042
2023-04-11,EUNL.DE,72.496
2023-04-12,EUNL.DE,72.202
2023-04-13,EUNL.DE,72.114
2023-04-14,EUNL.DE,72.634
2023-04-17,EUNL.DE,72.97
2023-04-18,EUNL.DE,73.122
2023-04-19,EUNL.DE,73.002
2023-04-20,EUNL.DE,72.776
2023-04-21,EUNL.DE,72.664
2023-04-24,EUNL.DE,72.428
2023-04-25,EUNL.DE,72.292
2023-04-26,EUNL.DE,71.53
2023-04-27,EUNL.DE,71.902
2023-04-28,EUNL.DE,72.566
2023-05-02,EUNL.DE,71.882
2023-05-03,EUNL.DE,71.938
2023-05-04,EUNL.DE,71.458
2023-05-05,EUNL.DE,72.4
2023-05-08,EUNL.DE,72.638
2023-05-09,EUNL.DE,72.89
2023-05-10,EUNL.DE,72.782
2023-05-11,EUNL.DE,73.008
2023-05-12,EUNL.DE,73.236
2023-05-15,EUNL.DE,73.454
2023-05-16,EUNL.DE,73.318
2023-05-17,EUNL.DE,73.52
2023-05-18,EUNL.DE,74.588
2023-05-19,EUNL.DE,74.534
2023-05-22,EUNL.DE,74.83
2023-05-23,EUNL.DE,74.618
2023-05-24,EUNL.DE,73.494
2023-05-25,EUNL.DE,73.81
2023-05-26,EUNL.DE,74.858
2023-05-29,EUNL.DE,75.102
2023-05-30,EUNL.DE,74.77
2023-05-31,EUNL.DE,74.336
2023-06-01,EUNL.DE,74.724
2023-06-02,EUNL.DE,76.064
2023-06-05,EUNL.DE,76.284
2023-06-06,EUNL.DE,76.426
2023-06-07,EUNL.DE,76.28
2023-06-08,EUNL.DE,75.882
2023-06-09,EUNL.DE,76.254
2023-06-12,EUNL.DE,76.466
2023-06-13,EUNL.DE,77.184
2023-06-14,EUNL.DE,77.182
2023-06-15,EUNL.DE,76.896
2023-06-16,EUNL.DE,77.214
2023-06-19,EUNL.DE,76.758
2023-06-20,EUNL.DE,76.394
2023-06-21,EUNL.DE,76.01
2023-06-22,EUNL.DE,75.826
2023-06-23,EUNL.DE,75.764
2023-06-26,EUNL.DE,75.592
2023-06-27,EUNL.DE,75.52
2023-06-28,EUNL.DE,76.27
2023-06-29,EUNL.DE,76.538
2023-06-30,EUNL.DE,77.202
2023-07-03,EUNL.DE,77.394
2023-07-04,EUNL.DE,77.486
2023-07-05,EUNL.DE,77.414
2023-07-06,EUNL.DE,76.144
2023-07-07,EUNL.DE,76.142
2023-07-10,EUNL.DE,75.846
2023-07-11,EUNL.DE,76.142
2023-07-12,EUNL.DE,76.474
2023-07-13,EUNL.DE,76.518
2023-07-14,EUNL.DE,76.498
2023-07-17,EUNL.DE,76.422
2023-07-18,EUNL.DE,76.836
2023-07-19,EUNL.DE,77.494
2023-07-20,EUNL.DE,77.572
2023-07-21,EUNL.DE,77.7
2023-07-24,EUNL.DE,77.992
2023-07-25,EUNL.DE,78.396
2023-07-26,EUNL.DE,78.092
2023-07-27,EUNL.DE,79.2
2023-07-28,EUNL.DE,78.972
2023-07-31,EUNL.DE,79.012
2023-08-01,EUNL.DE,78.94
2023-08-02,EUNL.DE,78.124
2023-08-03,EUNL.DE,77.722
2023-08-04,EUNL.DE,77.602
2023-08-07,EUNL.DE,77.426
2023-08-08,EUNL.DE,77.218
2023-08-09,EUNL.DE,77.164
2023-08-10,EUNL.DE,77.56
2023-08-11,EUNL.DE,77.038
2023-08-14,EUNL.DE,77.52
2023-08-15,EUNL.DE,77.002
2023-08-16,EUNL.DE,76.844
2023-08-17,EUNL.DE,76.326
2023-08-18,EUNL.DE,75.748
2023-08-21,EUNL.DE,75.784
2023-08-22,EUNL.DE,76.516
2023-08-23,EUNL.DE,76.986
2023-08-24,EUNL.DE,76.72
2023-08-25,EUNL.DE,76.77
2023-08-28,EUNL.DE,77.324
2023-08-29,EUNL.DE,77.99
2023-08-30,EUNL.DE,77.958
2023-08-31,EUNL.DE,78.548
2023-09-01,EUNL.DE,78.906
2023-09-04,EUNL.DE,78.906
2023-09-05,EUNL.DE,79.224
2023-09-06,EUNL.DE,78.562
2023-09-07,EUNL.DE,78.462
2023-09-08,EUNL.DE,78.64
2023-09-11,EUNL.DE,78.626
2023-09-12,EUNL.DE,78.694
2023-09-13,EUNL.DE,78.65
2023-09-14,EUNL.DE,79.644
2023-09-15,EUNL.DE,79.266
2023-09-18,EUNL.DE,78.918
2023-09-19,EUNL.DE,78.546
2023-09-20,EUNL.DE,78.788
2023-09-21,EUNL.DE,77.536
2023-09-22,EUNL.DE,77.486
2023-09-25,EUNL.DE,77.45
2023-09-26,EUNL.DE,76.804
2023-09-27,EUNL.DE,76.998
2023-09-28,EUNL.DE,77.166
2023-09-29,EUNL.DE,77.28
2023-10-02,EUNL.DE,77.196
2023-10-03,EUNL.DE,76.222
2023-10-04,EUNL.DE,75.99
2023-10-05,EUNL.DE,76.02
2023-10-06,EUNL.DE,76.464
2023-10-09,EUNL.DE,76.958
2023-10-10,EUNL.DE,78.012
2023-10-11,EUNL.DE,77.676
2023-10-12,EUNL.DE,78.32
2023-10-13,EUNL.DE,77.848
2023-10-16,EUNL.DE,78.196
2023-10-17,EUNL.DE,78.032
2023-10-18,EUNL.DE,77.584
2023-10-19,EUNL.DE,76.702
2023-10-20,EUNL.DE,75.354
2023-10-23,EUNL.DE,75.074
2023-10-24,EUNL.DE,75.476
2023-10-25,EUNL.DE,75.146
2023-10-26,EUNL.DE,74.574
2023-10-27,EUNL.DE,73.922
2023-10-30,EUNL.DE,73.994
2023-10-31,EUNL.DE,74.614
2023-11-01,EUNL.DE,75.478
2023-11-02,EUNL.DE,76.606
2023-11-03,EUNL.DE,77.0
2023-11-06,EUNL.DE,76.756
2023-11-07,EUNL.DE,77.256
2023-11-08,EUNL.DE,76.954
2023-11-09,EUNL.DE,77.29
2023-11-10,EUNL.DE,77.132
2023-11-13,EUNL.DE,77.642
2023-11-14,EUNL.DE,78.176
2023-11-15,EUNL.DE,78.42
2023-11-16,EUNL.DE,77.974
2023-11-17,EUNL.DE,78.31
2023-11-20,EUNL.DE,78.31
2023-11-21,EUNL.DE,78.364
2023-11-22,EUNL.DE,79.028
2023-11-23,EUNL.DE,78.986
2023-11-24,EUNL.DE,78.84
2023-11-27,EUNL.DE,78.724
2023-11-28,EUNL.DE,78.524
2023-11-29,EUNL.DE,78.652
2023-11-30,EUNL.DE,78.974
2023-12-01,EUNL.DE,79.818
2023-12-04,EUNL.DE,79.818
2023-12-05,EUNL.DE,79.818
2023-12-06,EUNL.DE,79.818
2023-12-07,EUNL.DE,80.38
2023-12-08,EUNL.DE,80.858
2023-12-11,EUNL.DE,81.14
2023-12-12,EUNL.DE,81.134
2023-12-13,EUNL.DE,81.454
2023-12-14,EUNL.DE,81.396
2023-12-15,EUNL.DE,81.962
2023-12-18,EUNL.DE,81.998
2023-12-19,EUNL.DE,82.098
2023-12-20,EUNL.DE,82.38
2023-12-21,EUNL.DE,81.748
2023-12-22,EUNL.DE,82.05
2023-12-27,EUNL.DE,81.756
2023-12-28,EUNL.DE,82.078
2023-12-29,EUNL.DE,82.26
2024-01-02,EUNL.DE,82.216
2024-01-03,EUNL.DE,81.842
2024-01-04,EUNL.DE,81.798
2024-01-05,EUNL.DE,81.628
2024-01-08,EUNL.DE,81.788
2024-01-09,EUNL.DE,82.39
2024-01-10,EUNL.DE,82.436
2024-01-11,EUNL.DE,82.096
2024-01-12,EUNL.DE,82.684
2024-01-15,EUNL.DE,82.744
2024-01-16,EUNL.DE,82.962
2024-01-17,EUNL.DE,82.386
2024-01-18,EUNL.DE,82.72
2024-01-19,EUNL.DE,83.004
2024-01-22,EUNL.DE,83.96
2024-01-23,EUNL.DE,84.068
2024-01-24,EUNL.DE,84.52
2024-01-25,EUNL.DE,84.886
2024-01-26,EUNL.DE,84.954
2024-01-29,EUNL.DE,85.31
2024-01-30,EUNL.DE,85.536
2024-01-31,EUNL.DE,85.044
2024-02-01,EUNL.DE,84.69
2024-02-02,EUNL.DE,86.062
2024-02-05,EUNL.DE,86.162
2024-02-06,EUNL.DE,86.374
2024-02-07,EUNL.DE,86.75
2024-02-08,EUNL.DE,86.786
2024-02-09,EUNL.DE,86.924
2024-02-12,EUNL.DE,87.66
2024-02-13,EUNL.DE,86.804
2024-02-14,EUNL.DE,86.926
2024-02-15,EUNL.DE,87.36
2024-02-16,EUNL.DE,87.712
2024-02-19,EUNL.DE,87.542
2024-02-20,EUNL.DE,86.662
2024-02-21,EUNL.DE,86.564
2024-02-22,EUNL.DE,88.044
2024-02-23,EUNL.DE,88.39
2024-02-26,EUNL.DE,88.04
2024-02-27,EUNL.DE,87.926
2024-02-28,EUNL.DE,87.966
2024-02-29,EUNL.DE,88.198
2024-03-01,EUNL.DE,88.796
2024-03-04,EUNL.DE,88.756
2024-03-05,EUNL.DE,88.178
2024-03-06,EUNL.DE,88.53
2024-03-07,EUNL.DE,88.896
2024-03-08,EUNL.DE,88.908
2024-03-11,EUNL.DE,88.33
2024-03-12,EUNL.DE,89.056
2024-03-13,EUNL.DE,89.096
2024-03-14,EUNL.DE,89.174
2024-03-15,EUNL.DE,88.61
2024-03-18,EUNL.DE,89.408
2024-03-19,EUNL.DE,89.54
2024-03-20,EUNL.DE,89.73
2024-03-21,EUNL.DE,91.018
2024-03-22,EUNL.DE,90.986
2024-03-25,EUNL.DE,90.71
2024-03-26,EUNL.DE,90.916
2024-03-27,EUNL.DE,90.852
2024-03-28,EUNL.DE,91.452
2024-04-02,EUNL.DE,90.694
2024-04-03,EUNL.DE,90.776
2024-04-04,EUNL.DE,90.848
2024-04-05,EUNL.DE,90.234
2024-04-08,EUNL.DE,90.386
2024-04-09,EUNL.DE,89.872
2024-04-10,EUNL.DE,90.286
2024-04-11,EUNL.DE,90.436
2024-04-12,EUNL.DE,90.86
2024-04-15,EUNL.DE,90.672
2024-04-16,EUNL.DE,89.218
2024-04-17,EUNL.DE,88.738
2024-04-18,EUNL.DE,88.966
2024-04-19,EUNL.DE,88.146
2024-04-22,EUNL.DE,88.276
2024-04-23,EUNL.DE,89.266
2024-04-24,EUNL.DE,89.274
2024-04-25,EUNL.DE,88.198
2024-04-26,EUNL.DE,89.804
2024-04-29,EUNL.DE,89.826
2024-04-30,EUNL.DE,89.576
2024-05-02,EUNL.DE,88.89
2024-05-03,EUNL.DE,89.65
2024-05-06,EUNL.DE,90.312
2024-05-07,EUNL.DE,90.946
2024-05-08,EUNL.DE,90.934
2024-05-09,EUNL.DE,91.14
2024-05-10,EUNL.DE,91.436
2024-05-13,EUNL.DE,91.314
2024-05-14,EUNL.DE,91.26
2024-05-15,EUNL.DE,91.926
2024-05-16,EUNL.DE,92.288
2024-05-17,EUNL.DE,91.974
2024-05-20,EUNL.DE,92.512
2024-05-21,EUNL.DE,92.302
2024-05-22,EUNL.DE,92.348
2024-05-23,EUNL.DE,92.386
2024-05-24,EUNL.DE,92.036
2024-05-27,EUNL.DE,92.24
2024-05-28,EUNL.DE,91.894
2024-05-29,EUNL.DE,91.554
2024-05-30,EUNL.DE,91.246
2024-05-31,EUNL.DE,90.726
2024-06-03,EUNL.DE,91.418
2024-06-04,EUNL.DE,91.146
2024-06-05,EUNL.DE,92.274
2024-06-06,EUNL.DE,92.582
2024-06-07,EUNL.DE,93.072
2024-06-10,EUNL.DE,93.448
2024-06-11,EUNL.DE,93.28
2024-06-12,EUNL.DE,93.812
2024-06-13,EUNL.DE,93.784
2024-06-14,EUNL.DE,94.064
2024-06-17,EUNL.DE,94.076
2024-06-18,EUNL.DE,94.62
2024-06-19,EUNL.DE,94.728
2024-06-20,EUNL.DE,95.112
2024-06-21,EUNL.DE,94.786
2024-06-24,EUNL.DE,94.944
2024-06-25,EUNL.DE,94.858
2024-06-26,EUNL.DE,94.878
2024-06-27,EUNL.DE,94.802
2024-06-28,EUNL.DE,95.186
2024-07-01,EUNL.DE,94.654
2024-07-02,EUNL.DE,94.83
2024-07-03,EUNL.DE,95.096
2024-07-04,EUNL.DE,95.298
2024-07-05,EUNL.DE,95.326
2024-07-08,EUNL.DE,95.508
2024-07-09,EUNL.DE,95.646
2024-07-10,EUNL.DE,96.022
2024-07-11,EUNL.DE,95.864
2024-07-12,EUNL.DE,96.344
2024-07-15,EUNL.DE,96.36
2024-07-16,EUNL.DE,96.488
2024-07-17,EUNL.DE,95.486
2024-07-18,EUNL.DE,94.936
2024-07-19,EUNL.DE,94.33
2024-07-22,EUNL.DE,94.784
2024-07-23,EUNL.DE,95.674
2024-07-24,EUNL.DE,94.038
2024-07-25,EUNL.DE,93.552
2024-07-26,EUNL.DE,93.722
2024-07-29,EUNL.DE,93.922
2024-07-30,EUNL.DE,93.962
2024-07-31,EUNL.DE,95.374
2024-08-01,EUNL.DE,94.386
2024-08-02,EUNL.DE,90.704
2024-08-05,EUNL.DE,88.634
2024-08-06,EUNL.DE,89.328
2024-08-07,EUNL.DE,90.67
2024-08-08,EUNL.DE,90.644
2024-08-09,EUNL.DE,91.004
2024-08-12,EUNL.DE,91.168
2024-08-13,EUNL.DE,92.072
2024-08-14,EUNL.DE,92.306
2024-08-15,EUNL.DE,93.918
2024-08-16,EUNL.DE,94.052
2024-08-19,EUNL.DE,94.296
2024-08-20,EUNL.DE,94.102
2024-08-21,EUNL.DE,94.184
2024-08-22,EUNL.DE,94.348
2024-08-23,EUNL.DE,94.366
2024-08-26,EUNL.DE,94.33
2024-08-27,EUNL.DE,94.388
2024-08-28,EUNL.DE,94.37
2024-08-29,EUNL.DE,95.442
2024-08-30,EUNL.DE,95.132
2024-09-02,EUNL.DE,95.7
2024-09-03,EUNL.DE,94.78
2024-09-04,EUNL.DE,93.632
2024-09-05,EUNL.DE,93.032
2024-09-06,EUNL.DE,91.766
2024-09-09,EUNL.DE,92.84
2024-09-10,EUNL.DE,93.012
2024-09-11,EUNL.DE,92.588
2024-09-12,EUNL.DE,94.302
2024-09-13,EUNL.DE,94.986
2024-09-16,EUNL.DE,94.546
2024-09-17,EUNL.DE,95.148
2024-09-18,EUNL.DE,94.646
2024-09-19,EUNL.DE,95.996
2024-09-20,EUNL.DE,95.358
2024-09-23,EUNL.DE,96.024
2024-09-24,EUNL.DE,96.058
2024-09-25,EUNL.DE,96.082
2024-09-26,EUNL.DE,96.308
2024-09-27,EUNL.DE,96.662
2024-09-30,EUNL.DE,96.396
2024-10-01,EUNL.DE,96.59
2024-10-02,EUNL.DE,96.912
2024-10-03,EUNL.DE,96.706
2024-10-04,EUNL.DE,97.298
2024-10-07,EUNL.DE,97.592
2024-10-08,EUNL.DE,97.506
2024-10-09,EUNL.DE,98.292
2024-10-10,EUNL.DE,98.452
2024-10-11,EUNL.DE,98.82
2024-10-14,EUNL.DE,99.634
2024-10-15,EUNL.DE,99.406
2024-10-16,EUNL.DE,99.354
2024-10-17,EUNL.DE,100.225
2024-10-18,EUNL.DE,100.12
2024-10-21,EUNL.DE,99.732
2024-10-22,EUNL.DE,99.862
2024-10-23,EUNL.DE,99.532
2024-10-24,EUNL.DE,99.392
2024-10-25,EUNL.DE,99.74
2024-10-28,EUNL.DE,99.68
2024-10-29,EUNL.DE,99.76
2024-10-30,EUNL.DE,99.262
2024-10-31,EUNL.DE,97.572
2024-11-01,EUNL.DE,98.294
2024-11-04,EUNL.DE,97.48
2024-11-05,EUNL.DE,97.958
2024-11-06,EUNL.DE,101.025
2024-11-07,EUNL.DE,101.625
2024-11-08,EUNL.DE,102.355
2024-11-11,EUNL.DE,103.495
2024-11-12,EUNL.DE,103.14
2024-11-13,EUNL.DE,103.525
2024-11-14,EUNL.DE,103.425
2024-11-15,EUNL.DE,102.075
2024-11-18,EUNL.DE,102.395
2024-11-19,EUNL.DE,102.3
2024-11-20,EUNL.DE,102.36
2024-11-21,EUNL.DE,103.66
2024-11-22,EUNL.DE,104.9
2024-11-25,EUNL.DE,104.645
2024-11-26,EUNL.DE,104.81
2024-11-27,EUNL.DE,103.94
2024-11-28,EUNL.DE,104.43
2024-11-29,EUNL.DE,104.805
2024-12-02,EUNL.DE,105.705
2024-12-03,EUNL.DE,105.63
2024-12-04,EUNL.DE,105.975
2024-12-05,EUNL.DE,105.845
2024-12-06,EUNL.DE,105.895
2024-12-09,EUNL.DE,105.55
2024-12-10,EUNL.DE,105.755
2024-12-11,EUNL.DE,106.37
2024-12-12,EUNL.DE,106.105
2024-12-13,EUNL.DE,105.595
2024-12-16,EUNL.DE,105.79
2024-12-17,EUNL.DE,105.485
2024-12-18,EUNL.DE,105.685
2024-12-19,EUNL.DE,104.005
2024-12-20,EUNL.DE,104.24
2024-12-23,EUNL.DE,104.0
2024-12-27,EUNL.DE,104.56
2024-12-30,EUNL.DE,103.59
2025-01-02,EUNL.DE,105.365
2025-01-03,EUNL.DE,105.17
2025-01-06,EUNL.DE,105.76
2025-01-07,EUNL.DE,105.005
2025-01-08,EUNL.DE,105.08
2025-01-09,EUNL.DE,105.185
2025-01-10,EUNL.DE,104.145
2025-01-13,EUNL.DE,104.015
2025-01-14,EUNL.DE,103.825
2025-01-15,EUNL.DE,105.46
2025-01-16,EUNL.DE,105.79
2025-01-17,EUNL.DE,106.705
2025-01-20,EUNL.DE,106.215
2025-01-21,EUNL.DE,106.28
2025-01-22,EUNL.DE,107.185
2025-01-23,EUNL.DE,107.32
2025-01-24,EUNL.DE,106.84
2025-01-27,EUNL.DE,105.105
2025-01-28,EUNL.DE,106.435
2025-01-29,EUNL.DE,106.825
2025-01-30,EUNL.DE,107.12
2025-01-31,EUNL.DE,108.18
2025-02-03,EUNL.DE,107.205
2025-02-04,EUNL.DE,107.195
2025-02-05,EUNL.DE,106.955
2025-02-06,EUNL.DE,108.14
2025-02-07,EUNL.DE,107.875
2025-02-10,EUNL.DE,108.555
2025-02-11,EUNL.DE,108.3
2025-02-12,EUNL.DE,107.55
2025-02-13,EUNL.DE,108.105
2025-02-14,EUNL.DE,107.87
2025-02-17,EUNL.DE,108.415
2025-02-18,EUNL.DE,108.48
2025-02-19,EUNL.DE,108.815
2025-02-20,EUNL.DE,107.735
2025-02-21,EUNL.DE,107.85
2025-02-24,EUNL.DE,106.68
2025-02-25,EUNL.DE,105.035
2025-02-26,EUNL.DE,106.39
2025-02-27,EUNL.DE,106.595
2025-02-28,EUNL.DE,105.525
2025-03-03,EUNL.DE,105.765
2025-03-04,EUNL.DE,102.335
2025-03-05,EUNL.DE,100.775
2025-03-06,EUNL.DE,100.975
2025-03-07,EUNL.DE,99.148
2025-03-10,EUNL.DE,98.38
2025-03-11,EUNL.DE,96.454
2025-03-12,EUNL.DE,97.432
2025-03-13,EUNL.DE,96.764
2025-03-14,EUNL.DE,97.882
2025-03-17,EUNL.DE,98.252
2025-03-18,EUNL.DE,97.852
2025-03-19,EUNL.DE,98.868
2025-03-20,EUNL.DE,99.228
2025-03-21,EUNL.DE,98.908
2025-03-24,EUNL.DE,100.68
2025-03-25,EUNL.DE,100.865
2025-03-26,EUNL.DE,100.385
2025-03-27,EUNL.DE,99.936
2025-03-28,EUNL.DE,97.82
2025-03-31,EUNL.DE,97.178
2025-04-01,EUNL.DE,98.336
2025-04-02,EUNL.DE,98.244
2025-04-03,EUNL.DE,93.414
2025-04-04,EUNL.DE,89.05
2025-04-07,EUNL.DE,86.692
2025-04-08,EUNL.DE,89.508
2025-04-09,EUNL.DE,85.174
2025-04-10,EUNL.DE,88.624
2025-04-11,EUNL.DE,87.85
2025-04-14,EUNL.DE,90.262
2025-04-15,EUNL.DE,91.214
2025-04-16,EUNL.DE,90.146
2025-04-17,EUNL.DE,89.224
2025-04-22,EUNL.DE,88.478
2025-04-23,EUNL.DE,91.12
2025-04-24,EUNL.DE,91.952
2025-04-25,EUNL.DE,92.358
2025-04-28,EUNL.DE,92.59
2025-04-29,EUNL.DE,93.042
2025-04-30,EUNL.DE,93.36
2025-05-02,EUNL.DE,95.648
2025-05-05,EUNL.DE,95.782
2025-05-06,EUNL.DE,95.28
2025-05-07,EUNL.DE,94.826
2025-05-08,EUNL.DE,96.366
2025-05-09,EUNL.DE,96.318
2025-05-12,EUNL.DE,99.484
2025-05-13,EUNL.DE,100.09
2025-05-14,EUNL.DE,99.844
2025-05-15,EUNL.DE,100.22
2025-05-16,EUNL.DE,100.955
2025-05-19,EUNL.DE,100.375
2025-05-20,EUNL.DE,100.61
2025-05-21,EUNL.DE,99.792
2025-05-22,EUNL.DE,99.068
2025-05-23,EUNL.DE,97.95
2025-05-26,EUNL.DE,98.892
2025-05-27,EUNL.DE,99.652
2025-05-28,EUNL.DE,99.74
2025-05-29,EUNL.DE,99.302
2025-05-30,EUNL.DE,99.308
2025-06-02,EUNL.DE,98.87
2025-06-03,EUNL.DE,100.065
2025-06-04,EUNL.DE,100.09
2025-06-05,EUNL.DE,100.115
2025-06-06,EUNL.DE,100.5
2025-06-09,EUNL.DE,100.49
2025-06-10,EUNL.DE,100.49
2025-06-11,EUNL.DE,100.495
2025-06-12,EUNL.DE,99.598
2025-06-13,EUNL.DE,99.212
2025-06-16,EUNL.DE,99.598
2025-06-17,EUNL.DE,99.402
2025-06-18,EUNL.DE,99.336
2025-06-19,EUNL.DE,98.536
2025-06-20,EUNL.DE,98.848
2025-06-23,EUNL.DE,98.624
2025-06-24,EUNL.DE,99.556
2025-06-25,EUNL.DE,99.438
2025-06-26,EUNL.DE,99.54
2025-06-27,EUNL.DE,100.375
2025-06-30,EUNL.DE,100.155
2025-07-01,EUNL.DE,99.966
2025-07-02,EUNL.DE,100.24
2025-07-03,EUNL.DE,101.23
2025-07-04,EUNL.DE,100.56
2025-07-07,EUNL.DE,100.885
2025-07-08,EUNL.DE,100.915
2025-07-09,EUNL.DE,101.25
2025-07-10,EUNL.DE,101.98
2025-07-11,EUNL.DE,101.335
2025-07-14,EUNL.DE,101.475
2025-07-15,EUNL.DE,102.03
2025-07-16,EUNL.DE,100.485
2025-07-17,EUNL.DE,102.555
2025-07-18,EUNL.DE,102.21
2025-07-21,EUNL.DE,102.31
2025-07-22,EUNL.DE,101.62
2025-07-23,EUNL.DE,102.51
2025-07-24,EUNL.DE,102.73
2025-07-25,EUNL.DE,102.945
2025-07-28,EUNL.DE,103.825
2025-07-29,EUNL.DE,104.255
2025-07-30,EUNL.DE,104.745
2025-07-31,EUNL.DE,104.99
2025-08-01,EUNL.DE,101.825
2025-08-04,EUNL.DE,103.02
2025-08-05,EUNL.DE,102.74
2025-08-06,EUNL.DE,103.04
2025-08-07,EUNL.DE,103.23
2025-08-08,EUNL.DE,103.55
2025-08-11,EUNL.DE,104.185
2025-08-12,EUNL.DE,104.155
2025-08-13,EUNL.DE,104.31
2025-08-14,EUNL.DE,104.86
2025-08-15,EUNL.DE,104.55
2025-08-18,EUNL.DE,104.73
2025-08-19,EUNL.DE,104.73
2025-08-20,EUNL.DE,104.125
2025-08-21,EUNL.DE,104.57
2025-08-22,EUNL.DE,105.13
2025-08-25,EUNL.DE,105.04
2025-08-26,EUNL.DE,104.805
2025-08-27,EUNL.DE,105.675
2025-08-28,EUNL.DE,105.345
2025-08-29,EUNL.DE,104.585
2025-09-01,EUNL.DE,104.85
2025-09-02,EUNL.DE,103.635
2025-09-03,EUNL.DE,104.39
2025-09-04,EUNL.DE,105.25
2025-09-05,EUNL.DE,104.55
2025-09-08,EUNL.DE,105.195
2025-09-09,EUNL.DE,105.23
2025-09-10,EUNL.DE,105.8
2025-09-11,EUNL.DE,106.435
2025-09-12,EUNL.DE,106.495
2025-09-15,EUNL.DE,106.635
2025-09-16,EUNL.DE,105.74
2025-09-17,EUNL.DE,105.67
2025-09-18,EUNL.DE,106.86
2025-09-19,EUNL.DE,106.965
2025-09-22,EUNL.DE,107.18
2025-09-23,EUNL.DE,107.295
2025-09-24,EUNL.DE,107.105
2025-09-25,EUNL.DE,106.955
2025-09-26,EUNL.DE,107.065
2025-09-29,EUNL.DE,107.345
2025-09-30,EUNL.DE,107.195
2025-10-01,EUNL.DE,108.035
2025-10-02,EUNL.DE,108.42
2025-10-03,EUNL.DE,108.87
2025-10-06,EUNL.DE,109.24
2025-10-07,EUNL.DE,109.02
2025-10-08,EUNL.DE,110.01
2025-10-09,EUNL.DE,110.1
2025-10-10,EUNL.DE,107.92
2025-10-13,EUNL.DE,108.745
2025-10-14,EUNL.DE,108.31
2025-10-15,EUNL.DE,108.89
2025-10-16,EUNL.DE,108.8
2025-10-17,EUNL.DE,107.605
2025-10-20,EUNL.DE,109.5
2025-10-21,EUNL.DE,109.955
2025-10-22,EUNL.DE,109.35
2025-10-23,EUNL.DE,109.785
2025-10-27,EUNL.DE,111.37
2025-10-28,EUNL.DE,111.58
2025-10-29,EUNL.DE,111.765
2025-10-30,EUNL.DE,111.905
2025-10-31,EUNL.DE,111.835
2025-11-03,EUNL.DE,111.97
2025-11-04,EUNL.DE,111.54
2025-11-05,EUNL.DE,111.735
2025-11-06,EUNL.DE,110.07
2025-11-07,EUNL.DE,108.7
2025-11-10,EUNL.DE,110.915
2025-11-11,EUNL.DE,111.35
2025-11-12,EUNL.DE,111.955
2025-11-13,EUNL.DE,110.4
2025-11-14,EUNL.DE,110.25
2025-11-17,EUNL.DE,109.775
2025-11-18,EUNL.DE,108.295
2025-11-19,EUNL.DE,108.55
2025-11-20,EUNL.DE,109.24
2025-11-21,EUNL.DE,108.27
2025-11-24,EUNL.DE,109.565
2025-11-25,EUNL.DE,109.795
2025-11-26,EUNL.DE,111.115
2025-11-27,EUNL.DE,111.0
2025-11-28,EUNL.DE,111.465
2025-12-01,EUNL.DE,111.01
2025-12-02,EUNL.DE,111.085
2025-12-03,EUNL.DE,111.035
2025-12-04,EUNL.DE,111.34
2025-12-05,EUNL.DE,111.72
2025-12-08,EUNL.DE,111.525
2025-12-09,EUNL.DE,111.655
2025-12-10,EUNL.DE,111.39
2025-12-11,EUNL.DE,110.98
2025-12-12,EUNL.DE,110.31
2025-12-15,EUNL.DE,110.45
2025-12-16,EUNL.DE,109.735
2025-12-17,EUNL.DE,109.265
2025-12-18,EUNL.DE,110.475
2025-12-19,EUNL.DE,110.955
2025-12-22,EUNL.DE,111.165
2025-12-23,EUNL.DE,111.415
2025-12-29,EUNL.DE,111.57
2025-12-30,EUNL.DE,111.775
2026-01-02,EUNL.DE,111.32
2026-01-05,EUNL.DE,112.745
2026-01-06,EUNL.DE,113.115
2026-01-07,EUNL.DE,113.475
2026-01-08,EUNL.DE,113.255
2026-01-09,EUNL.DE,114.19
2026-01-12,EUNL.DE,114.17
2026-01-13,EUNL.DE,114.345
2026-01-14,EUNL.DE,113.59
2026-01-15,EUNL.DE,114.95
2026-01-16,EUNL.DE,114.795
2026-01-19,EUNL.DE,113.125
2026-01-20,EUNL.DE,112.185
2026-01-21,EUNL.DE,112.245
2026-01-22,EUNL.DE,113.005
2026-01-23,EUNL.DE,112.815
2026-01-26,EUNL.DE,112.385
2026-01-27,EUNL.DE,112.235
2026-01-28,EUNL.DE,112.325
2026-01-29,EUNL.DE,111.42
2026-01-30,EUNL.DE,112.28
2026-02-02,EUNL.DE,113.44
2026-02-03,EUNL.DE,112.965
2026-02-04,EUNL.DE,112.7
2026-02-05,EUNL.DE,111.565
2026-02-06,EUNL.DE,112.675
2026-02-09,EUNL.DE,113.22
2026-02-10,EUNL.DE,113.465
2026-02-11,EUNL.DE,113.405
2026-02-12,EUNL.DE,112.39
2026-02-13,EUNL.DE,112.255
2026-02-16,EUNL.DE,112.0
2026-02-17,EUNL.DE,112.335
2026-02-18,EUNL.DE,113.545
2026-02-19,EUNL.DE,113.35
2026-02-20,EUNL.DE,113.76
2026-02-23,EUNL.DE,112.925
2026-02-24,EUNL.DE,113.425
2026-02-25,EUNL.DE,114.27
2026-02-26,EUNL.DE,114.035
2026-02-27,EUNL.DE,113.535
2026-03-02,EUNL.DE,113.955
2026-03-03,EUNL.DE,112.615
2026-03-04,EUNL.DE,113.85
2026-03-05,EUNL.DE,113.305
2026-03-09,EUNL.DE,111.515
2026-03-10,EUNL.DE,113.035
2026-03-11,EUNL.DE,112.635
2026-03-12,EUNL.DE,112.03
2026-03-13,EUNL.DE,111.87
2026-03-16,EUNL.DE,112.185
2026-03-17,EUNL.DE,112.44
2026-03-18,EUNL.DE,111.72
2026-03-19,EUNL.DE,109.855
2026-03-20,EUNL.DE,108.725
2026-03-23,EUNL.DE,109.155
2026-03-24,EUNL.DE,109.12
2026-03-25,EUNL.DE,110.185
2026-03-26,EUNL.DE,109.02
2026-03-27,EUNL.DE,107.475
2026-03-30,EUNL.DE,108.205
2026-03-31,EUNL.DE,108.055
2026-04-01,EUNL.DE,110.355
2026-04-02,EUNL.DE,110.38
2026-04-07,EUNL.DE,109.725
2026-04-08,EUNL.DE,112.49
2026-04-09,EUNL.DE,112.685
2026-04-10,EUNL.DE,112.95
2026-04-13,EUNL.DE,112.945
2026-04-14,EUNL.DE,114.2
2026-04-15,EUNL.DE,114.635
2026-04-16,EUNL.DE,115.32
2026-04-17,EUNL.DE,116.7
2026-04-20,EUNL.DE,116.2
2026-04-21,EUNL.DE,116.045
2026-04-22,EUNL.DE,116.565
2026-04-23,EUNL.DE,116.96
2026-04-24,EUNL.DE,116.725
2026-04-27,EUNL.DE,116.63
2026-04-28,EUNL.DE,116.25
2026-04-29,EUNL.DE,116.34
2026-04-30,EUNL.DE,117.035
2026-05-04,EUNL.DE,117.4
2026-05-05,EUNL.DE,118.24
2026-05-06,EUNL.DE,119.57
2026-05-07,EUNL.DE,119.595
2026-05-08,EUNL.DE,119.545
2026-05-11,EUNL.DE,119.93
2026-05-12,EUNL.DE,119.155
2026-05-13,EUNL.DE,120.425
2026-05-14,EUNL.DE,122.0
2026-05-15,EUNL.DE,121.06
2026-05-18,EUNL.DE,120.41
2026-05-19,EUNL.DE,120.29
2026-05-20,EUNL.DE,121.355
2026-05-21,EUNL.DE,121.52
2026-05-22,EUNL.DE,122.85
2026-05-25,EUNL.DE,123.5
2026-05-26,EUNL.DE,123.115
2026-05-27,EUNL.DE,122.815
2026-05-28,EUNL.DE,123.175
2026-05-29,EUNL.DE,123.42
2026-06-01,EUNL.DE,123.77
2026-06-02,EUNL.DE,124.3
2026-06-03,EUNL.DE,123.89
2026-06-04,EUNL.DE,123.91
2026-06-05,EUNL.DE,123.335
2026-06-08,EUNL.DE,122.62
2026-06-09,EUNL.DE,120.925
2026-06-10,EUNL.DE,120.69
2026-06-11,EUNL.DE,120.885
2026-06-12,EUNL.DE,122.9
2026-06-15,EUNL.DE,124.27
2026-06-16,EUNL.DE,124.12
2026-06-17,EUNL.DE,124.21
2026-06-18,EUNL.DE,124.64
2026-06-19,EUNL.DE,124.805
2026-06-22,EUNL.DE,125.06
2026-06-23,EUNL.DE,123.98
2026-06-24,EUNL.DE,124.79
2026-06-25,EUNL.DE,124.095
2026-06-26,EUNL.DE,123.75
2026-06-29,EUNL.DE,123.885
2026-06-30,EUNL.DE,125.035
2026-07-01,EUNL.DE,125.88
2026-07-02,EUNL.DE,125.3
2026-07-03,EUNL.DE,125.76
2026-07-06,EUNL.DE,126.35
2026-07-07,EUNL.DE,125.4
2026-07-08,EUNL.DE,124.5
2026-07-09,EUNL.DE,125.71
2026-07-10,EUNL.DE,126.145
2026-07-13,EUNL.DE,126.3
2026-07-14,EUNL.DE,126.06
2026-07-15,EUNL.DE,126.3
2026-07-16,EUNL.DE,126.255
2026-07-17,EUNL.DE,124.88
2026-07-20,EUNL.DE,125.24
2026-07-21,EUNL.DE,125.73
2026-07-22,EUNL.DE,126.0
2026-07-23,EUNL.DE,124.45
2026-07-24,EUNL.DE,125.31
2026-07-27,EUNL.DE,124.71
2026-07-28,EUNL.DE,125.205
2026-07-29,EUNL.DE,124.355
2026-07-30,EUNL.DE,123.655
2026-07-31,EUNL.DE,124.29
2026-08-03,EUNL.DE,126.175
2026-08-04,EUNL.DE,127.79
2026-08-05,EUNL.DE,128.24
2026-08-06,EUNL.DE,128.15
2026-08-07,EUNL.DE,128.65
2026-08-10,EUNL.DE,128.755
2026-08-11,EUNL.DE,128.71
2026-08-12,EUNL.DE,128.795
2026-08-13,EUNL.DE,129.395
2026-08-14,EUNL.DE,128.865
2026-08-17,EUNL.DE,128.7
2026-08-18,EUNL.DE,127.43
2026-08-19,EUNL.DE,126.975
2026-08-20,EUNL.DE,126.145
2026-08-21,EUNL.DE,126.505
2026-08-24,EUNL.DE,126.23
2026-08-25,EUNL.DE,126.535
2026-08-26,EUNL.DE,126.68
2026-08-27,EUNL.DE,127.13
2026-08-28,EUNL.DE,128.215
2026-08-31,EUNL.DE,126.765
2026-09-01,EUNL.DE,126.59
2026-09-02,EUNL.DE,126.815
2026-09-03,EUNL.DE,127.86
2026-09-04,EUNL.DE,127.455
2026-09-07,EUNL.DE,127.33
2026-09-08,EUNL.DE,127.145
2026-09-09,EUNL.DE,126.02
2026-09-10,EUNL.DE,125.45
2026-09-11,EUNL.DE,126.635
2026-09-14,EUNL.DE,126.395
2026-09-15,EUNL.DE,125.8
2026-09-16,EUNL.DE,126.425
2026-09-17,EUNL.DE,127.4
2026-09-18,EUNL.DE,127.04
2026-09-21,EUNL.DE,128.575
2026-09-22,EUNL.DE,129.365
2026-09-23,EUNL.DE,129.11
2026-09-24,EUNL.DE,128.35
2026-09-25,EUNL.DE,128.885
2014-06-11,IS3N.DE,18.9
2014-06-12,IS3N.DE,18.85
2014-06-13,IS3N.DE,18.84
2014-06-16,IS3N.DE,18.64
2014-06-17,IS3N.DE,18.68
2014-06-18,IS3N.DE,18.63
2014-06-19,IS3N.DE,18.76
2014-06-20,IS3N.DE,18.68
2014-06-23,IS3N.DE,18.65
2014-06-24,IS3N.DE,18.82
2014-06-25,IS3N.DE,18.59
2014-06-26,IS3N.DE,18.72
2014-06-27,IS3N.DE,18.68
2014-06-30,IS3N.DE,18.62
2014-07-01,IS3N.DE,18.72
2014-07-02,IS3N.DE,18.83
2014-07-03,IS3N.DE,18.99
2014-07-04,IS3N.DE,19.03
2014-07-07,IS3N.DE,19.03
2014-07-08,IS3N.DE,19.0
2014-07-09,IS3N.DE,19.01
2014-07-10,IS3N.DE,18.93
2014-07-11,IS3N.DE,18.96
2014-07-14,IS3N.DE,19.07
2014-07-15,IS3N.DE,19.1
2014-07-16,IS3N.DE,19.2
2014-07-17,IS3N.DE,19.08
2014-07-18,IS3N.DE,19.22
2014-07-21,IS3N.DE,19.17
2014-07-22,IS3N.DE,19.52
2014-07-23,IS3N.DE,19.55
2014-07-24,IS3N.DE,19.62
2014-07-25,IS3N.DE,19.58
2014-07-28,IS3N.DE,19.66
2014-07-29,IS3N.DE,19.65
2014-07-30,IS3N.DE,19.62
2014-07-31,IS3N.DE,19.25
2014-08-01,IS3N.DE,19.23
2014-08-04,IS3N.DE,19.39
2014-08-05,IS3N.DE,19.32
2014-08-06,IS3N.DE,19.26
2014-08-07,IS3N.DE,19.16
2014-08-08,IS3N.DE,19.1
2014-08-11,IS3N.DE,19.42
2014-08-12,IS3N.DE,19.42
2014-08-13,IS3N.DE,19.61
2014-08-14,IS3N.DE,19.59
2014-08-15,IS3N.DE,19.52
2014-08-18,IS3N.DE,19.72
2014-08-19,IS3N.DE,19.89
2014-08-20,IS3N.DE,19.94
2014-08-21,IS3N.DE,19.86
2014-08-22,IS3N.DE,19.9
2014-08-25,IS3N.DE,20.05
2014-08-26,IS3N.DE,20.15
2014-08-27,IS3N.DE,20.23
2014-08-28,IS3N.DE,20.09
2014-08-29,IS3N.DE,20.2
2014-09-01,IS3N.DE,20.38
2014-09-02,IS3N.DE,20.17
2014-09-03,IS3N.DE,20.43
2014-09-04,IS3N.DE,20.75
2014-09-05,IS3N.DE,20.68
2014-09-08,IS3N.DE,20.72
2014-09-09,IS3N.DE,20.53
2014-09-10,IS3N.DE,20.31
2014-09-11,IS3N.DE,20.24
2014-09-12,IS3N.DE,20.04
2014-09-15,IS3N.DE,19.92
2014-09-16,IS3N.DE,20.1
2014-09-17,IS3N.DE,20.05
2014-09-18,IS3N.DE,19.99
2014-09-19,IS3N.DE,20.03
2014-09-22,IS3N.DE,19.76
2014-09-23,IS3N.DE,19.65
2014-09-24,IS3N.DE,19.94
2014-09-25,IS3N.DE,19.64
2014-09-26,IS3N.DE,19.72
2014-09-29,IS3N.DE,19.42
2014-09-30,IS3N.DE,19.54
2014-10-01,IS3N.DE,19.37
2014-10-02,IS3N.DE,19.03
2014-10-06,IS3N.DE,19.74
2014-10-07,IS3N.DE,19.55
2014-10-08,IS3N.DE,19.27
2014-10-09,IS3N.DE,19.42
2014-10-10,IS3N.DE,19.05
2014-10-13,IS3N.DE,19.15
2014-10-14,IS3N.DE,19.14
2014-10-15,IS3N.DE,18.61
2014-10-16,IS3N.DE,18.58
2014-10-17,IS3N.DE,18.92
2014-10-20,IS3N.DE,18.79
2014-10-21,IS3N.DE,19.01
2014-10-22,IS3N.DE,19.08
2014-10-23,IS3N.DE,19.07
2014-10-24,IS3N.DE,19.07
2014-10-27,IS3N.DE,18.8
2014-10-28,IS3N.DE,19.11
2014-10-29,IS3N.DE,19.3
2014-10-30,IS3N.DE,19.49
2014-10-31,IS3N.DE,19.73
2014-11-03,IS3N.DE,19.64
2014-11-04,IS3N.DE,19.49
2014-11-05,IS3N.DE,19.51
2014-11-06,IS3N.DE,19.51
2014-11-07,IS3N.DE,19.5
2014-11-10,IS3N.DE,19.63
2014-11-11,IS3N.DE,19.45
2014-11-12,IS3N.DE,19.52
2014-11-13,IS3N.DE,19.4
2014-11-14,IS3N.DE,19.43
2014-11-17,IS3N.DE,19.33
2014-11-18,IS3N.DE,19.29
2014-11-19,IS3N.DE,19.25
2014-11-20,IS3N.DE,19.38
2014-11-21,IS3N.DE,19.94
2014-11-24,IS3N.DE,19.9
2014-11-25,IS3N.DE,19.75
2014-11-26,IS3N.DE,19.87
2014-11-27,IS3N.DE,19.86
2014-11-28,IS3N.DE,19.69
2014-12-01,IS3N.DE,19.25
2014-12-02,IS3N.DE,19.44
2014-12-03,IS3N.DE,19.64
2014-12-04,IS3N.DE,19.44
2014-12-05,IS3N.DE,19.58
2014-12-08,IS3N.DE,19.44
2014-12-09,IS3N.DE,18.96
2014-12-10,IS3N.DE,18.82
2014-12-11,IS3N.DE,18.74
2014-12-12,IS3N.DE,18.32
2014-12-15,IS3N.DE,18.02
2014-12-16,IS3N.DE,18.17
2014-12-17,IS3N.DE,18.3
2014-12-18,IS3N.DE,18.75
2014-12-19,IS3N.DE,18.98
2014-12-22,IS3N.DE,19.14
2014-12-23,IS3N.DE,19.12
2014-12-29,IS3N.DE,19.36
2014-12-30,IS3N.DE,19.25
2015-01-02,IS3N.DE,19.3
2015-01-05,IS3N.DE,19.22
2015-01-06,IS3N.DE,19.13
2015-01-07,IS3N.DE,19.59
2015-01-08,IS3N.DE,20.02
2015-01-09,IS3N.DE,19.88
2015-01-12,IS3N.DE,19.79
2015-01-13,IS3N.DE,20.09
2015-01-14,IS3N.DE,19.81
2015-01-15,IS3N.DE,20.31
2015-01-16,IS3N.DE,20.38
2015-01-19,IS3N.DE,20.13
2015-01-20,IS3N.DE,20.31
2015-01-21,IS3N.DE,20.62
2015-01-22,IS3N.DE,21.14
2015-01-23,IS3N.DE,21.58
2015-01-26,IS3N.DE,21.48
2015-01-27,IS3N.DE,21.16
2015-01-28,IS3N.DE,21.21
2015-01-29,IS3N.DE,20.9
2015-01-30,IS3N.DE,20.74
2015-02-02,IS3N.DE,20.9
2015-02-03,IS3N.DE,20.99
2015-02-04,IS3N.DE,21.21
2015-02-05,IS3N.DE,21.15
2015-02-06,IS3N.DE,21.1
2015-02-09,IS3N.DE,21.05
2015-02-10,IS3N.DE,20.98
2015-02-11,IS3N.DE,20.82
2015-02-12,IS3N.DE,21.0
2015-02-13,IS3N.DE,21.25
2015-02-16,IS3N.DE,21.27
2015-02-17,IS3N.DE,21.16
2015-02-18,IS3N.DE,21.24
2015-02-19,IS3N.DE,21.24
2015-02-20,IS3N.DE,21.26
2015-02-23,IS3N.DE,21.29
2015-02-24,IS3N.DE,21.55
2015-02-25,IS3N.DE,21.43
2015-02-26,IS3N.DE,21.72
2015-02-27,IS3N.DE,21.72
2015-03-02,IS3N.DE,21.64
2015-03-03,IS3N.DE,21.49
2015-03-04,IS3N.DE,21.54
2015-03-05,IS3N.DE,21.69
2015-03-06,IS3N.DE,21.67
2015-03-09,IS3N.DE,21.63
2015-03-10,IS3N.DE,21.46
2015-03-11,IS3N.DE,21.83
2015-03-12,IS3N.DE,21.98
2015-03-13,IS3N.DE,21.84
2015-03-16,IS3N.DE,21.94
2015-03-17,IS3N.DE,21.98
2015-03-18,IS3N.DE,22.05
2015-03-19,IS3N.DE,22.11
2015-03-20,IS3N.DE,22.08
2015-03-23,IS3N.DE,21.93
2015-03-24,IS3N.DE,22.0
2015-03-25,IS3N.DE,21.72
2015-03-26,IS3N.DE,21.65
2015-03-27,IS3N.DE,21.66
2015-03-30,IS3N.DE,22.13
2015-03-31,IS3N.DE,22.34
2015-04-01,IS3N.DE,22.51
2015-04-02,IS3N.DE,22.6
2015-04-07,IS3N.DE,23.0
2015-04-08,IS3N.DE,23.41
2015-04-09,IS3N.DE,23.76
2015-04-10,IS3N.DE,24.03
2015-04-13,IS3N.DE,24.16
2015-04-14,IS3N.DE,23.89
2015-04-15,IS3N.DE,24.0
2015-04-16,IS3N.DE,23.99
2015-04-17,IS3N.DE,23.48
2015-04-20,IS3N.DE,23.64
2015-04-21,IS3N.DE,23.88
2015-04-22,IS3N.DE,24.01
2015-04-23,IS3N.DE,23.99
2015-04-24,IS3N.DE,23.99
2015-04-27,IS3N.DE,24.1
2015-04-28,IS3N.DE,23.97
2015-04-29,IS3N.DE,23.4
2015-04-30,IS3N.DE,23.06
2015-05-04,IS3N.DE,23.23
2015-05-05,IS3N.DE,22.99
2015-05-06,IS3N.DE,22.51
2015-05-07,IS3N.DE,22.4
2015-05-08,IS3N.DE,22.86
2015-05-11,IS3N.DE,22.88
2015-05-12,IS3N.DE,22.65
2015-05-13,IS3N.DE,22.52
2015-05-14,IS3N.DE,22.54
2015-05-15,IS3N.DE,22.53
2015-05-18,IS3N.DE,22.65
2015-05-19,IS3N.DE,23.09
2015-05-20,IS3N.DE,23.11
2015-05-21,IS3N.DE,23.0
2015-05-22,IS3N.DE,23.28
2015-05-26,IS3N.DE,23.32
2015-05-27,IS3N.DE,23.17
2015-05-28,IS3N.DE,22.88
2015-05-29,IS3N.DE,22.66
2015-06-01,IS3N.DE,22.71
2015-06-02,IS3N.DE,22.3
2015-06-03,IS3N.DE,21.97
2015-06-04,IS3N.DE,21.65
2015-06-05,IS3N.DE,21.77
2015-06-08,IS3N.DE,21.56
2015-06-09,IS3N.DE,21.35
2015-06-10,IS3N.DE,21.53
2015-06-11,IS3N.DE,21.56
2015-06-12,IS3N.DE,21.5
2015-06-15,IS3N.DE,21.34
2015-06-16,IS3N.DE,21.37
2015-06-17,IS3N.DE,21.26
2015-06-18,IS3N.DE,21.42
2015-06-19,IS3N.DE,21.43
2015-06-22,IS3N.DE,21.58
2015-06-23,IS3N.DE,22.04
2015-06-24,IS3N.DE,22.06
2015-06-25,IS3N.DE,21.92
2015-06-26,IS3N.DE,21.82
2015-06-29,IS3N.DE,21.28
2015-06-30,IS3N.DE,21.55
2015-07-01,IS3N.DE,21.69
2015-07-02,IS3N.DE,21.74
2015-07-03,IS3N.DE,21.51
2015-07-06,IS3N.DE,21.27
2015-07-07,IS3N.DE,20.71
2015-07-08,IS3N.DE,20.28
2015-07-09,IS3N.DE,20.71
2015-07-10,IS3N.DE,20.84
2015-07-13,IS3N.DE,21.34
2015-07-14,IS3N.DE,21.32
2015-07-15,IS3N.DE,21.3
2015-07-16,IS3N.DE,21.65
2015-07-17,IS3N.DE,21.64
2015-07-20,IS3N.DE,21.51
2015-07-21,IS3N.DE,21.42
2015-07-22,IS3N.DE,21.2
2015-07-23,IS3N.DE,20.95
2015-07-24,IS3N.DE,20.62
2015-07-27,IS3N.DE,19.95
2015-07-28,IS3N.DE,20.13
2015-07-29,IS3N.DE,20.28
2015-07-30,IS3N.DE,20.26
2015-07-31,IS3N.DE,20.34
2015-08-03,IS3N.DE,20.19
2015-08-04,IS3N.DE,20.3
2015-08-05,IS3N.DE,20.53
2015-08-06,IS3N.DE,20.15
2015-08-07,IS3N.DE,20.09
2015-08-10,IS3N.DE,20.28
2015-08-11,IS3N.DE,19.63
2015-08-12,IS3N.DE,19.12
2015-08-13,IS3N.DE,19.31
2015-08-14,IS3N.DE,19.4
2015-08-17,IS3N.DE,19.23
2015-08-18,IS3N.DE,19.09
2015-08-19,IS3N.DE,18.68
2015-08-20,IS3N.DE,18.25
2015-08-21,IS3N.DE,17.63
2015-08-24,IS3N.DE,16.22
2015-08-25,IS3N.DE,17.42
2015-08-26,IS3N.DE,17.15
2015-08-27,IS3N.DE,18.15
2015-08-28,IS3N.DE,18.31
2015-08-31,IS3N.DE,18.15
2015-09-01,IS3N.DE,17.64
2015-09-02,IS3N.DE,17.65
2015-09-03,IS3N.DE,18.14
2015-09-04,IS3N.DE,17.51
2015-09-07,IS3N.DE,17.44
2015-09-08,IS3N.DE,17.8
2015-09-09,IS3N.DE,18.15
2015-09-10,IS3N.DE,17.87
2015-09-11,IS3N.DE,17.8
2015-09-14,IS3N.DE,17.82
2015-09-15,IS3N.DE,18.03
2015-09-16,IS3N.DE,18.47
2015-09-17,IS3N.DE,18.37
2015-09-18,IS3N.DE,18.23
2015-09-21,IS3N.DE,18.34
2015-09-22,IS3N.DE,17.98
2015-09-23,IS3N.DE,17.86
2015-09-24,IS3N.DE,17.33
2015-09-25,IS3N.DE,17.75
2015-09-28,IS3N.DE,17.29
2015-09-29,IS3N.DE,17.32
2015-09-30,IS3N.DE,17.89
2015-10-01,IS3N.DE,17.9
2015-10-02,IS3N.DE,17.98
2015-10-05,IS3N.DE,18.66
2015-10-06,IS3N.DE,18.58
2015-10-07,IS3N.DE,18.95
2015-10-08,IS3N.DE,18.98
2015-10-09,IS3N.DE,19.16
2015-10-12,IS3N.DE,19.05
2015-10-13,IS3N.DE,18.83
2015-10-14,IS3N.DE,18.69
2015-10-15,IS3N.DE,19.05
2015-10-16,IS3N.DE,19.23
2015-10-19,IS3N.DE,19.19
2015-10-20,IS3N.DE,19.15
2015-10-21,IS3N.DE,19.02
2015-10-22,IS3N.DE,19.52
2015-10-23,IS3N.DE,19.93
2015-10-26,IS3N.DE,19.76
2015-10-27,IS3N.DE,19.5
2015-10-28,IS3N.DE,19.6
2015-10-29,IS3N.DE,19.39
2015-10-30,IS3N.DE,19.27
2015-11-02,IS3N.DE,19.47
2015-11-03,IS3N.DE,19.84
2015-11-04,IS3N.DE,19.99
2015-11-05,IS3N.DE,19.97
2015-11-06,IS3N.DE,19.82
2015-11-09,IS3N.DE,19.49
2015-11-10,IS3N.DE,19.45
2015-11-11,IS3N.DE,19.44
2015-11-12,IS3N.DE,19.33
2015-11-13,IS3N.DE,19.0
2015-11-16,IS3N.DE,19.08
2015-11-17,IS3N.DE,19.48
2015-11-18,IS3N.DE,19.48
2015-11-19,IS3N.DE,19.61
2015-11-20,IS3N.DE,20.01
2015-11-23,IS3N.DE,19.96
2015-11-24,IS3N.DE,19.8
2015-11-25,IS3N.DE,19.8
2015-11-26,IS3N.DE,19.88
2015-11-27,IS3N.DE,19.58
2015-11-30,IS3N.DE,19.47
2015-12-01,IS3N.DE,19.52
2015-12-02,IS3N.DE,19.48
2015-12-03,IS3N.DE,18.81
2015-12-04,IS3N.DE,18.8
2015-12-07,IS3N.DE,18.67
2015-12-08,IS3N.DE,18.32
2015-12-09,IS3N.DE,18.2
2015-12-10,IS3N.DE,18.1
2015-12-11,IS3N.DE,17.53
2015-12-14,IS3N.DE,17.39
2015-12-15,IS3N.DE,18.07
2015-12-16,IS3N.DE,18.11
2015-12-17,IS3N.DE,18.49
2015-12-18,IS3N.DE,18.42
2015-12-21,IS3N.DE,18.23
2015-12-22,IS3N.DE,18.28
2015-12-23,IS3N.DE,18.72
2015-12-28,IS3N.DE,18.35
2015-12-29,IS3N.DE,18.63
2015-12-30,IS3N.DE,18.38
2016-01-04,IS3N.DE,17.93
2016-01-05,IS3N.DE,18.17
2016-01-06,IS3N.DE,17.88
2016-01-07,IS3N.DE,17.38
2016-01-08,IS3N.DE,16.88
2016-01-11,IS3N.DE,16.84
2016-01-12,IS3N.DE,16.96
2016-01-13,IS3N.DE,17.04
2016-01-14,IS3N.DE,16.83
2016-01-15,IS3N.DE,16.19
2016-01-18,IS3N.DE,16.38
2016-01-19,IS3N.DE,16.58
2016-01-20,IS3N.DE,16.01
2016-01-21,IS3N.DE,16.39
2016-01-22,IS3N.DE,16.81
2016-01-25,IS3N.DE,16.71
2016-01-26,IS3N.DE,16.77
2016-01-27,IS3N.DE,16.79
2016-01-28,IS3N.DE,16.71
2016-01-29,IS3N.DE,17.3
2016-02-01,IS3N.DE,17.22
2016-02-02,IS3N.DE,16.89
2016-02-03,IS3N.DE,16.58
2016-02-04,IS3N.DE,16.82
2016-02-05,IS3N.DE,16.79
2016-02-08,IS3N.DE,16.34
2016-02-09,IS3N.DE,15.94
2016-02-10,IS3N.DE,16.32
2016-02-11,IS3N.DE,15.69
2016-02-12,IS3N.DE,16.14
2016-02-15,IS3N.DE,16.51
2016-02-16,IS3N.DE,16.57
2016-02-17,IS3N.DE,16.97
2016-02-18,IS3N.DE,16.91
2016-02-19,IS3N.DE,16.86
2016-02-22,IS3N.DE,17.37
2016-02-23,IS3N.DE,17.1
2016-02-24,IS3N.DE,16.75
2016-02-25,IS3N.DE,16.92
2016-02-26,IS3N.DE,17.15
2016-02-29,IS3N.DE,17.44
2016-03-01,IS3N.DE,17.81
2016-03-02,IS3N.DE,18.05
2016-03-03,IS3N.DE,18.05
2016-03-04,IS3N.DE,18.38
2016-03-07,IS3N.DE,18.42
2016-03-08,IS3N.DE,18.03
2016-03-09,IS3N.DE,18.23
2016-03-10,IS3N.DE,17.75
2016-03-11,IS3N.DE,18.31
2016-03-14,IS3N.DE,18.35
2016-03-15,IS3N.DE,18.0
2016-03-16,IS3N.DE,18.13
2016-03-17,IS3N.DE,18.42
2016-03-18,IS3N.DE,18.6
2016-03-21,IS3N.DE,18.65
2016-03-22,IS3N.DE,18.73
2016-03-23,IS3N.DE,18.55
2016-03-24,IS3N.DE,18.29
2016-03-29,IS3N.DE,18.34
2016-03-30,IS3N.DE,18.73
2016-03-31,IS3N.DE,18.65
2016-04-01,IS3N.DE,18.42
2016-04-04,IS3N.DE,18.42
2016-04-05,IS3N.DE,18.07
2016-04-06,IS3N.DE,18.05
2016-04-07,IS3N.DE,17.92
2016-04-08,IS3N.DE,18.17
2016-04-11,IS3N.DE,18.36
2016-04-12,IS3N.DE,18.52
2016-04-13,IS3N.DE,19.09
2016-04-14,IS3N.DE,19.11
2016-04-15,IS3N.DE,18.98
2016-04-18,IS3N.DE,18.97
2016-04-19,IS3N.DE,19.16
2016-04-20,IS3N.DE,19.1
2016-04-21,IS3N.DE,19.07
2016-04-22,IS3N.DE,19.02
2016-04-25,IS3N.DE,18.84
2016-04-26,IS3N.DE,18.85
2016-04-27,IS3N.DE,18.88
2016-04-28,IS3N.DE,18.98
2016-04-29,IS3N.DE,18.45
2016-05-02,IS3N.DE,18.36
2016-05-03,IS3N.DE,18.0
2016-05-04,IS3N.DE,17.75
2016-05-05,IS3N.DE,17.92
2016-05-06,IS3N.DE,17.79
2016-05-09,IS3N.DE,17.62
2016-05-10,IS3N.DE,17.92
2016-05-11,IS3N.DE,17.91
2016-05-12,IS3N.DE,17.83
2016-05-13,IS3N.DE,17.84
2016-05-17,IS3N.DE,17.8
2016-05-18,IS3N.DE,17.84
2016-05-19,IS3N.DE,17.57
2016-05-20,IS3N.DE,17.86
2016-05-23,IS3N.DE,17.83
2016-05-24,IS3N.DE,18.08
2016-05-25,IS3N.DE,18.22
2016-05-26,IS3N.DE,18.29
2016-05-27,IS3N.DE,18.43
2016-05-30,IS3N.DE,18.38
2016-05-31,IS3N.DE,18.37
2016-06-01,IS3N.DE,18.33
2016-06-02,IS3N.DE,18.44
2016-06-03,IS3N.DE,18.35
2016-06-06,IS3N.DE,18.61
2016-06-07,IS3N.DE,18.79
2016-06-08,IS3N.DE,18.8
2016-06-09,IS3N.DE,18.72
2016-06-10,IS3N.DE,18.45
2016-06-13,IS3N.DE,18.16
2016-06-14,IS3N.DE,18.09
2016-06-15,IS3N.DE,18.26
2016-06-16,IS3N.DE,18.18
2016-06-17,IS3N.DE,18.19
2016-06-20,IS3N.DE,18.54
2016-06-21,IS3N.DE,18.63
2016-06-22,IS3N.DE,18.75
2016-06-23,IS3N.DE,18.84
2016-06-24,IS3N.DE,18.41
2016-06-27,IS3N.DE,18.16
2016-06-28,IS3N.DE,18.56
2016-06-29,IS3N.DE,19.05
2016-06-30,IS3N.DE,19.17
2016-07-01,IS3N.DE,19.32
2016-07-04,IS3N.DE,19.27
2016-07-05,IS3N.DE,19.0
2016-07-06,IS3N.DE,18.88
2016-07-07,IS3N.DE,19.11
2016-07-08,IS3N.DE,19.34
2016-07-11,IS3N.DE,19.63
2016-07-12,IS3N.DE,19.88
2016-07-13,IS3N.DE,19.65
2016-07-14,IS3N.DE,19.94
2016-07-15,IS3N.DE,20.02
2016-07-18,IS3N.DE,20.05
2016-07-19,IS3N.DE,20.05
2016-07-20,IS3N.DE,20.21
2016-07-21,IS3N.DE,20.15
2016-07-22,IS3N.DE,20.18
2016-07-25,IS3N.DE,20.14
2016-07-26,IS3N.DE,20.24
2016-07-27,IS3N.DE,20.21
2016-07-28,IS3N.DE,20.05
2016-07-29,IS3N.DE,20.13
2016-08-01,IS3N.DE,20.18
2016-08-02,IS3N.DE,19.82
2016-08-03,IS3N.DE,19.89
2016-08-04,IS3N.DE,20.18
2016-08-05,IS3N.DE,20.48
2016-08-08,IS3N.DE,20.63
2016-08-09,IS3N.DE,20.75
2016-08-10,IS3N.DE,20.52
2016-08-11,IS3N.DE,20.8
2016-08-12,IS3N.DE,20.77
2016-08-15,IS3N.DE,20.99
2016-08-16,IS3N.DE,20.66
2016-08-17,IS3N.DE,20.43
2016-08-18,IS3N.DE,20.63
2016-08-19,IS3N.DE,20.46
2016-08-22,IS3N.DE,20.29
2016-08-23,IS3N.DE,20.45
2016-08-24,IS3N.DE,20.34
2016-08-25,IS3N.DE,20.31
2016-08-26,IS3N.DE,20.67
2016-08-29,IS3N.DE,20.46
2016-08-30,IS3N.DE,20.57
2016-08-31,IS3N.DE,20.41
2016-09-01,IS3N.DE,20.32
2016-09-02,IS3N.DE,20.73
2016-09-05,IS3N.DE,20.96
2016-09-06,IS3N.DE,21.05
2016-09-07,IS3N.DE,20.99
2016-09-08,IS3N.DE,20.96
2016-09-09,IS3N.DE,20.55
2016-09-12,IS3N.DE,20.21
2016-09-13,IS3N.DE,20.01
2016-09-14,IS3N.DE,20.02
2016-09-15,IS3N.DE,20.32
2016-09-16,IS3N.DE,20.26
2016-09-19,IS3N.DE,20.55
2016-09-20,IS3N.DE,20.53
2016-09-21,IS3N.DE,20.78
2016-09-22,IS3N.DE,21.02
2016-09-23,IS3N.DE,20.98
2016-09-26,IS3N.DE,20.5
2016-09-27,IS3N.DE,20.7
2016-09-28,IS3N.DE,20.83
2016-09-29,IS3N.DE,20.79
2016-09-30,IS3N.DE,20.78
2016-10-04,IS3N.DE,21.09
2016-10-05,IS3N.DE,20.9
2016-10-06,IS3N.DE,20.97
2016-10-07,IS3N.DE,20.97
2016-10-10,IS3N.DE,21.21
2016-10-11,IS3N.DE,20.86
2016-10-12,IS3N.DE,20.94
2016-10-13,IS3N.DE,20.6
2016-10-14,IS3N.DE,20.88
2016-10-17,IS3N.DE,20.84
2016-10-18,IS3N.DE,21.18
2016-10-19,IS3N.DE,21.32
2016-10-20,IS3N.DE,21.35
2016-10-21,IS3N.DE,21.42
2016-10-24,IS3N.DE,21.52
2016-10-25,IS3N.DE,21.58
2016-10-26,IS3N.DE,21.3
2016-10-27,IS3N.DE,21.2
2016-10-28,IS3N.DE,21.12
2016-10-31,IS3N.DE,21.11
2016-11-01,IS3N.DE,20.68
2016-11-02,IS3N.DE,20.38
2016-11-03,IS3N.DE,20.38
2016-11-04,IS3N.DE,20.16
2016-11-07,IS3N.DE,20.84
2016-11-08,IS3N.DE,21.01
2016-11-09,IS3N.DE,20.73
2016-11-10,IS3N.DE,20.22
2016-11-11,IS3N.DE,19.64
2016-11-14,IS3N.DE,19.83
2016-11-15,IS3N.DE,20.1
2016-11-16,IS3N.DE,20.1
2016-11-17,IS3N.DE,20.33
2016-11-18,IS3N.DE,20.25
2016-11-21,IS3N.DE,20.36
2016-11-22,IS3N.DE,20.52
2016-11-23,IS3N.DE,20.51
2016-11-24,IS3N.DE,20.53
2016-11-25,IS3N.DE,20.61
2016-11-28,IS3N.DE,20.75
2016-11-29,IS3N.DE,20.73
2016-11-30,IS3N.DE,20.85
2016-12-01,IS3N.DE,20.6
2016-12-02,IS3N.DE,20.48
2016-12-05,IS3N.DE,20.4
2016-12-06,IS3N.DE,20.49
2016-12-07,IS3N.DE,20.69
2016-12-08,IS3N.DE,21.09
2016-12-09,IS3N.DE,21.26
2016-12-12,IS3N.DE,21.01
2016-12-13,IS3N.DE,21.07
2016-12-14,IS3N.DE,20.94
2016-12-15,IS3N.DE,21.05
2016-12-16,IS3N.DE,20.93
2016-12-19,IS3N.DE,20.85
2016-12-20,IS3N.DE,20.94
2016-12-21,IS3N.DE,20.82
2016-12-22,IS3N.DE,20.44
2016-12-23,IS3N.DE,20.57
2016-12-27,IS3N.DE,20.71
2016-12-28,IS3N.DE,20.94
2016-12-29,IS3N.DE,21.04
2016-12-30,IS3N.DE,20.95
2017-01-02,IS3N.DE,21.03
2017-01-03,IS3N.DE,21.27
2017-01-04,IS3N.DE,21.32
2017-01-05,IS3N.DE,21.3
2017-01-06,IS3N.DE,21.32
2017-01-09,IS3N.DE,21.31
2017-01-10,IS3N.DE,21.48
2017-01-11,IS3N.DE,21.57
2017-01-12,IS3N.DE,21.51
2017-01-13,IS3N.DE,21.62
2017-01-16,IS3N.DE,21.5
2017-01-17,IS3N.DE,21.43
2017-01-18,IS3N.DE,21.5
2017-01-19,IS3N.DE,21.44
2017-01-20,IS3N.DE,21.37
2017-01-23,IS3N.DE,21.47
2017-01-24,IS3N.DE,21.69
2017-01-25,IS3N.DE,21.85
2017-01-26,IS3N.DE,21.97
2017-01-27,IS3N.DE,21.89
2017-01-30,IS3N.DE,21.73
2017-01-31,IS3N.DE,21.59
2017-02-01,IS3N.DE,21.76
2017-02-02,IS3N.DE,21.75
2017-02-03,IS3N.DE,21.95
2017-02-06,IS3N.DE,22.01
2017-02-07,IS3N.DE,21.99
2017-02-08,IS3N.DE,22.09
2017-02-09,IS3N.DE,22.31
2017-02-10,IS3N.DE,22.46
2017-02-13,IS3N.DE,22.66
2017-02-14,IS3N.DE,22.63
2017-02-15,IS3N.DE,22.85
2017-02-16,IS3N.DE,22.67
2017-02-17,IS3N.DE,22.61
2017-02-20,IS3N.DE,22.77
2017-02-21,IS3N.DE,23.01
2017-02-22,IS3N.DE,23.09
2017-02-23,IS3N.DE,23.12
2017-02-24,IS3N.DE,22.84
2017-02-27,IS3N.DE,22.71
2017-02-28,IS3N.DE,22.58
2017-03-01,IS3N.DE,22.88
2017-03-02,IS3N.DE,22.71
2017-03-03,IS3N.DE,22.65
2017-03-06,IS3N.DE,22.64
2017-03-07,IS3N.DE,22.73
2017-03-08,IS3N.DE,22.69
2017-03-09,IS3N.DE,22.37
2017-03-10,IS3N.DE,22.34
2017-03-13,IS3N.DE,22.67
2017-03-14,IS3N.DE,22.66
2017-03-15,IS3N.DE,22.81
2017-03-16,IS3N.DE,23.12
2017-03-17,IS3N.DE,23.08
2017-03-20,IS3N.DE,23.32
2017-03-21,IS3N.DE,22.98
2017-03-22,IS3N.DE,23.04
2017-03-23,IS3N.DE,23.13
2017-03-24,IS3N.DE,23.12
2017-03-27,IS3N.DE,22.86
2017-03-28,IS3N.DE,23.0
2017-03-29,IS3N.DE,23.23
2017-03-30,IS3N.DE,23.28
2017-03-31,IS3N.DE,23.1
2017-04-03,IS3N.DE,23.29
2017-04-04,IS3N.DE,23.37
2017-04-05,IS3N.DE,23.43
2017-04-06,IS3N.DE,23.31
2017-04-07,IS3N.DE,23.37
2017-04-10,IS3N.DE,23.23
2017-04-11,IS3N.DE,23.09
2017-04-12,IS3N.DE,23.17
2017-04-13,IS3N.DE,23.36
2017-04-18,IS3N.DE,22.98
2017-04-19,IS3N.DE,22.93
2017-04-20,IS3N.DE,22.93
2017-04-21,IS3N.DE,23.12
2017-04-24,IS3N.DE,23.05
2017-04-25,IS3N.DE,23.11
2017-04-26,IS3N.DE,23.25
2017-04-27,IS3N.DE,23.13
2017-04-28,IS3N.DE,23.09
2017-05-02,IS3N.DE,23.36
2017-05-03,IS3N.DE,23.24
2017-05-04,IS3N.DE,23.01
2017-05-05,IS3N.DE,22.92
2017-05-08,IS3N.DE,23.17
2017-05-09,IS3N.DE,23.51
2017-05-10,IS3N.DE,23.59
2017-05-11,IS3N.DE,23.63
2017-05-12,IS3N.DE,23.65
2017-05-15,IS3N.DE,23.7
2017-05-16,IS3N.DE,23.52
2017-05-17,IS3N.DE,23.17
2017-05-18,IS3N.DE,22.74
2017-05-19,IS3N.DE,23.01
2017-05-22,IS3N.DE,22.97
2017-05-23,IS3N.DE,22.97
2017-05-24,IS3N.DE,23.11
2017-05-25,IS3N.DE,23.18
2017-05-26,IS3N.DE,23.33
2017-05-29,IS3N.DE,23.31
2017-05-30,IS3N.DE,23.2
2017-05-31,IS3N.DE,22.97
2017-06-01,IS3N.DE,23.14
2017-06-02,IS3N.DE,23.18
2017-06-05,IS3N.DE,23.18
2017-06-06,IS3N.DE,23.18
2017-06-07,IS3N.DE,23.14
2017-06-08,IS3N.DE,23.38
2017-06-09,IS3N.DE,23.5
2017-06-12,IS3N.DE,23.16
2017-06-13,IS3N.DE,23.24
2017-06-14,IS3N.DE,23.23
2017-06-15,IS3N.DE,23.12
2017-06-16,IS3N.DE,23.03
2017-06-19,IS3N.DE,23.4
2017-06-20,IS3N.DE,23.24
2017-06-21,IS3N.DE,23.24
2017-06-22,IS3N.DE,23.35
2017-06-23,IS3N.DE,23.32
2017-06-26,IS3N.DE,23.47
2017-06-27,IS3N.DE,23.21
2017-06-28,IS3N.DE,23.03
2017-06-29,IS3N.DE,22.71
2017-06-30,IS3N.DE,22.89
2017-07-03,IS3N.DE,23.07
2017-07-04,IS3N.DE,22.97
2017-07-05,IS3N.DE,22.98
2017-07-06,IS3N.DE,22.74
2017-07-07,IS3N.DE,22.71
2017-07-10,IS3N.DE,22.93
2017-07-11,IS3N.DE,22.94
2017-07-12,IS3N.DE,23.43
2017-07-13,IS3N.DE,23.6
2017-07-14,IS3N.DE,23.71
2017-07-17,IS3N.DE,23.67
2017-07-18,IS3N.DE,23.49
2017-07-19,IS3N.DE,23.81
2017-07-20,IS3N.DE,23.52
2017-07-21,IS3N.DE,23.47
2017-07-24,IS3N.DE,23.56
2017-07-25,IS3N.DE,23.56
2017-07-26,IS3N.DE,23.61
2017-07-27,IS3N.DE,23.7
2017-07-28,IS3N.DE,23.33
2017-07-31,IS3N.DE,23.31
2017-08-01,IS3N.DE,23.38
2017-08-02,IS3N.DE,23.25
2017-08-03,IS3N.DE,23.09
2017-08-04,IS3N.DE,23.44
2017-08-07,IS3N.DE,23.52
2017-08-08,IS3N.DE,23.8
2017-08-09,IS3N.DE,23.41
2017-08-10,IS3N.DE,23.08
2017-08-11,IS3N.DE,22.81
2017-08-14,IS3N.DE,23.19
2017-08-15,IS3N.DE,23.23
2017-08-16,IS3N.DE,23.48
2017-08-17,IS3N.DE,23.38
2017-08-18,IS3N.DE,23.4
2017-08-21,IS3N.DE,23.32
2017-08-22,IS3N.DE,23.65
2017-08-23,IS3N.DE,23.59
2017-08-24,IS3N.DE,23.65
2017-08-25,IS3N.DE,23.7
2017-08-28,IS3N.DE,23.49
2017-08-29,IS3N.DE,23.27
2017-08-30,IS3N.DE,23.55
2017-08-31,IS3N.DE,23.69
2017-09-01,IS3N.DE,23.88
2017-09-04,IS3N.DE,23.6
2017-09-05,IS3N.DE,23.61
2017-09-06,IS3N.DE,23.55
2017-09-07,IS3N.DE,23.6
2017-09-08,IS3N.DE,23.5
2017-09-11,IS3N.DE,23.87
2017-09-12,IS3N.DE,23.93
2017-09-13,IS3N.DE,23.92
2017-09-14,IS3N.DE,24.03
2017-09-15,IS3N.DE,23.93
2017-09-18,IS3N.DE,24.13
2017-09-19,IS3N.DE,24.03
2017-09-20,IS3N.DE,24.04
2017-09-21,IS3N.DE,24.06
2017-09-22,IS3N.DE,23.86
2017-09-25,IS3N.DE,23.68
2017-09-26,IS3N.DE,23.78
2017-09-27,IS3N.DE,23.65
2017-09-28,IS3N.DE,23.57
2017-09-29,IS3N.DE,23.78
2017-10-02,IS3N.DE,24.0
2017-10-03,IS3N.DE,24.0
2017-10-04,IS3N.DE,24.29
2017-10-05,IS3N.DE,24.62
2017-10-06,IS3N.DE,24.4
2017-10-09,IS3N.DE,24.34
2017-10-10,IS3N.DE,24.48
2017-10-11,IS3N.DE,24.48
2017-10-12,IS3N.DE,24.6
2017-10-13,IS3N.DE,24.78
2017-10-16,IS3N.DE,24.85
2017-10-17,IS3N.DE,24.76
2017-10-18,IS3N.DE,24.82
2017-10-19,IS3N.DE,24.44
2017-10-20,IS3N.DE,24.7
2017-10-23,IS3N.DE,24.61
2017-10-24,IS3N.DE,24.63
2017-10-25,IS3N.DE,24.39
2017-10-26,IS3N.DE,24.71
2017-10-27,IS3N.DE,25.02
2017-10-30,IS3N.DE,24.88
2017-10-31,IS3N.DE,24.88
2017-11-01,IS3N.DE,25.27
2017-11-02,IS3N.DE,25.12
2017-11-03,IS3N.DE,25.16
2017-11-06,IS3N.DE,25.36
2017-11-07,IS3N.DE,25.35
2017-11-08,IS3N.DE,25.37
2017-11-09,IS3N.DE,25.12
2017-11-10,IS3N.DE,25.03
2017-11-13,IS3N.DE,25.0
2017-11-14,IS3N.DE,24.63
2017-11-15,IS3N.DE,24.46
2017-11-16,IS3N.DE,24.88
2017-11-17,IS3N.DE,25.01
2017-11-20,IS3N.DE,25.2
2017-11-21,IS3N.DE,25.59
2017-11-22,IS3N.DE,25.42
2017-11-23,IS3N.DE,25.3
2017-11-24,IS3N.DE,25.16
2017-11-27,IS3N.DE,24.88
2017-11-28,IS3N.DE,25.13
2017-11-29,IS3N.DE,24.87
2017-11-30,IS3N.DE,24.57
2017-12-01,IS3N.DE,24.28
2017-12-04,IS3N.DE,24.57
2017-12-05,IS3N.DE,24.66
2017-12-06,IS3N.DE,24.16
2017-12-07,IS3N.DE,24.31
2017-12-08,IS3N.DE,24.57
2017-12-11,IS3N.DE,24.66
2017-12-12,IS3N.DE,24.6
2017-12-13,IS3N.DE,24.795
2017-12-14,IS3N.DE,24.755
2017-12-15,IS3N.DE,24.77
2017-12-18,IS3N.DE,24.95
2017-12-19,IS3N.DE,24.81
2017-12-20,IS3N.DE,24.76
2017-12-21,IS3N.DE,24.88
2017-12-22,IS3N.DE,25.05
2017-12-27,IS3N.DE,25.09
2017-12-28,IS3N.DE,25.18
2017-12-29,IS3N.DE,25.23
2018-01-02,IS3N.DE,25.4
2018-01-03,IS3N.DE,25.786
2018-01-04,IS3N.DE,25.835
2018-01-05,IS3N.DE,26.107
2018-01-08,IS3N.DE,26.248
2018-01-09,IS3N.DE,26.304
2018-01-10,IS3N.DE,26.041
2018-01-11,IS3N.DE,25.959
2018-01-12,IS3N.DE,26.057
2018-01-15,IS3N.DE,25.742
2018-01-16,IS3N.DE,26.012
2018-01-17,IS3N.DE,26.095
2018-01-18,IS3N.DE,26.114
2018-01-19,IS3N.DE,26.288
2018-01-22,IS3N.DE,26.399
2018-01-23,IS3N.DE,26.503
2018-01-24,IS3N.DE,26.411
2018-01-25,IS3N.DE,26.448
2018-01-26,IS3N.DE,26.722
2018-01-29,IS3N.DE,26.603
2018-01-30,IS3N.DE,26.082
2018-01-31,IS3N.DE,26.21
2018-02-01,IS3N.DE,25.934
2018-02-02,IS3N.DE,25.43
2018-02-05,IS3N.DE,25.303
2018-02-06,IS3N.DE,24.806
2018-02-07,IS3N.DE,25.219
2018-02-08,IS3N.DE,24.446
2018-02-09,IS3N.DE,24.173
2018-02-12,IS3N.DE,24.563
2018-02-13,IS3N.DE,24.591
2018-02-14,IS3N.DE,24.866
2018-02-15,IS3N.DE,25.284
2018-02-16,IS3N.DE,25.585
2018-02-19,IS3N.DE,25.383
2018-02-20,IS3N.DE,25.36
2018-02-21,IS3N.DE,25.708
2018-02-22,IS3N.DE,25.543
2018-02-23,IS3N.DE,25.734
2018-02-26,IS3N.DE,25.89
2018-02-27,IS3N.DE,25.637
2018-02-28,IS3N.DE,25.41
2018-03-01,IS3N.DE,25.467
2018-03-02,IS3N.DE,24.74
2018-03-05,IS3N.DE,25.021
2018-03-06,IS3N.DE,25.089
2018-03-07,IS3N.DE,25.045
2018-03-08,IS3N.DE,25.268
2018-03-09,IS3N.DE,25.672
2018-03-12,IS3N.DE,25.816
2018-03-13,IS3N.DE,25.576
2018-03-14,IS3N.DE,25.564
2018-03-15,IS3N.DE,25.685
2018-03-16,IS3N.DE,25.681
2018-03-19,IS3N.DE,25.224
2018-03-20,IS3N.DE,25.698
2018-03-21,IS3N.DE,25.691
2018-03-22,IS3N.DE,25.122
2018-03-23,IS3N.DE,24.652
2018-03-26,IS3N.DE,24.63
2018-03-27,IS3N.DE,24.98
2018-03-28,IS3N.DE,24.58
2018-03-29,IS3N.DE,25.013
2018-04-03,IS3N.DE,24.902
2018-04-04,IS3N.DE,24.695
2018-04-05,IS3N.DE,25.316
2018-04-06,IS3N.DE,24.779
2018-04-09,IS3N.DE,24.824
2018-04-10,IS3N.DE,24.9
2018-04-11,IS3N.DE,24.868
2018-04-12,IS3N.DE,25.039
2018-04-13,IS3N.DE,24.864
2018-04-16,IS3N.DE,24.628
2018-04-17,IS3N.DE,24.841
2018-04-18,IS3N.DE,24.946
2018-04-19,IS3N.DE,24.922
2018-04-20,IS3N.DE,24.769
2018-04-23,IS3N.DE,24.832
2018-04-24,IS3N.DE,24.762
2018-04-25,IS3N.DE,24.407
2018-04-26,IS3N.DE,24.819
2018-04-27,IS3N.DE,25.073
2018-04-30,IS3N.DE,25.185
2018-05-02,IS3N.DE,25.082
2018-05-03,IS3N.DE,24.594
2018-05-04,IS3N.DE,24.974
2018-05-07,IS3N.DE,24.997
2018-05-08,IS3N.DE,25.036
2018-05-09,IS3N.DE,25.105
2018-05-10,IS3N.DE,25.596
2018-05-11,IS3N.DE,25.484
2018-05-14,IS3N.DE,25.533
2018-05-15,IS3N.DE,25.202
2018-05-16,IS3N.DE,25.619
2018-05-17,IS3N.DE,25.402
2018-05-18,IS3N.DE,25.187
2018-05-21,IS3N.DE,25.187
2018-05-22,IS3N.DE,25.449
2018-05-23,IS3N.DE,25.318
2018-05-24,IS3N.DE,25.126
2018-05-25,IS3N.DE,25.567
2018-05-28,IS3N.DE,25.596
2018-05-29,IS3N.DE,25.37
2018-05-30,IS3N.DE,25.174
2018-05-31,IS3N.DE,25.172
2018-06-01,IS3N.DE,25.475
2018-06-04,IS3N.DE,25.666
2018-06-05,IS3N.DE,25.578
2018-06-06,IS3N.DE,25.601
2018-06-07,IS3N.DE,25.36
2018-06-08,IS3N.DE,25.218
2018-06-11,IS3N.DE,25.245
2018-06-12,IS3N.DE,25.255
2018-06-13,IS3N.DE,25.255
2018-06-14,IS3N.DE,25.37
2018-06-15,IS3N.DE,24.886
2018-06-18,IS3N.DE,24.645
2018-06-19,IS3N.DE,24.498
2018-06-20,IS3N.DE,24.693
2018-06-21,IS3N.DE,24.31
2018-06-22,IS3N.DE,24.435
2018-06-25,IS3N.DE,23.821
2018-06-26,IS3N.DE,23.91
2018-06-27,IS3N.DE,23.858
2018-06-28,IS3N.DE,23.694
2018-06-29,IS3N.DE,24.028
2018-07-02,IS3N.DE,23.789
2018-07-03,IS3N.DE,23.932
2018-07-04,IS3N.DE,23.757
2018-07-05,IS3N.DE,23.644
2018-07-06,IS3N.DE,23.85
2018-07-09,IS3N.DE,24.167
2018-07-10,IS3N.DE,24.159
2018-07-11,IS3N.DE,23.872
2018-07-12,IS3N.DE,24.19
2018-07-13,IS3N.DE,24.287
2018-07-16,IS3N.DE,23.985
2018-07-17,IS3N.DE,24.186
2018-07-18,IS3N.DE,24.219
2018-07-19,IS3N.DE,24.058
2018-07-20,IS3N.DE,24.21
2018-07-23,IS3N.DE,24.036
2018-07-24,IS3N.DE,24.47
2018-07-25,IS3N.DE,24.611
2018-07-26,IS3N.DE,24.72
2018-07-27,IS3N.DE,24.83
2018-07-30,IS3N.DE,24.601
2018-07-31,IS3N.DE,24.634
2018-08-01,IS3N.DE,24.627
2018-08-02,IS3N.DE,24.29
2018-08-03,IS3N.DE,24.612
2018-08-06,IS3N.DE,24.558
2018-08-07,IS3N.DE,24.787
2018-08-08,IS3N.DE,24.634
2018-08-09,IS3N.DE,24.736
2018-08-10,IS3N.DE,24.484
2018-08-13,IS3N.DE,24.126
2018-08-14,IS3N.DE,24.264
2018-08-15,IS3N.DE,23.671
2018-08-16,IS3N.DE,23.889
2018-08-17,IS3N.DE,23.655
2018-08-20,IS3N.DE,23.906
2018-08-21,IS3N.DE,24.064
2018-08-22,IS3N.DE,24.036
2018-08-23,IS3N.DE,23.876
2018-08-24,IS3N.DE,24.05
2018-08-27,IS3N.DE,24.388
2018-08-28,IS3N.DE,24.175
2018-08-29,IS3N.DE,24.29
2018-08-30,IS3N.DE,23.881
2018-08-31,IS3N.DE,23.94
2018-09-03,IS3N.DE,23.909
2018-09-04,IS3N.DE,23.73
2018-09-05,IS3N.DE,23.226
2018-09-06,IS3N.DE,23.215
2018-09-07,IS3N.DE,23.373
2018-09-10,IS3N.DE,23.021
2018-09-11,IS3N.DE,22.909
2018-09-12,IS3N.DE,23.1
2018-09-13,IS3N.DE,23.202
2018-09-14,IS3N.DE,23.414
2018-09-17,IS3N.DE,23.127
2018-09-18,IS3N.DE,23.268
2018-09-19,IS3N.DE,23.561
2018-09-20,IS3N.DE,23.56
2018-09-21,IS3N.DE,23.79
2018-09-24,IS3N.DE,23.442
2018-09-25,IS3N.DE,23.513
2018-09-26,IS3N.DE,23.719
2018-09-27,IS3N.DE,23.925
2018-09-28,IS3N.DE,23.925
2018-10-01,IS3N.DE,23.97
2018-10-02,IS3N.DE,23.723
2018-10-04,IS3N.DE,23.11
2018-10-05,IS3N.DE,22.841
2018-10-08,IS3N.DE,22.881
2018-10-09,IS3N.DE,22.97
2018-10-10,IS3N.DE,22.381
2018-10-11,IS3N.DE,21.902
2018-10-12,IS3N.DE,22.442
2018-10-15,IS3N.DE,22.31
2018-10-16,IS3N.DE,22.676
2018-10-17,IS3N.DE,22.606
2018-10-18,IS3N.DE,22.185
2018-10-19,IS3N.DE,22.393
2018-10-22,IS3N.DE,22.588
2018-10-23,IS3N.DE,22.067
2018-10-24,IS3N.DE,22.046
2018-10-25,IS3N.DE,22.284
2018-10-26,IS3N.DE,21.881
2018-10-29,IS3N.DE,21.801
2018-10-30,IS3N.DE,21.835
2018-10-31,IS3N.DE,22.317
2018-11-01,IS3N.DE,22.799
2018-11-02,IS3N.DE,23.039
2018-11-05,IS3N.DE,23.064
2018-11-06,IS3N.DE,23.008
2018-11-07,IS3N.DE,23.21
2018-11-08,IS3N.DE,23.102
2018-11-09,IS3N.DE,22.65
2018-11-12,IS3N.DE,22.525
2018-11-13,IS3N.DE,22.876
2018-11-14,IS3N.DE,22.706
2018-11-15,IS3N.DE,23.078
2018-11-16,IS3N.DE,22.915
2018-11-19,IS3N.DE,22.785
2018-11-20,IS3N.DE,22.508
2018-11-21,IS3N.DE,22.883
2018-11-22,IS3N.DE,22.626
2018-11-23,IS3N.DE,22.708
2018-11-26,IS3N.DE,22.913
2018-11-27,IS3N.DE,23.085
2018-11-28,IS3N.DE,23.23
2018-11-29,IS3N.DE,23.382
2018-11-30,IS3N.DE,23.321
2018-12-03,IS3N.DE,23.76
2018-12-04,IS3N.DE,23.733
2018-12-05,IS3N.DE,23.412
2018-12-06,IS3N.DE,22.603
2018-12-07,IS3N.DE,22.859
2018-12-10,IS3N.DE,22.185
2018-12-11,IS3N.DE,22.649
2018-12-12,IS3N.DE,23.04
2018-12-13,IS3N.DE,23.021
2018-12-14,IS3N.DE,22.988
2018-12-17,IS3N.DE,22.731
2018-12-18,IS3N.DE,22.596
2018-12-19,IS3N.DE,22.647
2018-12-20,IS3N.DE,22.326
2018-12-21,IS3N.DE,22.386
2018-12-27,IS3N.DE,22.199
2018-12-28,IS3N.DE,22.44
2019-01-02,IS3N.DE,22.595
2019-01-03,IS3N.DE,22.195
2019-01-04,IS3N.DE,22.776
2019-01-07,IS3N.DE,22.701
2019-01-08,IS3N.DE,22.748
2019-01-09,IS3N.DE,23.072
2019-01-10,IS3N.DE,23.192
2019-01-11,IS3N.DE,23.264
2019-01-14,IS3N.DE,23.099
2019-01-15,IS3N.DE,23.423
2019-01-16,IS3N.DE,23.692
2019-01-17,IS3N.DE,23.63
2019-01-18,IS3N.DE,23.999
2019-01-21,IS3N.DE,23.798
2019-01-22,IS3N.DE,23.647
2019-01-23,IS3N.DE,23.634
2019-01-24,IS3N.DE,23.978
2019-01-25,IS3N.DE,24.193
2019-01-28,IS3N.DE,23.838
2019-01-29,IS3N.DE,23.953
2019-01-30,IS3N.DE,24.084
2019-01-31,IS3N.DE,24.53
2019-02-01,IS3N.DE,24.392
2019-02-04,IS3N.DE,24.555
2019-02-05,IS3N.DE,24.814
2019-02-06,IS3N.DE,24.707
2019-02-07,IS3N.DE,24.247
2019-02-08,IS3N.DE,24.204
2019-02-11,IS3N.DE,24.394
2019-02-12,IS3N.DE,24.483
2019-02-13,IS3N.DE,24.396
2019-02-14,IS3N.DE,24.28
2019-02-15,IS3N.DE,24.444
2019-02-18,IS3N.DE,24.413
2019-02-19,IS3N.DE,24.426
2019-02-20,IS3N.DE,24.706
2019-02-21,IS3N.DE,24.514
2019-02-22,IS3N.DE,24.869
2019-02-25,IS3N.DE,25.172
2019-02-26,IS3N.DE,24.976
2019-02-27,IS3N.DE,24.788
2019-02-28,IS3N.DE,24.51
2019-03-01,IS3N.DE,24.495
2019-03-04,IS3N.DE,24.611
2019-03-05,IS3N.DE,24.977
2019-03-06,IS3N.DE,24.912
2019-03-07,IS3N.DE,24.677
2019-03-08,IS3N.DE,24.301
2019-03-11,IS3N.DE,24.798
2019-03-12,IS3N.DE,24.832
2019-03-13,IS3N.DE,24.752
2019-03-14,IS3N.DE,24.668
2019-03-15,IS3N.DE,24.977
2019-03-18,IS3N.DE,25.117
2019-03-19,IS3N.DE,25.232
2019-03-20,IS3N.DE,24.961
2019-03-21,IS3N.DE,25.06
2019-03-22,IS3N.DE,24.717
2019-03-25,IS3N.DE,24.682
2019-03-26,IS3N.DE,24.796
2019-03-27,IS3N.DE,24.675
2019-03-28,IS3N.DE,24.733
2019-03-29,IS3N.DE,25.123
2019-04-01,IS3N.DE,25.493
2019-04-02,IS3N.DE,25.479
2019-04-03,IS3N.DE,25.71
2019-04-04,IS3N.DE,25.714
2019-04-05,IS3N.DE,25.914
2019-04-08,IS3N.DE,25.789
2019-04-09,IS3N.DE,25.771
2019-04-10,IS3N.DE,25.922
2019-04-11,IS3N.DE,25.612
2019-04-12,IS3N.DE,25.74
2019-04-15,IS3N.DE,25.579
2019-04-16,IS3N.DE,25.774
2019-04-17,IS3N.DE,25.828
2019-04-18,IS3N.DE,25.961
2019-04-23,IS3N.DE,25.921
2019-04-24,IS3N.DE,25.729
2019-04-25,IS3N.DE,25.691
2019-04-26,IS3N.DE,25.803
2019-04-29,IS3N.DE,25.787
2019-04-30,IS3N.DE,25.602
2019-05-02,IS3N.DE,25.586
2019-05-03,IS3N.DE,25.899
2019-05-06,IS3N.DE,25.292
2019-05-07,IS3N.DE,24.95
2019-05-08,IS3N.DE,24.907
2019-05-09,IS3N.DE,24.063
2019-05-10,IS3N.DE,24.178
2019-05-13,IS3N.DE,23.626
2019-05-14,IS3N.DE,24.09
2019-05-15,IS3N.DE,24.053
2019-05-16,IS3N.DE,24.206
2019-05-17,IS3N.DE,23.709
2019-05-20,IS3N.DE,23.521
2019-05-21,IS3N.DE,23.752
2019-05-22,IS3N.DE,23.765
2019-05-23,IS3N.DE,23.459
2019-05-24,IS3N.DE,23.359
2019-05-27,IS3N.DE,23.485
2019-05-28,IS3N.DE,23.541
2019-05-29,IS3N.DE,23.577
2019-05-30,IS3N.DE,23.88
2019-05-31,IS3N.DE,23.931
2019-06-03,IS3N.DE,24.049
2019-06-04,IS3N.DE,23.929
2019-06-05,IS3N.DE,23.783
2019-06-06,IS3N.DE,23.684
2019-06-07,IS3N.DE,23.845
2019-06-11,IS3N.DE,24.285
2019-06-12,IS3N.DE,24.077
2019-06-13,IS3N.DE,24.098
2019-06-14,IS3N.DE,24.087
2019-06-17,IS3N.DE,24.041
2019-06-18,IS3N.DE,24.678
2019-06-19,IS3N.DE,24.648
2019-06-20,IS3N.DE,25.051
2019-06-21,IS3N.DE,24.914
2019-06-24,IS3N.DE,24.741
2019-06-25,IS3N.DE,24.634
2019-06-26,IS3N.DE,24.765
2019-06-27,IS3N.DE,24.867
2019-06-28,IS3N.DE,24.853
2019-07-01,IS3N.DE,25.339
2019-07-02,IS3N.DE,25.268
2019-07-03,IS3N.DE,25.228
2019-07-04,IS3N.DE,25.399
2019-07-05,IS3N.DE,25.275
2019-07-08,IS3N.DE,25.136
2019-07-09,IS3N.DE,25.041
2019-07-10,IS3N.DE,25.175
2019-07-11,IS3N.DE,25.126
2019-07-12,IS3N.DE,25.101
2019-07-15,IS3N.DE,25.232
2019-07-16,IS3N.DE,25.373
2019-07-17,IS3N.DE,25.215
2019-07-18,IS3N.DE,25.193
2019-07-19,IS3N.DE,25.325
2019-07-22,IS3N.DE,25.275
2019-07-23,IS3N.DE,25.337
2019-07-24,IS3N.DE,25.413
2019-07-25,IS3N.DE,25.204
2019-07-26,IS3N.DE,25.276
2019-07-29,IS3N.DE,25.153
2019-07-30,IS3N.DE,25.008
2019-07-31,IS3N.DE,24.993
2019-08-01,IS3N.DE,25.084
2019-08-02,IS3N.DE,24.047
2019-08-05,IS3N.DE,23.101
2019-08-06,IS3N.DE,23.172
2019-08-07,IS3N.DE,23.115
2019-08-08,IS3N.DE,23.62
2019-08-09,IS3N.DE,23.4
2019-08-12,IS3N.DE,23.13
2019-08-13,IS3N.DE,23.502
2019-08-14,IS3N.DE,23.061
2019-08-15,IS3N.DE,23.125
2019-08-16,IS3N.DE,23.477
2019-08-19,IS3N.DE,23.667
2019-08-20,IS3N.DE,23.67
2019-08-21,IS3N.DE,23.811
2019-08-22,IS3N.DE,23.578
2019-08-23,IS3N.DE,23.222
2019-08-26,IS3N.DE,23.308
2019-08-27,IS3N.DE,23.442
2019-08-28,IS3N.DE,23.445
2019-08-29,IS3N.DE,23.699
2019-08-30,IS3N.DE,23.994
2019-09-02,IS3N.DE,24.034
2019-09-03,IS3N.DE,23.986
2019-09-04,IS3N.DE,24.228
2019-09-05,IS3N.DE,24.504
2019-09-06,IS3N.DE,24.63
2019-09-09,IS3N.DE,24.664
2019-09-10,IS3N.DE,24.566
2019-09-11,IS3N.DE,24.92
2019-09-12,IS3N.DE,25.015
2019-09-13,IS3N.DE,25.093
2019-09-16,IS3N.DE,25.149
2019-09-17,IS3N.DE,24.882
2019-09-18,IS3N.DE,24.818
2019-09-19,IS3N.DE,24.914
2019-09-20,IS3N.DE,25.013
2019-09-23,IS3N.DE,24.942
2019-09-24,IS3N.DE,24.744
2019-09-25,IS3N.DE,24.706
2019-09-26,IS3N.DE,24.785
2019-09-27,IS3N.DE,24.817
2019-09-30,IS3N.DE,24.784
2019-10-01,IS3N.DE,24.533
2019-10-02,IS3N.DE,24.156
2019-10-04,IS3N.DE,24.47
2019-10-07,IS3N.DE,24.45
2019-10-08,IS3N.DE,24.305
2019-10-09,IS3N.DE,24.387
2019-10-10,IS3N.DE,24.601
2019-10-11,IS3N.DE,25.009
2019-10-14,IS3N.DE,24.854
2019-10-15,IS3N.DE,24.948
2019-10-16,IS3N.DE,24.97
2019-10-17,IS3N.DE,24.994
2019-10-18,IS3N.DE,24.876
2019-10-21,IS3N.DE,24.916
2019-10-22,IS3N.DE,25.095
2019-10-23,IS3N.DE,25.069
2019-10-24,IS3N.DE,25.256
2019-10-25,IS3N.DE,25.359
2019-10-28,IS3N.DE,25.534
2019-10-29,IS3N.DE,25.38
2019-10-30,IS3N.DE,25.29
2019-10-31,IS3N.DE,25.116
2019-11-01,IS3N.DE,25.471
2019-11-04,IS3N.DE,25.853
2019-11-05,IS3N.DE,26.121
2019-11-06,IS3N.DE,26.147
2019-11-07,IS3N.DE,26.333
2019-11-08,IS3N.DE,26.165
2019-11-11,IS3N.DE,25.884
2019-11-12,IS3N.DE,25.885
2019-11-13,IS3N.DE,25.63
2019-11-14,IS3N.DE,25.59
2019-11-15,IS3N.DE,25.81
2019-11-18,IS3N.DE,25.706
2019-11-19,IS3N.DE,25.669
2019-11-20,IS3N.DE,25.695
2019-11-21,IS3N.DE,25.47
2019-11-22,IS3N.DE,25.604
2019-11-25,IS3N.DE,25.913
2019-11-26,IS3N.DE,25.738
2019-11-27,IS3N.DE,25.85
2019-11-28,IS3N.DE,25.817
2019-11-29,IS3N.DE,25.533
2019-12-02,IS3N.DE,25.305
2019-12-03,IS3N.DE,25.074
2019-12-04,IS3N.DE,25.41
2019-12-05,IS3N.DE,25.436
2019-12-06,IS3N.DE,25.706
2019-12-09,IS3N.DE,25.664
2019-12-10,IS3N.DE,25.621
2019-12-11,IS3N.DE,25.846
2019-12-12,IS3N.DE,26.246
2019-12-13,IS3N.DE,26.303
2019-12-16,IS3N.DE,26.585
2019-12-17,IS3N.DE,26.686
2019-12-18,IS3N.DE,26.86
2019-12-19,IS3N.DE,26.92
2019-12-20,IS3N.DE,27.106
2019-12-23,IS3N.DE,27.065
2019-12-27,IS3N.DE,27.188
2019-12-30,IS3N.DE,27.154
2020-01-02,IS3N.DE,27.372
2020-01-03,IS3N.DE,27.233
2020-01-06,IS3N.DE,26.965
2020-01-07,IS3N.DE,27.079
2020-01-08,IS3N.DE,27.175
2020-01-09,IS3N.DE,27.498
2020-01-10,IS3N.DE,27.609
2020-01-13,IS3N.DE,27.817
2020-01-14,IS3N.DE,27.76
2020-01-15,IS3N.DE,27.613
2020-01-16,IS3N.DE,27.781
2020-01-17,IS3N.DE,27.96
2020-01-20,IS3N.DE,27.955
2020-01-21,IS3N.DE,27.507
2020-01-22,IS3N.DE,27.65
2020-01-23,IS3N.DE,27.249
2020-01-24,IS3N.DE,27.426
2020-01-27,IS3N.DE,26.401
2020-01-28,IS3N.DE,26.66
2020-01-29,IS3N.DE,26.802
2020-01-30,IS3N.DE,26.143
2020-01-31,IS3N.DE,25.645
2020-02-03,IS3N.DE,25.992
2020-02-04,IS3N.DE,26.855
2020-02-05,IS3N.DE,26.982
2020-02-06,IS3N.DE,27.142
2020-02-07,IS3N.DE,26.818
2020-02-10,IS3N.DE,26.936
2020-02-11,IS3N.DE,27.312
2020-02-12,IS3N.DE,27.669
2020-02-13,IS3N.DE,27.583
2020-02-14,IS3N.DE,27.572
2020-02-17,IS3N.DE,27.745
2020-02-18,IS3N.DE,27.38
2020-02-19,IS3N.DE,27.684
2020-02-20,IS3N.DE,27.174
2020-02-21,IS3N.DE,27.039
2020-02-24,IS3N.DE,25.948
2020-02-25,IS3N.DE,25.907
2020-02-26,IS3N.DE,26.084
2020-02-27,IS3N.DE,25.156
2020-02-28,IS3N.DE,24.401
2020-03-02,IS3N.DE,24.645
2020-03-03,IS3N.DE,25.055
2020-03-04,IS3N.DE,25.215
2020-03-05,IS3N.DE,24.981
2020-03-06,IS3N.DE,23.868
2020-03-09,IS3N.DE,22.066
2020-03-10,IS3N.DE,22.645
2020-03-11,IS3N.DE,22.58
2020-03-12,IS3N.DE,19.902
2020-03-13,IS3N.DE,21.203
2020-03-16,IS3N.DE,19.728
2020-03-17,IS3N.DE,20.3
2020-03-18,IS3N.DE,19.181
2020-03-19,IS3N.DE,19.163
2020-03-20,IS3N.DE,19.97
2020-03-23,IS3N.DE,18.871
2020-03-24,IS3N.DE,20.285
2020-03-25,IS3N.DE,20.775
2020-03-26,IS3N.DE,21.179
2020-03-27,IS3N.DE,20.087
2020-03-30,IS3N.DE,20.348
2020-03-31,IS3N.DE,20.898
2020-04-01,IS3N.DE,20.176
2020-04-02,IS3N.DE,20.705
2020-04-03,IS3N.DE,20.514
2020-04-06,IS3N.DE,21.437
2020-04-07,IS3N.DE,21.818
2020-04-08,IS3N.DE,21.718
2020-04-09,IS3N.DE,21.918
2020-04-14,IS3N.DE,22.06
2020-04-15,IS3N.DE,21.579
2020-04-16,IS3N.DE,21.969
2020-04-17,IS3N.DE,22.117
2020-04-20,IS3N.DE,22.242
2020-04-21,IS3N.DE,21.438
2020-04-22,IS3N.DE,22.114
2020-04-23,IS3N.DE,22.316
2020-04-24,IS3N.DE,21.943
2020-04-27,IS3N.DE,22.328
2020-04-28,IS3N.DE,22.59
2020-04-29,IS3N.DE,22.946
2020-04-30,IS3N.DE,22.648
2020-05-04,IS3N.DE,21.819
2020-05-05,IS3N.DE,22.356
2020-05-06,IS3N.DE,22.258
2020-05-07,IS3N.DE,22.402
2020-05-08,IS3N.DE,22.768
2020-05-11,IS3N.DE,22.723
2020-05-12,IS3N.DE,22.856
2020-05-13,IS3N.DE,22.623
2020-05-14,IS3N.DE,22.358
2020-05-15,IS3N.DE,22.255
2020-05-18,IS3N.DE,22.935
2020-05-19,IS3N.DE,22.973
2020-05-20,IS3N.DE,23.065
2020-05-21,IS3N.DE,22.729
2020-05-22,IS3N.DE,22.47
2020-05-25,IS3N.DE,22.82
2020-05-26,IS3N.DE,22.941
2020-05-27,IS3N.DE,22.747
2020-05-28,IS3N.DE,22.721
2020-05-29,IS3N.DE,22.453
2020-06-02,IS3N.DE,23.599
2020-06-03,IS3N.DE,24.127
2020-06-04,IS3N.DE,23.661
2020-06-05,IS3N.DE,24.377
2020-06-08,IS3N.DE,24.198
2020-06-09,IS3N.DE,24.038
2020-06-10,IS3N.DE,24.141
2020-06-11,IS3N.DE,23.412
2020-06-12,IS3N.DE,23.681
2020-06-15,IS3N.DE,23.263
2020-06-16,IS3N.DE,23.77
2020-06-17,IS3N.DE,23.999
2020-06-18,IS3N.DE,24.062
2020-06-19,IS3N.DE,24.277
2020-06-22,IS3N.DE,24.207
2020-06-23,IS3N.DE,24.403
2020-06-24,IS3N.DE,24.068
2020-06-25,IS3N.DE,24.171
2020-06-26,IS3N.DE,24.06
2020-06-29,IS3N.DE,24.014
2020-06-30,IS3N.DE,24.035
2020-07-01,IS3N.DE,24.186
2020-07-02,IS3N.DE,24.837
2020-07-03,IS3N.DE,25.008
2020-07-06,IS3N.DE,25.714
2020-07-07,IS3N.DE,25.539
2020-07-08,IS3N.DE,25.628
2020-07-09,IS3N.DE,25.802
2020-07-10,IS3N.DE,25.694
2020-07-13,IS3N.DE,25.984
2020-07-14,IS3N.DE,25.341
2020-07-15,IS3N.DE,25.444
2020-07-16,IS3N.DE,25.081
2020-07-17,IS3N.DE,25.226
2020-07-20,IS3N.DE,25.485
2020-07-21,IS3N.DE,25.798
2020-07-22,IS3N.DE,25.368
2020-07-23,IS3N.DE,25.366
2020-07-24,IS3N.DE,24.964
2020-07-27,IS3N.DE,24.999
2020-07-28,IS3N.DE,25.13
2020-07-29,IS3N.DE,25.222
2020-07-30,IS3N.DE,24.881
2020-07-31,IS3N.DE,24.779
2020-08-03,IS3N.DE,25.142
2020-08-04,IS3N.DE,25.264
2020-08-05,IS3N.DE,25.495
2020-08-06,IS3N.DE,25.418
2020-08-07,IS3N.DE,25.331
2020-08-10,IS3N.DE,25.248
2020-08-11,IS3N.DE,25.478
2020-08-12,IS3N.DE,25.58
2020-08-13,IS3N.DE,25.415
2020-08-14,IS3N.DE,25.373
2020-08-17,IS3N.DE,25.525
2020-08-18,IS3N.DE,25.32
2020-08-19,IS3N.DE,25.381
2020-08-20,IS3N.DE,24.964
2020-08-21,IS3N.DE,25.42
2020-08-24,IS3N.DE,25.631
2020-08-25,IS3N.DE,25.812
2020-08-26,IS3N.DE,25.949
2020-08-27,IS3N.DE,25.843
2020-08-28,IS3N.DE,25.844
2020-08-31,IS3N.DE,25.207
2020-09-01,IS3N.DE,25.629
2020-09-02,IS3N.DE,25.781
2020-09-03,IS3N.DE,25.382
2020-09-04,IS3N.DE,25.264
2020-09-07,IS3N.DE,25.428
2020-09-08,IS3N.DE,25.224
2020-09-09,IS3N.DE,25.382
2020-09-10,IS3N.DE,25.215
2020-09-11,IS3N.DE,25.289
2020-09-14,IS3N.DE,25.531
2020-09-15,IS3N.DE,25.911
2020-09-16,IS3N.DE,26.006
2020-09-17,IS3N.DE,25.753
2020-09-18,IS3N.DE,25.656
2020-09-21,IS3N.DE,25.212
2020-09-22,IS3N.DE,25.23
2020-09-23,IS3N.DE,25.225
2020-09-24,IS3N.DE,24.943
2020-09-25,IS3N.DE,24.885
2020-09-28,IS3N.DE,25.231
2020-09-29,IS3N.DE,25.094
2020-09-30,IS3N.DE,25.493
2020-10-01,IS3N.DE,25.651
2020-10-02,IS3N.DE,25.602
2020-10-05,IS3N.DE,25.593
2020-10-06,IS3N.DE,25.848
2020-10-07,IS3N.DE,26.064
2020-10-08,IS3N.DE,26.142
2020-10-09,IS3N.DE,26.338
2020-10-12,IS3N.DE,26.528
2020-10-13,IS3N.DE,26.536
2020-10-14,IS3N.DE,26.556
2020-10-15,IS3N.DE,26.215
2020-10-16,IS3N.DE,26.365
2020-10-19,IS3N.DE,26.298
2020-10-20,IS3N.DE,26.306
2020-10-21,IS3N.DE,26.384
2020-10-22,IS3N.DE,26.362
2020-10-23,IS3N.DE,26.352
2020-10-26,IS3N.DE,26.183
2020-10-27,IS3N.DE,26.293
2020-10-28,IS3N.DE,25.906
2020-10-29,IS3N.DE,26.182
2020-10-30,IS3N.DE,25.921
2020-11-02,IS3N.DE,26.237
2020-11-03,IS3N.DE,26.255
2020-11-04,IS3N.DE,27.095
2020-11-05,IS3N.DE,27.248
2020-11-06,IS3N.DE,27.219
2020-11-09,IS3N.DE,27.976
2020-11-10,IS3N.DE,27.427
2020-11-11,IS3N.DE,27.595
2020-11-12,IS3N.DE,27.657
2020-11-13,IS3N.DE,27.599
2020-11-16,IS3N.DE,28.08
2020-11-17,IS3N.DE,27.914
2020-11-18,IS3N.DE,28.012
2020-11-19,IS3N.DE,27.938
2020-11-20,IS3N.DE,28.121
2020-11-23,IS3N.DE,28.282
2020-11-24,IS3N.DE,28.445
2020-11-25,IS3N.DE,28.3
2020-11-26,IS3N.DE,28.451
2020-11-27,IS3N.DE,28.513
2020-11-30,IS3N.DE,27.887
2020-12-01,IS3N.DE,28.164
2020-12-02,IS3N.DE,28.097
2020-12-03,IS3N.DE,28.331
2020-12-04,IS3N.DE,28.524
2020-12-07,IS3N.DE,28.63
2020-12-08,IS3N.DE,28.627
2020-12-09,IS3N.DE,28.647
2020-12-10,IS3N.DE,28.693
2020-12-11,IS3N.DE,28.604
2020-12-14,IS3N.DE,28.472
2020-12-15,IS3N.DE,28.504
2020-12-16,IS3N.DE,28.706
2020-12-17,IS3N.DE,28.726
2020-12-18,IS3N.DE,28.77
2020-12-21,IS3N.DE,28.373
2020-12-22,IS3N.DE,28.239
2020-12-23,IS3N.DE,28.527
2020-12-28,IS3N.DE,28.505
2020-12-29,IS3N.DE,28.768
2020-12-30,IS3N.DE,29.074
2021-01-04,IS3N.DE,29.422
2021-01-05,IS3N.DE,29.742
2021-01-06,IS3N.DE,29.825
2021-01-07,IS3N.DE,29.858
2021-01-08,IS3N.DE,30.669
2021-01-11,IS3N.DE,30.665
2021-01-12,IS3N.DE,30.889
2021-01-13,IS3N.DE,30.838
2021-01-14,IS3N.DE,31.422
2021-01-15,IS3N.DE,31.075
2021-01-18,IS3N.DE,31.154
2021-01-19,IS3N.DE,31.347
2021-01-20,IS3N.DE,31.829
2021-01-21,IS3N.DE,31.854
2021-01-22,IS3N.DE,31.446
2021-01-25,IS3N.DE,31.701
2021-01-26,IS3N.DE,31.475
2021-01-27,IS3N.DE,31.077
2021-01-28,IS3N.DE,30.967
2021-01-29,IS3N.DE,30.346
2021-02-01,IS3N.DE,31.014
2021-02-02,IS3N.DE,31.769
2021-02-03,IS3N.DE,31.947
2021-02-04,IS3N.DE,31.931
2021-02-05,IS3N.DE,32.13
2021-02-08,IS3N.DE,32.193
2021-02-09,IS3N.DE,32.309
2021-02-10,IS3N.DE,32.44
2021-02-11,IS3N.DE,32.917
2021-02-12,IS3N.DE,32.901
2021-02-15,IS3N.DE,33.192
2021-02-16,IS3N.DE,33.044
2021-02-17,IS3N.DE,33.022
2021-02-18,IS3N.DE,32.452
2021-02-19,IS3N.DE,32.849
2021-02-22,IS3N.DE,31.966
2021-02-23,IS3N.DE,31.715
2021-02-24,IS3N.DE,31.582
2021-02-25,IS3N.DE,31.381
2021-02-26,IS3N.DE,30.836
2021-03-01,IS3N.DE,31.742
2021-03-02,IS3N.DE,31.244
2021-03-03,IS3N.DE,31.468
2021-03-04,IS3N.DE,31.293
2021-03-05,IS3N.DE,30.849
2021-03-08,IS3N.DE,30.746
2021-03-09,IS3N.DE,31.092
2021-03-10,IS3N.DE,30.92
2021-03-11,IS3N.DE,31.691
2021-03-12,IS3N.DE,31.19
2021-03-15,IS3N.DE,31.262
2021-03-16,IS3N.DE,31.645
2021-03-17,IS3N.DE,31.253
2021-03-18,IS3N.DE,31.325
2021-03-19,IS3N.DE,31.348
2021-03-22,IS3N.DE,31.275
2021-03-23,IS3N.DE,31.08
2021-03-24,IS3N.DE,30.598
2021-03-25,IS3N.DE,30.583
2021-03-26,IS3N.DE,30.779
2021-03-29,IS3N.DE,31.012
2021-03-30,IS3N.DE,31.331
2021-03-31,IS3N.DE,31.422
2021-04-01,IS3N.DE,31.761
2021-04-06,IS3N.DE,31.777
2021-04-07,IS3N.DE,31.247
2021-04-08,IS3N.DE,31.48
2021-04-09,IS3N.DE,31.156
2021-04-12,IS3N.DE,30.931
2021-04-13,IS3N.DE,31.056
2021-04-14,IS3N.DE,31.212
2021-04-15,IS3N.DE,31.299
2021-04-16,IS3N.DE,31.431
2021-04-19,IS3N.DE,31.171
2021-04-20,IS3N.DE,30.905
2021-04-21,IS3N.DE,31.01
2021-04-22,IS3N.DE,31.223
2021-04-23,IS3N.DE,31.348
2021-04-26,IS3N.DE,31.374
2021-04-27,IS3N.DE,31.443
2021-04-28,IS3N.DE,31.528
2021-04-29,IS3N.DE,31.33
2021-04-30,IS3N.DE,31.208
2021-05-03,IS3N.DE,31.126
2021-05-04,IS3N.DE,30.683
2021-05-05,IS3N.DE,31.064
2021-05-06,IS3N.DE,31.099
2021-05-07,IS3N.DE,31.351
2021-05-10,IS3N.DE,30.855
2021-05-11,IS3N.DE,30.474
2021-05-12,IS3N.DE,30.086
2021-05-13,IS3N.DE,29.967
2021-05-14,IS3N.DE,30.198
2021-05-17,IS3N.DE,30.132
2021-05-18,IS3N.DE,30.51
2021-05-19,IS3N.DE,30.283
2021-05-20,IS3N.DE,30.539
2021-05-21,IS3N.DE,30.369
2021-05-25,IS3N.DE,30.68
2021-05-26,IS3N.DE,30.934
2021-05-27,IS3N.DE,31.095
2021-05-28,IS3N.DE,31.312
2021-05-31,IS3N.DE,31.433
2021-06-01,IS3N.DE,31.756
2021-06-02,IS3N.DE,31.905
2021-06-03,IS3N.DE,31.864
2021-06-04,IS3N.DE,31.931
2021-06-07,IS3N.DE,31.686
2021-06-08,IS3N.DE,31.642
2021-06-09,IS3N.DE,31.609
2021-06-10,IS3N.DE,31.845
2021-06-11,IS3N.DE,31.911
2021-06-14,IS3N.DE,32.004
2021-06-15,IS3N.DE,31.731
2021-06-16,IS3N.DE,31.79
2021-06-17,IS3N.DE,32.103
2021-06-18,IS3N.DE,31.978
2021-06-21,IS3N.DE,31.85
2021-06-22,IS3N.DE,31.755
2021-06-23,IS3N.DE,31.992
2021-06-24,IS3N.DE,32.276
2021-06-25,IS3N.DE,32.466
2021-06-28,IS3N.DE,32.52
2021-06-29,IS3N.DE,32.472
2021-06-30,IS3N.DE,32.558
2021-07-01,IS3N.DE,32.346
2021-07-02,IS3N.DE,32.342
2021-07-05,IS3N.DE,32.204
2021-07-06,IS3N.DE,32.04
2021-07-07,IS3N.DE,32.008
2021-07-08,IS3N.DE,31.26
2021-07-09,IS3N.DE,31.664
2021-07-12,IS3N.DE,31.704
2021-07-13,IS3N.DE,32.108
2021-07-14,IS3N.DE,32.05
2021-07-15,IS3N.DE,32.224
2021-07-16,IS3N.DE,31.996
2021-07-19,IS3N.DE,31.42
2021-07-20,IS3N.DE,31.543
2021-07-21,IS3N.DE,31.591
2021-07-22,IS3N.DE,31.811
2021-07-23,IS3N.DE,31.406
2021-07-26,IS3N.DE,30.843
2021-07-27,IS3N.DE,29.926
2021-07-28,IS3N.DE,30.761
2021-07-29,IS3N.DE,30.963
2021-07-30,IS3N.DE,30.809
2021-08-02,IS3N.DE,31.033
2021-08-03,IS3N.DE,30.929
2021-08-04,IS3N.DE,31.266
2021-08-05,IS3N.DE,31.33
2021-08-06,IS3N.DE,31.15
2021-08-09,IS3N.DE,31.372
2021-08-10,IS3N.DE,31.395
2021-08-11,IS3N.DE,31.331
2021-08-12,IS3N.DE,31.168
2021-08-13,IS3N.DE,30.896
2021-08-16,IS3N.DE,30.671
2021-08-17,IS3N.DE,30.412
2021-08-18,IS3N.DE,30.559
2021-08-19,IS3N.DE,29.912
2021-08-20,IS3N.DE,29.887
2021-08-23,IS3N.DE,30.099
2021-08-24,IS3N.DE,30.824
2021-08-25,IS3N.DE,30.883
2021-08-26,IS3N.DE,30.635
2021-08-27,IS3N.DE,30.837
2021-08-30,IS3N.DE,30.953
2021-08-31,IS3N.DE,31.381
2021-09-01,IS3N.DE,31.661
2021-09-02,IS3N.DE,31.604
2021-09-03,IS3N.DE,31.554
2021-09-06,IS3N.DE,31.85
2021-09-07,IS3N.DE,31.852
2021-09-08,IS3N.DE,31.428
2021-09-09,IS3N.DE,31.372
2021-09-10,IS3N.DE,31.435
2021-09-13,IS3N.DE,31.459
2021-09-14,IS3N.DE,31.271
2021-09-15,IS3N.DE,31.021
2021-09-16,IS3N.DE,31.038
2021-09-17,IS3N.DE,31.01
2021-09-20,IS3N.DE,30.293
2021-09-21,IS3N.DE,30.446
2021-09-22,IS3N.DE,30.921
2021-09-23,IS3N.DE,31.013
2021-09-24,IS3N.DE,30.836
2021-09-27,IS3N.DE,31.015
2021-09-28,IS3N.DE,30.635
2021-09-29,IS3N.DE,30.695
2021-09-30,IS3N.DE,31.037
2021-10-01,IS3N.DE,30.756
2021-10-04,IS3N.DE,30.22
2021-10-05,IS3N.DE,30.671
2021-10-06,IS3N.DE,30.427
2021-10-07,IS3N.DE,31.177
2021-10-08,IS3N.DE,31.135
2021-10-11,IS3N.DE,31.33
2021-10-12,IS3N.DE,31.133
2021-10-13,IS3N.DE,31.296
2021-10-14,IS3N.DE,31.362
2021-10-15,IS3N.DE,31.809
2021-10-18,IS3N.DE,31.72
2021-10-19,IS3N.DE,31.958
2021-10-20,IS3N.DE,31.962
2021-10-21,IS3N.DE,31.656
2021-10-22,IS3N.DE,31.585
2021-10-25,IS3N.DE,31.878
2021-10-26,IS3N.DE,31.894
2021-10-27,IS3N.DE,31.634
2021-10-28,IS3N.DE,31.267
2021-10-29,IS3N.DE,31.255
2021-11-01,IS3N.DE,31.406
2021-11-02,IS3N.DE,31.181
2021-11-03,IS3N.DE,31.168
2021-11-04,IS3N.DE,31.307
2021-11-05,IS3N.DE,31.334
2021-11-08,IS3N.DE,31.505
2021-11-09,IS3N.DE,31.477
2021-11-10,IS3N.DE,31.731
2021-11-11,IS3N.DE,32.2
2021-11-12,IS3N.DE,32.304
2021-11-15,IS3N.DE,32.355
2021-11-16,IS3N.DE,32.563
2021-11-17,IS3N.DE,32.509
2021-11-18,IS3N.DE,32.03
2021-11-19,IS3N.DE,32.15
2021-11-22,IS3N.DE,32.083
2021-11-23,IS3N.DE,31.842
2021-11-24,IS3N.DE,32.037
2021-11-25,IS3N.DE,32.097
2021-11-26,IS3N.DE,30.569
2021-11-29,IS3N.DE,30.917
2021-11-30,IS3N.DE,30.811
2021-12-01,IS3N.DE,31.442
2021-12-02,IS3N.DE,31.324
2021-12-03,IS3N.DE,30.915
2021-12-06,IS3N.DE,31.072
2021-12-07,IS3N.DE,31.723
2021-12-08,IS3N.DE,31.685
2021-12-09,IS3N.DE,31.723
2021-12-10,IS3N.DE,31.515
2021-12-13,IS3N.DE,31.15
2021-12-14,IS3N.DE,31.039
2021-12-15,IS3N.DE,30.731
2021-12-16,IS3N.DE,31.095
2021-12-17,IS3N.DE,30.956
2021-12-20,IS3N.DE,30.26
2021-12-21,IS3N.DE,30.879
2021-12-22,IS3N.DE,30.952
2021-12-23,IS3N.DE,31.191
2021-12-27,IS3N.DE,31.322
2021-12-28,IS3N.DE,31.278
2021-12-29,IS3N.DE,31.011
2021-12-30,IS3N.DE,31.126
2022-01-03,IS3N.DE,31.643
2022-01-04,IS3N.DE,31.546
2022-01-05,IS3N.DE,31.34
2022-01-06,IS3N.DE,31.158
2022-01-07,IS3N.DE,31.224
2022-01-10,IS3N.DE,31.244
2022-01-11,IS3N.DE,31.802
2022-01-12,IS3N.DE,32.104
2022-01-13,IS3N.DE,31.908
2022-01-14,IS3N.DE,31.754
2022-01-17,IS3N.DE,31.807
2022-01-18,IS3N.DE,31.579
2022-01-19,IS3N.DE,31.655
2022-01-20,IS3N.DE,32.261
2022-01-21,IS3N.DE,31.613
2022-01-24,IS3N.DE,30.512
2022-01-25,IS3N.DE,30.724
2022-01-26,IS3N.DE,30.957
2022-01-27,IS3N.DE,30.971
2022-01-28,IS3N.DE,30.604
2022-01-31,IS3N.DE,31.323
2022-02-01,IS3N.DE,31.603
2022-02-02,IS3N.DE,31.345
2022-02-03,IS3N.DE,30.867
2022-02-04,IS3N.DE,30.81
2022-02-07,IS3N.DE,30.831
2022-02-08,IS3N.DE,31.117
2022-02-09,IS3N.DE,31.549
2022-02-10,IS3N.DE,31.545
2022-02-11,IS3N.DE,31.463
2022-02-14,IS3N.DE,31.083
2022-02-15,IS3N.DE,31.445
2022-02-16,IS3N.DE,31.593
2022-02-17,IS3N.DE,31.598
2022-02-18,IS3N.DE,31.2
2022-02-21,IS3N.DE,30.962
2022-02-22,IS3N.DE,30.722
2022-02-23,IS3N.DE,30.68
2022-02-24,IS3N.DE,29.603
2022-02-25,IS3N.DE,30.31
2022-02-28,IS3N.DE,30.181
2022-03-01,IS3N.DE,30.365
2022-03-02,IS3N.DE,30.269
2022-03-03,IS3N.DE,30.044
2022-03-04,IS3N.DE,29.648
2022-03-07,IS3N.DE,29.153
2022-03-08,IS3N.DE,28.69
2022-03-09,IS3N.DE,29.046
2022-03-10,IS3N.DE,28.64
2022-03-11,IS3N.DE,28.601
2022-03-14,IS3N.DE,27.887
2022-03-15,IS3N.DE,27.733
2022-03-16,IS3N.DE,29.263
2022-03-17,IS3N.DE,29.201
2022-03-18,IS3N.DE,29.857
2022-03-21,IS3N.DE,29.412
2022-03-22,IS3N.DE,30.069
2022-03-23,IS3N.DE,30.102
2022-03-24,IS3N.DE,30.092
2022-03-25,IS3N.DE,29.864
2022-03-28,IS3N.DE,29.885
2022-03-29,IS3N.DE,30.126
2022-03-30,IS3N.DE,30.144
2022-03-31,IS3N.DE,29.921
2022-04-01,IS3N.DE,30.296
2022-04-04,IS3N.DE,31.0
2022-04-05,IS3N.DE,30.776
2022-04-06,IS3N.DE,30.334
2022-04-07,IS3N.DE,30.035
2022-04-08,IS3N.DE,30.314
2022-04-11,IS3N.DE,29.95
2022-04-12,IS3N.DE,30.12
2022-04-13,IS3N.DE,30.209
2022-04-14,IS3N.DE,30.117
2022-04-19,IS3N.DE,29.734
2022-04-20,IS3N.DE,29.566
2022-04-21,IS3N.DE,29.208
2022-04-22,IS3N.DE,29.106
2022-04-25,IS3N.DE,28.636
2022-04-26,IS3N.DE,28.456
2022-04-27,IS3N.DE,28.869
2022-04-28,IS3N.DE,29.097
2022-04-29,IS3N.DE,29.814
2022-05-02,IS3N.DE,29.341
2022-05-03,IS3N.DE,29.568
2022-05-04,IS3N.DE,29.128
2022-05-05,IS3N.DE,28.829
2022-05-06,IS3N.DE,28.43
2022-05-09,IS3N.DE,27.711
2022-05-10,IS3N.DE,27.57
2022-05-11,IS3N.DE,27.931
2022-05-12,IS3N.DE,27.761
2022-05-13,IS3N.DE,28.325
2022-05-16,IS3N.DE,28.348
2022-05-17,IS3N.DE,28.604
2022-05-18,IS3N.DE,28.363
2022-05-19,IS3N.DE,28.3
2022-05-20,IS3N.DE,28.43
2022-05-23,IS3N.DE,28.433
2022-05-24,IS3N.DE,27.574
2022-05-25,IS3N.DE,27.881
2022-05-26,IS3N.DE,28.232
2022-05-27,IS3N.DE,28.697
2022-05-30,IS3N.DE,29.041
2022-05-31,IS3N.DE,29.213
2022-06-01,IS3N.DE,29.117
2022-06-02,IS3N.DE,29.254
2022-06-03,IS3N.DE,28.928
2022-06-06,IS3N.DE,29.292
2022-06-07,IS3N.DE,29.091
2022-06-08,IS3N.DE,29.339
2022-06-09,IS3N.DE,29.053
2022-06-10,IS3N.DE,28.811
2022-06-13,IS3N.DE,28.119
2022-06-14,IS3N.DE,28.45
2022-06-15,IS3N.DE,28.607
2022-06-16,IS3N.DE,27.634
2022-06-17,IS3N.DE,27.845
2022-06-20,IS3N.DE,27.794
2022-06-21,IS3N.DE,28.078
2022-06-22,IS3N.DE,27.547
2022-06-23,IS3N.DE,27.658
2022-06-24,IS3N.DE,28.117
2022-06-27,IS3N.DE,28.164
2022-06-28,IS3N.DE,28.292
2022-06-29,IS3N.DE,28.149
2022-06-30,IS3N.DE,27.884
2022-07-01,IS3N.DE,27.911
2022-07-04,IS3N.DE,27.835
2022-07-05,IS3N.DE,27.803
2022-07-06,IS3N.DE,28.043
2022-07-07,IS3N.DE,28.869
2022-07-08,IS3N.DE,28.812
2022-07-11,IS3N.DE,28.338
2022-07-12,IS3N.DE,28.313
2022-07-13,IS3N.DE,28.136
2022-07-14,IS3N.DE,27.916
2022-07-15,IS3N.DE,27.963
2022-07-18,IS3N.DE,28.258
2022-07-19,IS3N.DE,28.203
2022-07-20,IS3N.DE,28.316
2022-07-21,IS3N.DE,28.452
2022-07-22,IS3N.DE,28.381
2022-07-25,IS3N.DE,28.369
2022-07-26,IS3N.DE,28.453
2022-07-27,IS3N.DE,28.604
2022-07-28,IS3N.DE,28.785
2022-07-29,IS3N.DE,28.602
2022-08-01,IS3N.DE,28.447
2022-08-02,IS3N.DE,28.512
2022-08-03,IS3N.DE,28.689
2022-08-04,IS3N.DE,28.72
2022-08-05,IS3N.DE,28.903
2022-08-08,IS3N.DE,28.969
2022-08-09,IS3N.DE,28.811
2022-08-10,IS3N.DE,28.779
2022-08-11,IS3N.DE,29.112
2022-08-12,IS3N.DE,29.343
2022-08-15,IS3N.DE,29.534
2022-08-16,IS3N.DE,29.567
2022-08-17,IS3N.DE,29.449
2022-08-18,IS3N.DE,29.487
2022-08-19,IS3N.DE,29.295
2022-08-22,IS3N.DE,29.389
2022-08-23,IS3N.DE,29.403
2022-08-24,IS3N.DE,29.598
2022-08-25,IS3N.DE,29.893
2022-08-26,IS3N.DE,29.724
2022-08-29,IS3N.DE,29.444
2022-08-30,IS3N.DE,29.058
2022-08-31,IS3N.DE,29.103
2022-09-01,IS3N.DE,28.961
2022-09-02,IS3N.DE,28.921
2022-09-05,IS3N.DE,28.965
2022-09-06,IS3N.DE,28.732
2022-09-07,IS3N.DE,28.544
2022-09-08,IS3N.DE,28.599
2022-09-09,IS3N.DE,28.767
2022-09-12,IS3N.DE,28.97
2022-09-13,IS3N.DE,28.669
2022-09-14,IS3N.DE,28.628
2022-09-15,IS3N.DE,28.379
2022-09-16,IS3N.DE,27.917
2022-09-19,IS3N.DE,27.899
2022-09-20,IS3N.DE,28.028
2022-09-21,IS3N.DE,28.036
2022-09-22,IS3N.DE,27.8
2022-09-23,IS3N.DE,27.465
2022-09-26,IS3N.DE,27.429
2022-09-27,IS3N.DE,27.397
2022-09-28,IS3N.DE,27.23
2022-09-29,IS3N.DE,26.409
2022-09-30,IS3N.DE,26.549
2022-10-03,IS3N.DE,26.656
2022-10-04,IS3N.DE,27.146
2022-10-05,IS3N.DE,27.213
2022-10-06,IS3N.DE,27.391
2022-10-07,IS3N.DE,27.058
2022-10-10,IS3N.DE,26.796
2022-10-11,IS3N.DE,26.44
2022-10-12,IS3N.DE,26.32
2022-10-13,IS3N.DE,26.153
2022-10-14,IS3N.DE,26.148
2022-10-17,IS3N.DE,26.477
2022-10-18,IS3N.DE,26.274
2022-10-19,IS3N.DE,26.11
2022-10-20,IS3N.DE,26.405
2022-10-21,IS3N.DE,26.321
2022-10-24,IS3N.DE,25.404
2022-10-25,IS3N.DE,25.435
2022-10-26,IS3N.DE,25.69
2022-10-27,IS3N.DE,25.757
2022-10-28,IS3N.DE,25.395
2022-10-31,IS3N.DE,25.616
2022-11-01,IS3N.DE,26.17
2022-11-02,IS3N.DE,26.151
2022-11-03,IS3N.DE,26.371
2022-11-04,IS3N.DE,26.836
2022-11-07,IS3N.DE,26.782
2022-11-08,IS3N.DE,26.824
2022-11-09,IS3N.DE,26.635
2022-11-10,IS3N.DE,26.931
2022-11-11,IS3N.DE,27.103
2022-11-14,IS3N.DE,27.174
2022-11-15,IS3N.DE,27.731
2022-11-16,IS3N.DE,27.076
2022-11-17,IS3N.DE,27.124
2022-11-18,IS3N.DE,26.996
2022-11-21,IS3N.DE,26.913
2022-11-22,IS3N.DE,26.941
2022-11-23,IS3N.DE,26.921
2022-11-24,IS3N.DE,27.106
2022-11-25,IS3N.DE,26.858
2022-11-28,IS3N.DE,26.898
2022-11-29,IS3N.DE,27.339
2022-11-30,IS3N.DE,28.01
2022-12-01,IS3N.DE,27.641
2022-12-02,IS3N.DE,27.744
2022-12-05,IS3N.DE,27.593
2022-12-06,IS3N.DE,27.483
2022-12-07,IS3N.DE,27.207
2022-12-08,IS3N.DE,27.396
2022-12-09,IS3N.DE,27.509
2022-12-12,IS3N.DE,27.057
2022-12-13,IS3N.DE,27.389
2022-12-14,IS3N.DE,27.202
2022-12-15,IS3N.DE,26.641
2022-12-16,IS3N.DE,26.826
2022-12-19,IS3N.DE,26.753
2022-12-20,IS3N.DE,26.75
2022-12-21,IS3N.DE,26.898
2022-12-22,IS3N.DE,26.79
2022-12-23,IS3N.DE,26.684
2022-12-27,IS3N.DE,26.943
2022-12-28,IS3N.DE,26.769
2022-12-29,IS3N.DE,27.042
2022-12-30,IS3N.DE,26.819
2023-01-02,IS3N.DE,26.871
2023-01-03,IS3N.DE,27.24
2023-01-04,IS3N.DE,27.655
2023-01-05,IS3N.DE,27.837
2023-01-06,IS3N.DE,28.089
2023-01-09,IS3N.DE,28.282
2023-01-10,IS3N.DE,28.168
2023-01-11,IS3N.DE,28.29
2023-01-12,IS3N.DE,28.293
2023-01-13,IS3N.DE,28.441
2023-01-16,IS3N.DE,28.333
2023-01-17,IS3N.DE,28.44
2023-01-18,IS3N.DE,28.309
2023-01-19,IS3N.DE,28.42
2023-01-20,IS3N.DE,28.653
2023-01-23,IS3N.DE,28.991
2023-01-24,IS3N.DE,28.869
2023-01-25,IS3N.DE,28.741
2023-01-26,IS3N.DE,29.137
2023-01-27,IS3N.DE,29.088
2023-01-30,IS3N.DE,28.693
2023-01-31,IS3N.DE,28.495
2023-02-01,IS3N.DE,28.541
2023-02-02,IS3N.DE,28.65
2023-02-03,IS3N.DE,28.516
2023-02-06,IS3N.DE,28.195
2023-02-07,IS3N.DE,28.291
2023-02-08,IS3N.DE,28.208
2023-02-09,IS3N.DE,28.455
2023-02-10,IS3N.DE,28.295
2023-02-13,IS3N.DE,28.364
2023-02-14,IS3N.DE,28.217
2023-02-15,IS3N.DE,28.091
2023-02-16,IS3N.DE,28.261
2023-02-17,IS3N.DE,27.931
2023-02-20,IS3N.DE,28.196
2023-02-21,IS3N.DE,27.769
2023-02-22,IS3N.DE,27.656
2023-02-23,IS3N.DE,27.804
2023-02-24,IS3N.DE,27.328
2023-02-27,IS3N.DE,27.405
2023-02-28,IS3N.DE,27.279
2023-03-01,IS3N.DE,27.593
2023-03-02,IS3N.DE,27.815
2023-03-03,IS3N.DE,28.033
2023-03-06,IS3N.DE,27.994
2023-03-07,IS3N.DE,27.789
2023-03-08,IS3N.DE,27.818
2023-03-09,IS3N.DE,27.448
2023-03-10,IS3N.DE,27.124
2023-03-13,IS3N.DE,26.733
2023-03-14,IS3N.DE,26.749
2023-03-15,IS3N.DE,26.524
2023-03-16,IS3N.DE,26.816
2023-03-17,IS3N.DE,26.654
2023-03-20,IS3N.DE,26.566
2023-03-21,IS3N.DE,26.609
2023-03-22,IS3N.DE,26.837
2023-03-23,IS3N.DE,27.095
2023-03-24,IS3N.DE,27.03
2023-03-27,IS3N.DE,26.848
2023-03-28,IS3N.DE,27.064
2023-03-29,IS3N.DE,27.252
2023-03-30,IS3N.DE,27.315
2023-03-31,IS3N.DE,27.437
2023-04-03,IS3N.DE,27.337
2023-04-04,IS3N.DE,27.178
2023-04-05,IS3N.DE,27.085
2023-04-06,IS3N.DE,27.172
2023-04-11,IS3N.DE,27.516
2023-04-12,IS3N.DE,27.208
2023-04-13,IS3N.DE,27.291
2023-04-14,IS3N.DE,27.274
2023-04-17,IS3N.DE,27.524
2023-04-18,IS3N.DE,27.489
2023-04-19,IS3N.DE,27.212
2023-04-20,IS3N.DE,27.206
2023-04-21,IS3N.DE,26.836
2023-04-24,IS3N.DE,26.633
2023-04-25,IS3N.DE,26.367
2023-04-26,IS3N.DE,26.394
2023-04-27,IS3N.DE,26.624
2023-04-28,IS3N.DE,26.806
2023-05-02,IS3N.DE,26.553
2023-05-03,IS3N.DE,26.508
2023-05-04,IS3N.DE,26.72
2023-05-05,IS3N.DE,26.975
2023-05-08,IS3N.DE,27.052
2023-05-09,IS3N.DE,27.029
2023-05-10,IS3N.DE,27.003
2023-05-11,IS3N.DE,26.932
2023-05-12,IS3N.DE,26.854
2023-05-15,IS3N.DE,27.234
2023-05-16,IS3N.DE,27.22
2023-05-17,IS3N.DE,27.272
2023-05-18,IS3N.DE,27.365
2023-05-19,IS3N.DE,27.299
2023-05-22,IS3N.DE,27.572
2023-05-23,IS3N.DE,27.437
2023-05-24,IS3N.DE,27.151
2023-05-25,IS3N.DE,27.135
2023-05-26,IS3N.DE,27.591
2023-05-29,IS3N.DE,27.457
2023-05-30,IS3N.DE,27.283
2023-05-31,IS3N.DE,27.046
2023-06-01,IS3N.DE,27.39
2023-06-02,IS3N.DE,27.98
2023-06-05,IS3N.DE,27.926
2023-06-06,IS3N.DE,28.204
2023-06-07,IS3N.DE,28.25
2023-06-08,IS3N.DE,28.096
2023-06-09,IS3N.DE,28.349
2023-06-12,IS3N.DE,28.354
2023-06-13,IS3N.DE,28.559
2023-06-14,IS3N.DE,28.555
2023-06-15,IS3N.DE,28.535
2023-06-16,IS3N.DE,28.553
2023-06-19,IS3N.DE,28.441
2023-06-20,IS3N.DE,28.106
2023-06-21,IS3N.DE,27.841
2023-06-22,IS3N.DE,27.743
2023-06-23,IS3N.DE,27.502
2023-06-26,IS3N.DE,27.595
2023-06-27,IS3N.DE,27.692
2023-06-28,IS3N.DE,27.628
2023-06-29,IS3N.DE,27.603
2023-06-30,IS3N.DE,27.798
2023-07-03,IS3N.DE,28.097
2023-07-04,IS3N.DE,28.291
2023-07-05,IS3N.DE,28.068
2023-07-06,IS3N.DE,27.434
2023-07-07,IS3N.DE,27.621
2023-07-10,IS3N.DE,27.503
2023-07-11,IS3N.DE,27.681
2023-07-12,IS3N.DE,28.02
2023-07-13,IS3N.DE,28.147
2023-07-14,IS3N.DE,28.066
2023-07-17,IS3N.DE,27.945
2023-07-18,IS3N.DE,27.862
2023-07-19,IS3N.DE,27.971
2023-07-20,IS3N.DE,27.839
2023-07-21,IS3N.DE,27.937
2023-07-24,IS3N.DE,28.359
2023-07-25,IS3N.DE,28.685
2023-07-26,IS3N.DE,28.604
2023-07-27,IS3N.DE,28.827
2023-07-28,IS3N.DE,29.156
2023-07-31,IS3N.DE,29.167
2023-08-01,IS3N.DE,29.023
2023-08-02,IS3N.DE,28.41
2023-08-03,IS3N.DE,28.538
2023-08-04,IS3N.DE,28.464
2023-08-07,IS3N.DE,28.264
2023-08-08,IS3N.DE,28.024
2023-08-09,IS3N.DE,28.052
2023-08-10,IS3N.DE,28.24
2023-08-11,IS3N.DE,27.777
2023-08-14,IS3N.DE,27.732
2023-08-15,IS3N.DE,27.527
2023-08-16,IS3N.DE,27.435
2023-08-17,IS3N.DE,27.506
2023-08-18,IS3N.DE,27.262
2023-08-21,IS3N.DE,27.177
2023-08-22,IS3N.DE,27.364
2023-08-23,IS3N.DE,27.73
2023-08-24,IS3N.DE,27.685
2023-08-25,IS3N.DE,27.768
2023-08-28,IS3N.DE,28.036
2023-08-29,IS3N.DE,28.241
2023-08-30,IS3N.DE,27.975
2023-08-31,IS3N.DE,27.896
2023-09-01,IS3N.DE,28.304
2023-09-04,IS3N.DE,28.411
2023-09-05,IS3N.DE,28.376
2023-09-06,IS3N.DE,28.239
2023-09-07,IS3N.DE,27.964
2023-09-08,IS3N.DE,27.99
2023-09-11,IS3N.DE,28.132
2023-09-12,IS3N.DE,28.148
2023-09-13,IS3N.DE,28.162
2023-09-14,IS3N.DE,28.488
2023-09-15,IS3N.DE,28.336
2023-09-18,IS3N.DE,28.198
2023-09-19,IS3N.DE,28.048
2023-09-20,IS3N.DE,28.133
2023-09-21,IS3N.DE,27.647
2023-09-22,IS3N.DE,27.966
2023-09-25,IS3N.DE,27.974
2023-09-26,IS3N.DE,27.683
2023-09-27,IS3N.DE,27.83
2023-09-28,IS3N.DE,27.736
2023-09-29,IS3N.DE,27.836
2023-10-02,IS3N.DE,27.829
2023-10-03,IS3N.DE,27.596
2023-10-04,IS3N.DE,27.328
2023-10-05,IS3N.DE,27.238
2023-10-06,IS3N.DE,27.571
2023-10-09,IS3N.DE,27.425
2023-10-10,IS3N.DE,27.787
2023-10-11,IS3N.DE,27.901
2023-10-12,IS3N.DE,27.94
2023-10-13,IS3N.DE,27.866
2023-10-16,IS3N.DE,27.942
2023-10-17,IS3N.DE,27.815
2023-10-18,IS3N.DE,27.484
2023-10-19,IS3N.DE,27.291
2023-10-20,IS3N.DE,26.876
2023-10-23,IS3N.DE,26.732
2023-10-24,IS3N.DE,27.175
2023-10-25,IS3N.DE,26.929
2023-10-26,IS3N.DE,26.808
2023-10-27,IS3N.DE,26.746
2023-10-30,IS3N.DE,26.816
2023-10-31,IS3N.DE,26.62
2023-11-01,IS3N.DE,26.964
2023-11-02,IS3N.DE,27.376
2023-11-03,IS3N.DE,27.669
2023-11-06,IS3N.DE,27.941
2023-11-07,IS3N.DE,27.954
2023-11-08,IS3N.DE,27.769
2023-11-09,IS3N.DE,27.728
2023-11-10,IS3N.DE,27.634
2023-11-13,IS3N.DE,27.72
2023-11-14,IS3N.DE,27.922
2023-11-15,IS3N.DE,28.291
2023-11-16,IS3N.DE,27.875
2023-11-17,IS3N.DE,27.894
2023-11-20,IS3N.DE,28.097
2023-11-21,IS3N.DE,27.996
2023-11-22,IS3N.DE,28.058
2023-11-23,IS3N.DE,28.107
2023-11-24,IS3N.DE,27.944
2023-11-27,IS3N.DE,27.808
2023-11-28,IS3N.DE,27.954
2023-11-29,IS3N.DE,27.867
2023-11-30,IS3N.DE,28.08
2023-12-01,IS3N.DE,28.19
2023-12-04,IS3N.DE,28.19
2023-12-05,IS3N.DE,28.19
2023-12-06,IS3N.DE,28.19
2023-12-07,IS3N.DE,28.13
2023-12-08,IS3N.DE,28.147
2023-12-11,IS3N.DE,28.321
2023-12-12,IS3N.DE,28.175
2023-12-13,IS3N.DE,28.039
2023-12-14,IS3N.DE,28.381
2023-12-15,IS3N.DE,28.593
2023-12-18,IS3N.DE,28.298
2023-12-19,IS3N.DE,28.482
2023-12-20,IS3N.DE,28.301
2023-12-21,IS3N.DE,28.394
2023-12-22,IS3N.DE,28.27
2023-12-27,IS3N.DE,28.367
2023-12-28,IS3N.DE,28.733
2023-12-29,IS3N.DE,28.749
2024-01-02,IS3N.DE,28.729
2024-01-03,IS3N.DE,28.655
2024-01-04,IS3N.DE,28.571
2024-01-05,IS3N.DE,28.626
2024-01-08,IS3N.DE,28.528
2024-01-09,IS3N.DE,28.349
2024-01-10,IS3N.DE,28.15
2024-01-11,IS3N.DE,28.142
2024-01-12,IS3N.DE,28.441
2024-01-15,IS3N.DE,28.299
2024-01-16,IS3N.DE,28.075
2024-01-17,IS3N.DE,27.532
2024-01-18,IS3N.DE,27.8
2024-01-19,IS3N.DE,27.82
2024-01-22,IS3N.DE,27.808
2024-01-23,IS3N.DE,28.058
2024-01-24,IS3N.DE,28.403
2024-01-25,IS3N.DE,28.477
2024-01-26,IS3N.DE,28.488
2024-01-29,IS3N.DE,28.532
2024-01-30,IS3N.DE,28.26
2024-01-31,IS3N.DE,28.355
2024-02-01,IS3N.DE,28.337
2024-02-02,IS3N.DE,28.383
2024-02-05,IS3N.DE,28.558
2024-02-06,IS3N.DE,29.2
2024-02-07,IS3N.DE,29.13
2024-02-08,IS3N.DE,29.037
2024-02-09,IS3N.DE,28.962
2024-02-12,IS3N.DE,29.46
2024-02-13,IS3N.DE,28.98
2024-02-14,IS3N.DE,29.284
2024-02-15,IS3N.DE,29.318
2024-02-16,IS3N.DE,29.54
2024-02-19,IS3N.DE,29.514
2024-02-20,IS3N.DE,29.417
2024-02-21,IS3N.DE,29.482
2024-02-22,IS3N.DE,29.697
2024-02-23,IS3N.DE,29.718
2024-02-26,IS3N.DE,29.531
2024-02-27,IS3N.DE,29.612
2024-02-28,IS3N.DE,29.245
2024-02-29,IS3N.DE,29.333
2024-03-01,IS3N.DE,29.663
2024-03-04,IS3N.DE,29.55
2024-03-05,IS3N.DE,29.327
2024-03-06,IS3N.DE,29.631
2024-03-07,IS3N.DE,29.621
2024-03-08,IS3N.DE,29.638
2024-03-11,IS3N.DE,29.736
2024-03-12,IS3N.DE,29.994
2024-03-13,IS3N.DE,29.794
2024-03-14,IS3N.DE,29.867
2024-03-15,IS3N.DE,29.681
2024-03-18,IS3N.DE,29.764
2024-03-19,IS3N.DE,29.647
2024-03-20,IS3N.DE,29.729
2024-03-21,IS3N.DE,30.083
2024-03-22,IS3N.DE,29.985
2024-03-25,IS3N.DE,29.944
2024-03-26,IS3N.DE,29.951
2024-03-27,IS3N.DE,29.944
2024-03-28,IS3N.DE,30.198
2024-04-02,IS3N.DE,30.449
2024-04-03,IS3N.DE,30.303
2024-04-04,IS3N.DE,30.502
2024-04-05,IS3N.DE,30.217
2024-04-08,IS3N.DE,30.441
2024-04-09,IS3N.DE,30.532
2024-04-10,IS3N.DE,30.434
2024-04-11,IS3N.DE,30.605
2024-04-12,IS3N.DE,30.386
2024-04-15,IS3N.DE,30.295
2024-04-16,IS3N.DE,29.724
2024-04-17,IS3N.DE,29.658
2024-04-18,IS3N.DE,29.886
2024-04-19,IS3N.DE,29.633
2024-04-22,IS3N.DE,29.802
2024-04-23,IS3N.DE,30.01
2024-04-24,IS3N.DE,30.154
2024-04-25,IS3N.DE,30.062
2024-04-26,IS3N.DE,30.556
2024-04-29,IS3N.DE,30.745
2024-04-30,IS3N.DE,30.65
2024-05-02,IS3N.DE,31.046
2024-05-03,IS3N.DE,31.177
2024-05-06,IS3N.DE,31.257
2024-05-07,IS3N.DE,31.128
2024-05-08,IS3N.DE,31.127
2024-05-09,IS3N.DE,31.103
2024-05-10,IS3N.DE,31.183
2024-05-13,IS3N.DE,31.352
2024-05-14,IS3N.DE,31.424
2024-05-15,IS3N.DE,31.622
2024-05-16,IS3N.DE,31.718
2024-05-17,IS3N.DE,31.869
2024-05-20,IS3N.DE,31.829
2024-05-21,IS3N.DE,31.614
2024-05-22,IS3N.DE,31.627
2024-05-23,IS3N.DE,31.512
2024-05-24,IS3N.DE,31.383
2024-05-27,IS3N.DE,31.555
2024-05-28,IS3N.DE,31.341
2024-05-29,IS3N.DE,31.036
2024-05-30,IS3N.DE,30.927
2024-05-31,IS3N.DE,30.421
2024-06-03,IS3N.DE,30.806
2024-06-04,IS3N.DE,30.259
2024-06-05,IS3N.DE,30.88
2024-06-06,IS3N.DE,31.034
2024-06-07,IS3N.DE,31.084
2024-06-10,IS3N.DE,31.325
2024-06-11,IS3N.DE,31.111
2024-06-12,IS3N.DE,31.356
2024-06-13,IS3N.DE,31.397
2024-06-14,IS3N.DE,31.626
2024-06-17,IS3N.DE,31.675
2024-06-18,IS3N.DE,31.976
2024-06-19,IS3N.DE,32.154
2024-06-20,IS3N.DE,32.06
2024-06-21,IS3N.DE,32.02
2024-06-24,IS3N.DE,32.005
2024-06-25,IS3N.DE,31.8
2024-06-26,IS3N.DE,31.847
2024-06-27,IS3N.DE,31.816
2024-06-28,IS3N.DE,32.023
2024-07-01,IS3N.DE,31.961
2024-07-02,IS3N.DE,31.849
2024-07-03,IS3N.DE,32.215
2024-07-04,IS3N.DE,32.288
2024-07-05,IS3N.DE,32.233
2024-07-08,IS3N.DE,32.345
2024-07-09,IS3N.DE,32.414
2024-07-10,IS3N.DE,32.567
2024-07-11,IS3N.DE,32.709
2024-07-12,IS3N.DE,32.739
2024-07-15,IS3N.DE,32.498
2024-07-16,IS3N.DE,32.528
2024-07-17,IS3N.DE,32.084
2024-07-18,IS3N.DE,31.849
2024-07-19,IS3N.DE,31.543
2024-07-22,IS3N.DE,31.657
2024-07-23,IS3N.DE,31.728
2024-07-24,IS3N.DE,31.412
2024-07-25,IS3N.DE,31.192
2024-07-26,IS3N.DE,31.372
2024-07-29,IS3N.DE,31.333
2024-07-30,IS3N.DE,31.35
2024-07-31,IS3N.DE,31.985
2024-08-01,IS3N.DE,31.683
2024-08-02,IS3N.DE,30.602
2024-08-05,IS3N.DE,29.579
2024-08-06,IS3N.DE,29.758
2024-08-07,IS3N.DE,30.468
2024-08-08,IS3N.DE,30.748
2024-08-09,IS3N.DE,30.826
2024-08-12,IS3N.DE,31.0
2024-08-13,IS3N.DE,31.12
2024-08-14,IS3N.DE,30.937
2024-08-15,IS3N.DE,31.351
2024-08-16,IS3N.DE,31.578
2024-08-19,IS3N.DE,31.746
2024-08-20,IS3N.DE,31.436
2024-08-21,IS3N.DE,31.498
2024-08-22,IS3N.DE,31.276
2024-08-23,IS3N.DE,31.498
2024-08-26,IS3N.DE,31.256
2024-08-27,IS3N.DE,31.296
2024-08-28,IS3N.DE,31.27
2024-08-29,IS3N.DE,31.534
2024-08-30,IS3N.DE,31.497
2024-09-02,IS3N.DE,31.452
2024-09-03,IS3N.DE,31.167
2024-09-04,IS3N.DE,30.976
2024-09-05,IS3N.DE,30.891
2024-09-06,IS3N.DE,30.437
2024-09-09,IS3N.DE,30.72
2024-09-10,IS3N.DE,30.618
2024-09-11,IS3N.DE,30.59
2024-09-12,IS3N.DE,30.955
2024-09-13,IS3N.DE,31.179
2024-09-16,IS3N.DE,31.086
2024-09-17,IS3N.DE,31.251
2024-09-18,IS3N.DE,31.117
2024-09-19,IS3N.DE,31.557
2024-09-20,IS3N.DE,31.529
2024-09-23,IS3N.DE,31.872
2024-09-24,IS3N.DE,32.589
2024-09-25,IS3N.DE,32.535
2024-09-26,IS3N.DE,33.369
2024-09-27,IS3N.DE,33.417
2024-09-30,IS3N.DE,33.066
2024-10-01,IS3N.DE,33.233
2024-10-02,IS3N.DE,33.832
2024-10-03,IS3N.DE,33.652
2024-10-04,IS3N.DE,33.921
2024-10-07,IS3N.DE,34.194
2024-10-08,IS3N.DE,33.489
2024-10-09,IS3N.DE,33.5
2024-10-10,IS3N.DE,33.551
2024-10-11,IS3N.DE,33.693
2024-10-14,IS3N.DE,33.703
2024-10-15,IS3N.DE,33.226
2024-10-16,IS3N.DE,33.507
2024-10-17,IS3N.DE,33.495
2024-10-18,IS3N.DE,33.685
2024-10-21,IS3N.DE,33.326
2024-10-22,IS3N.DE,33.394
2024-10-23,IS3N.DE,33.35
2024-10-24,IS3N.DE,33.102
2024-10-25,IS3N.DE,33.214
2024-10-28,IS3N.DE,33.264
2024-10-29,IS3N.DE,33.252
2024-10-30,IS3N.DE,32.778
2024-10-31,IS3N.DE,32.54
2024-11-01,IS3N.DE,32.869
2024-11-04,IS3N.DE,32.901
2024-11-05,IS3N.DE,33.115
2024-11-06,IS3N.DE,33.208
2024-11-07,IS3N.DE,33.705
2024-11-08,IS3N.DE,33.144
2024-11-11,IS3N.DE,33.178
2024-11-12,IS3N.DE,32.708
2024-11-13,IS3N.DE,32.604
2024-11-14,IS3N.DE,32.54
2024-11-15,IS3N.DE,32.471
2024-11-18,IS3N.DE,32.69
2024-11-19,IS3N.DE,32.761
2024-11-20,IS3N.DE,32.715
2024-11-21,IS3N.DE,32.83
2024-11-22,IS3N.DE,33.135
2024-11-25,IS3N.DE,32.976
2024-11-26,IS3N.DE,32.936
2024-11-27,IS3N.DE,32.609
2024-11-28,IS3N.DE,32.527
2024-11-29,IS3N.DE,32.798
2024-12-02,IS3N.DE,33.044
2024-12-03,IS3N.DE,33.077
2024-12-04,IS3N.DE,33.17
2024-12-05,IS3N.DE,33.257
2024-12-06,IS3N.DE,33.213
2024-12-09,IS3N.DE,33.871
2024-12-10,IS3N.DE,33.496
2024-12-11,IS3N.DE,33.615
2024-12-12,IS3N.DE,33.566
2024-12-13,IS3N.DE,33.472
2024-12-16,IS3N.DE,33.355
2024-12-17,IS3N.DE,33.191
2024-12-18,IS3N.DE,33.276
2024-12-19,IS3N.DE,33.131
2024-12-20,IS3N.DE,33.02
2024-12-23,IS3N.DE,33.052
2024-12-27,IS3N.DE,32.92
2024-12-30,IS3N.DE,32.737
2025-01-02,IS3N.DE,33.269
2025-01-03,IS3N.DE,33.24
2025-01-06,IS3N.DE,33.179
2025-01-07,IS3N.DE,33.069
2025-01-08,IS3N.DE,32.941
2025-01-09,IS3N.DE,32.935
2025-01-10,IS3N.DE,32.521
2025-01-13,IS3N.DE,32.304
2025-01-14,IS3N.DE,32.447
2025-01-15,IS3N.DE,32.813
2025-01-16,IS3N.DE,32.861
2025-01-17,IS3N.DE,33.156
2025-01-20,IS3N.DE,33.186
2025-01-21,IS3N.DE,32.906
2025-01-22,IS3N.DE,32.882
2025-01-23,IS3N.DE,32.965
2025-01-24,IS3N.DE,32.911
2025-01-27,IS3N.DE,32.245
2025-01-28,IS3N.DE,32.409
2025-01-29,IS3N.DE,32.901
2025-01-30,IS3N.DE,33.28
2025-01-31,IS3N.DE,33.396
2025-02-03,IS3N.DE,33.282
2025-02-04,IS3N.DE,33.495
2025-02-05,IS3N.DE,33.268
2025-02-06,IS3N.DE,33.494
2025-02-07,IS3N.DE,33.641
2025-02-10,IS3N.DE,33.983
2025-02-11,IS3N.DE,33.821
2025-02-12,IS3N.DE,33.764
2025-02-13,IS3N.DE,33.807
2025-02-14,IS3N.DE,33.75
2025-02-17,IS3N.DE,34.057
2025-02-18,IS3N.DE,34.25
2025-02-19,IS3N.DE,34.316
2025-02-20,IS3N.DE,34.346
2025-02-21,IS3N.DE,34.618
2025-02-24,IS3N.DE,33.903
2025-02-25,IS3N.DE,33.66
2025-02-26,IS3N.DE,34.172
2025-02-27,IS3N.DE,33.973
2025-02-28,IS3N.DE,33.168
2025-03-03,IS3N.DE,33.074
2025-03-04,IS3N.DE,32.564
2025-03-05,IS3N.DE,32.698
2025-03-06,IS3N.DE,32.825
2025-03-07,IS3N.DE,32.531
2025-03-10,IS3N.DE,32.148
2025-03-11,IS3N.DE,31.917
2025-03-12,IS3N.DE,32.172
2025-03-13,IS3N.DE,32.182
2025-03-14,IS3N.DE,32.635
2025-03-17,IS3N.DE,33.021
2025-03-18,IS3N.DE,32.985
2025-03-19,IS3N.DE,33.146
2025-03-20,IS3N.DE,32.985
2025-03-21,IS3N.DE,32.993
2025-03-24,IS3N.DE,33.238
2025-03-25,IS3N.DE,33.124
2025-03-26,IS3N.DE,33.046
2025-03-27,IS3N.DE,33.187
2025-03-28,IS3N.DE,32.433
2025-03-31,IS3N.DE,32.269
2025-04-01,IS3N.DE,32.565
2025-04-02,IS3N.DE,32.411
2025-04-03,IS3N.DE,31.335
2025-04-04,IS3N.DE,29.744
2025-04-07,IS3N.DE,28.785
2025-04-08,IS3N.DE,29.194
2025-04-09,IS3N.DE,27.981
2025-04-10,IS3N.DE,28.989
2025-04-11,IS3N.DE,29.121
2025-04-14,IS3N.DE,29.794
2025-04-15,IS3N.DE,30.114
2025-04-16,IS3N.DE,29.794
2025-04-17,IS3N.DE,29.848
2025-04-22,IS3N.DE,29.861
2025-04-23,IS3N.DE,30.603
2025-04-24,IS3N.DE,30.78
2025-04-25,IS3N.DE,30.607
2025-04-28,IS3N.DE,30.689
2025-04-29,IS3N.DE,30.855
2025-04-30,IS3N.DE,30.978
2025-05-02,IS3N.DE,31.925
2025-05-05,IS3N.DE,32.4
2025-05-06,IS3N.DE,32.149
2025-05-07,IS3N.DE,31.753
2025-05-08,IS3N.DE,31.99
2025-05-09,IS3N.DE,32.163
2025-05-12,IS3N.DE,33.235
2025-05-13,IS3N.DE,33.163
2025-05-14,IS3N.DE,33.399
2025-05-15,IS3N.DE,33.295
2025-05-16,IS3N.DE,33.328
2025-05-19,IS3N.DE,33.112
2025-05-20,IS3N.DE,33.049
2025-05-21,IS3N.DE,33.044
2025-05-22,IS3N.DE,32.852
2025-05-23,IS3N.DE,32.753
2025-05-26,IS3N.DE,32.79
2025-05-27,IS3N.DE,32.735
2025-05-28,IS3N.DE,32.747
2025-05-29,IS3N.DE,32.691
2025-05-30,IS3N.DE,32.385
2025-06-02,IS3N.DE,32.28
2025-06-03,IS3N.DE,32.6
2025-06-04,IS3N.DE,32.876
2025-06-05,IS3N.DE,33.1
2025-06-06,IS3N.DE,33.176
2025-06-09,IS3N.DE,33.457
2025-06-10,IS3N.DE,33.541
2025-06-11,IS3N.DE,33.741
2025-06-12,IS3N.DE,33.41
2025-06-13,IS3N.DE,33.024
2025-06-16,IS3N.DE,33.378
2025-06-17,IS3N.DE,33.175
2025-06-18,IS3N.DE,33.104
2025-06-19,IS3N.DE,32.669
2025-06-20,IS3N.DE,32.86
2025-06-23,IS3N.DE,32.831
2025-06-24,IS3N.DE,33.554
2025-06-25,IS3N.DE,33.625
2025-06-26,IS3N.DE,33.639
2025-06-27,IS3N.DE,33.594
2025-06-30,IS3N.DE,33.475
2025-07-01,IS3N.DE,33.514
2025-07-02,IS3N.DE,33.57
2025-07-03,IS3N.DE,33.895
2025-07-04,IS3N.DE,33.548
2025-07-07,IS3N.DE,33.646
2025-07-08,IS3N.DE,33.743
2025-07-09,IS3N.DE,33.675
2025-07-10,IS3N.DE,33.875
2025-07-11,IS3N.DE,33.761
2025-07-14,IS3N.DE,33.836
2025-07-15,IS3N.DE,34.267
2025-07-16,IS3N.DE,34.037
2025-07-17,IS3N.DE,34.671
2025-07-18,IS3N.DE,34.57
2025-07-21,IS3N.DE,34.612
2025-07-22,IS3N.DE,34.354
2025-07-23,IS3N.DE,34.67
2025-07-24,IS3N.DE,34.501
2025-07-25,IS3N.DE,34.379
2025-07-28,IS3N.DE,34.608
2025-07-29,IS3N.DE,34.827
2025-07-30,IS3N.DE,34.86
2025-07-31,IS3N.DE,34.808
2025-08-01,IS3N.DE,34.073
2025-08-04,IS3N.DE,34.339
2025-08-05,IS3N.DE,34.465
2025-08-06,IS3N.DE,34.324
2025-08-07,IS3N.DE,34.684
2025-08-08,IS3N.DE,34.553
2025-08-11,IS3N.DE,34.738
2025-08-12,IS3N.DE,34.817
2025-08-13,IS3N.DE,35.127
2025-08-14,IS3N.DE,34.892
2025-08-15,IS3N.DE,34.81
2025-08-18,IS3N.DE,35.089
2025-08-19,IS3N.DE,34.959
2025-08-20,IS3N.DE,34.794
2025-08-21,IS3N.DE,35.0
2025-08-22,IS3N.DE,35.267
2025-08-25,IS3N.DE,35.383
2025-08-26,IS3N.DE,35.228
2025-08-27,IS3N.DE,35.074
2025-08-28,IS3N.DE,35.046
2025-08-29,IS3N.DE,34.797
2025-09-01,IS3N.DE,34.864
2025-09-02,IS3N.DE,34.765
2025-09-03,IS3N.DE,34.993
2025-09-04,IS3N.DE,34.892
2025-09-05,IS3N.DE,35.055
2025-09-08,IS3N.DE,35.346
2025-09-09,IS3N.DE,35.642
2025-09-10,IS3N.DE,36.006
2025-09-11,IS3N.DE,36.269
2025-09-12,IS3N.DE,36.322
2025-09-15,IS3N.DE,36.443
2025-09-16,IS3N.DE,36.339
2025-09-17,IS3N.DE,36.664
2025-09-18,IS3N.DE,36.713
2025-09-19,IS3N.DE,36.753
2025-09-22,IS3N.DE,36.73
2025-09-23,IS3N.DE,36.909
2025-09-24,IS3N.DE,36.847
2025-09-25,IS3N.DE,36.789
2025-09-26,IS3N.DE,36.478
2025-09-29,IS3N.DE,36.793
2025-09-30,IS3N.DE,36.828
2025-10-01,IS3N.DE,37.196
2025-10-02,IS3N.DE,37.392
2025-10-03,IS3N.DE,37.511
2025-10-06,IS3N.DE,37.726
2025-10-07,IS3N.DE,37.677
2025-10-08,IS3N.DE,37.964
2025-10-09,IS3N.DE,37.924
2025-10-10,IS3N.DE,36.752
2025-10-13,IS3N.DE,37.582
2025-10-14,IS3N.DE,37.131
2025-10-15,IS3N.DE,37.635
2025-10-16,IS3N.DE,37.92
2025-10-17,IS3N.DE,37.527
2025-10-20,IS3N.DE,38.263
2025-10-21,IS3N.DE,38.133
2025-10-22,IS3N.DE,38.013
2025-10-23,IS3N.DE,38.239
2025-10-27,IS3N.DE,38.791
2025-10-28,IS3N.DE,38.68
2025-10-29,IS3N.DE,39.09
2025-10-30,IS3N.DE,38.937
2025-10-31,IS3N.DE,38.84
2025-11-03,IS3N.DE,39.151
2025-11-04,IS3N.DE,38.845
2025-11-05,IS3N.DE,38.902
2025-11-06,IS3N.DE,38.4
2025-11-07,IS3N.DE,37.832
2025-11-10,IS3N.DE,38.38
2025-11-11,IS3N.DE,38.772
2025-11-12,IS3N.DE,38.949
2025-11-13,IS3N.DE,38.546
2025-11-14,IS3N.DE,38.616
2025-11-17,IS3N.DE,38.356
2025-11-18,IS3N.DE,37.843
2025-11-19,IS3N.DE,37.941
2025-11-20,IS3N.DE,37.91
2025-11-21,IS3N.DE,37.293
2025-11-24,IS3N.DE,37.674
2025-11-25,IS3N.DE,37.559
2025-11-26,IS3N.DE,37.975
2025-11-27,IS3N.DE,37.881
2025-11-28,IS3N.DE,38.069
2025-12-01,IS3N.DE,37.97
2025-12-02,IS3N.DE,37.879
2025-12-03,IS3N.DE,37.751
2025-12-04,IS3N.DE,37.859
2025-12-05,IS3N.DE,38.19
2025-12-08,IS3N.DE,38.025
2025-12-09,IS3N.DE,38.001
2025-12-10,IS3N.DE,38.044
2025-12-11,IS3N.DE,37.787
2025-12-12,IS3N.DE,37.448
2025-12-15,IS3N.DE,37.524
2025-12-16,IS3N.DE,36.99
2025-12-17,IS3N.DE,36.916
2025-12-18,IS3N.DE,37.489
2025-12-19,IS3N.DE,37.808
2025-12-22,IS3N.DE,37.812
2025-12-23,IS3N.DE,37.829
2025-12-29,IS3N.DE,38.142
2025-12-30,IS3N.DE,38.348
2026-01-02,IS3N.DE,39.14
2026-01-05,IS3N.DE,39.763
2026-01-06,IS3N.DE,40.167
2026-01-07,IS3N.DE,40.038
2026-01-08,IS3N.DE,39.892
2026-01-09,IS3N.DE,40.19
2026-01-12,IS3N.DE,40.49
2026-01-13,IS3N.DE,40.564
2026-01-14,IS3N.DE,40.509
2026-01-15,IS3N.DE,41.124
2026-01-16,IS3N.DE,40.762
2026-01-19,IS3N.DE,40.82
2026-01-20,IS3N.DE,40.333
2026-01-21,IS3N.DE,40.764
2026-01-22,IS3N.DE,41.039
2026-01-23,IS3N.DE,40.921
2026-01-26,IS3N.DE,40.901
2026-01-27,IS3N.DE,41.139
2026-01-28,IS3N.DE,41.443
2026-01-29,IS3N.DE,41.18
2026-01-30,IS3N.DE,41.073
2026-02-02,IS3N.DE,41.084
2026-02-03,IS3N.DE,41.534
2026-02-04,IS3N.DE,41.176
2026-02-05,IS3N.DE,40.984
2026-02-06,IS3N.DE,41.485
2026-02-09,IS3N.DE,41.85
2026-02-10,IS3N.DE,41.821
2026-02-11,IS3N.DE,42.26
2026-02-12,IS3N.DE,42.103
2026-02-13,IS3N.DE,41.996
2026-02-16,IS3N.DE,42.2
2026-02-17,IS3N.DE,42.11
2026-02-18,IS3N.DE,42.753
2026-02-19,IS3N.DE,42.558
2026-02-20,IS3N.DE,43.194
2026-02-23,IS3N.DE,43.0
2026-02-24,IS3N.DE,43.661
2026-02-25,IS3N.DE,43.907
2026-02-26,IS3N.DE,43.568
2026-02-27,IS3N.DE,43.394
2026-03-02,IS3N.DE,42.919
2026-03-03,IS3N.DE,40.993
2026-03-04,IS3N.DE,41.585
2026-03-05,IS3N.DE,40.78
2026-03-09,IS3N.DE,40.608
2026-03-10,IS3N.DE,41.729
2026-03-11,IS3N.DE,41.427
2026-03-12,IS3N.DE,40.673
2026-03-13,IS3N.DE,40.743
2026-03-16,IS3N.DE,41.291
2026-03-17,IS3N.DE,41.64
2026-03-18,IS3N.DE,41.316
2026-03-19,IS3N.DE,40.481
2026-03-20,IS3N.DE,39.694
2026-03-23,IS3N.DE,40.084
2026-03-24,IS3N.DE,39.915
2026-03-25,IS3N.DE,40.717
2026-03-26,IS3N.DE,39.695
2026-03-27,IS3N.DE,39.318
2026-03-30,IS3N.DE,39.527
2026-03-31,IS3N.DE,39.288
2026-04-01,IS3N.DE,40.641
2026-04-02,IS3N.DE,40.093
2026-04-07,IS3N.DE,39.972
2026-04-08,IS3N.DE,42.129
2026-04-09,IS3N.DE,42.032
2026-04-10,IS3N.DE,42.303
2026-04-13,IS3N.DE,42.251
2026-04-14,IS3N.DE,43.042
2026-04-15,IS3N.DE,43.121
2026-04-16,IS3N.DE,43.477
2026-04-17,IS3N.DE,44.36
2026-04-20,IS3N.DE,43.86
2026-04-21,IS3N.DE,43.738
2026-04-22,IS3N.DE,44.254
2026-04-23,IS3N.DE,44.056
2026-04-24,IS3N.DE,44.376
2026-04-27,IS3N.DE,44.385
2026-04-28,IS3N.DE,43.819
2026-04-29,IS3N.DE,44.036
2026-04-30,IS3N.DE,44.298
2026-05-04,IS3N.DE,44.937
2026-05-05,IS3N.DE,45.842
2026-05-06,IS3N.DE,46.796
2026-05-07,IS3N.DE,46.765
2026-05-08,IS3N.DE,47.036
2026-05-11,IS3N.DE,47.212
2026-05-12,IS3N.DE,45.516
2026-05-13,IS3N.DE,46.802
2026-05-14,IS3N.DE,47.189
2026-05-15,IS3N.DE,45.897
2026-05-18,IS3N.DE,45.546
2026-05-19,IS3N.DE,45.015
2026-05-20,IS3N.DE,45.877
2026-05-21,IS3N.DE,45.961
2026-05-22,IS3N.DE,46.585
2026-05-25,IS3N.DE,47.401
2026-05-26,IS3N.DE,47.812
2026-05-27,IS3N.DE,47.796
2026-05-28,IS3N.DE,47.975
2026-05-29,IS3N.DE,48.044
2026-06-01,IS3N.DE,48.941
2026-06-02,IS3N.DE,49.48
2026-06-03,IS3N.DE,48.959
2026-06-04,IS3N.DE,48.25
2026-06-05,IS3N.DE,46.55
2026-06-08,IS3N.DE,46.451
2026-06-09,IS3N.DE,46.162
2026-06-10,IS3N.DE,45.935
2026-06-11,IS3N.DE,46.444
2026-06-12,IS3N.DE,47.892
2026-06-15,IS3N.DE,49.107
2026-06-16,IS3N.DE,48.611
2026-06-17,IS3N.DE,49.247
2026-06-18,IS3N.DE,50.154
2026-06-19,IS3N.DE,49.806
2026-06-22,IS3N.DE,50.686
2026-06-23,IS3N.DE,48.504
2026-06-24,IS3N.DE,48.55
2026-06-25,IS3N.DE,48.732
2026-06-26,IS3N.DE,48.164
2026-06-29,IS3N.DE,47.763
2026-06-30,IS3N.DE,48.798
2026-07-01,IS3N.DE,48.238
2026-07-02,IS3N.DE,47.383
2026-07-03,IS3N.DE,48.38
2026-07-06,IS3N.DE,48.493
2026-07-07,IS3N.DE,46.813
2026-07-08,IS3N.DE,46.773
2026-07-09,IS3N.DE,47.763
2026-07-10,IS3N.DE,47.817
2026-07-13,IS3N.DE,46.781
2026-07-14,IS3N.DE,46.904
2026-07-15,IS3N.DE,46.759
2026-07-16,IS3N.DE,46.23
2026-07-17,IS3N.DE,45.323
2026-07-20,IS3N.DE,45.826
2026-07-21,IS3N.DE,46.759
2026-07-22,IS3N.DE,46.645
2026-07-23,IS3N.DE,46.166
2026-07-24,IS3N.DE,45.926
2026-07-27,IS3N.DE,45.34
2026-07-28,IS3N.DE,44.952
2026-07-29,IS3N.DE,44.046
2026-07-30,IS3N.DE,44.737
2026-07-31,IS3N.DE,45.356
2026-08-03,IS3N.DE,45.475
2026-08-04,IS3N.DE,46.765
2026-08-05,IS3N.DE,46.799
2026-08-06,IS3N.DE,46.598
2026-08-07,IS3N.DE,46.554
2026-08-10,IS3N.DE,46.428
2026-08-11,IS3N.DE,46.649
2026-08-12,IS3N.DE,47.19
2026-08-13,IS3N.DE,47.498
2026-08-14,IS3N.DE,47.183
2026-08-17,IS3N.DE,47.988
2026-08-18,IS3N.DE,46.385
2026-08-19,IS3N.DE,46.534
2026-08-20,IS3N.DE,46.621
2026-08-21,IS3N.DE,47.154
2026-08-24,IS3N.DE,46.468
2026-08-25,IS3N.DE,47.145
2026-08-26,IS3N.DE,47.405
2026-08-27,IS3N.DE,47.552
2026-08-28,IS3N.DE,47.845
2026-08-31,IS3N.DE,47.363
2026-09-01,IS3N.DE,47.652
2026-09-02,IS3N.DE,47.53
2026-09-03,IS3N.DE,47.534
2026-09-04,IS3N.DE,48.21
2026-09-07,IS3N.DE,48.423
2026-09-08,IS3N.DE,48.556
2026-09-09,IS3N.DE,48.303
2026-09-10,IS3N.DE,47.515
2026-09-11,IS3N.DE,48.001
2026-09-14,IS3N.DE,47.014
2026-09-15,IS3N.DE,46.686
2026-09-16,IS3N.DE,47.189
2026-09-17,IS3N.DE,47.793
2026-09-18,IS3N.DE,47.702
2026-09-21,IS3N.DE,48.934
2026-09-22,IS3N.DE,49.154
2026-09-23,IS3N.DE,48.873
2026-09-24,IS3N.DE,48.355
2026-09-25,IS3N.DE,48.697
2021-07-16,PPFB.DE,29.938
2021-07-19,PPFB.DE,29.882
2021-07-20,PPFB.DE,29.98
2021-07-21,PPFB.DE,29.856
2021-07-22,PPFB.DE,29.956
2021-07-23,PPFB.DE,29.884
2021-07-26,PPFB.DE,29.748
2021-07-27,PPFB.DE,29.732
2021-07-28,PPFB.DE,29.764
2021-07-29,PPFB.DE,30.06
2021-07-30,PPFB.DE,29.99
2021-08-02,PPFB.DE,29.83
2021-08-03,PPFB.DE,29.796
2021-08-04,PPFB.DE,29.816
2021-08-05,PPFB.DE,29.734
2021-08-06,PPFB.DE,29.23
2021-08-09,PPFB.DE,28.722
2021-08-10,PPFB.DE,28.776
2021-08-11,PPFB.DE,29.098
2021-08-12,PPFB.DE,29.104
2021-08-13,PPFB.DE,29.396
2021-08-16,PPFB.DE,29.566
2021-08-17,PPFB.DE,29.684
2021-08-18,PPFB.DE,29.71
2021-08-19,PPFB.DE,29.756
2021-08-20,PPFB.DE,29.8
2021-08-23,PPFB.DE,30.008
2021-08-24,PPFB.DE,30.01
2021-08-25,PPFB.DE,29.676
2021-08-26,PPFB.DE,29.782
2021-08-27,PPFB.DE,29.934
2021-08-30,PPFB.DE,29.936
2021-08-31,PPFB.DE,29.904
2021-09-01,PPFB.DE,29.886
2021-09-02,PPFB.DE,29.8
2021-09-03,PPFB.DE,30.056
2021-09-06,PPFB.DE,29.98
2021-09-07,PPFB.DE,29.588
2021-09-08,PPFB.DE,29.598
2021-09-09,PPFB.DE,29.574
2021-09-10,PPFB.DE,29.596
2021-09-13,PPFB.DE,29.642
2021-09-14,PPFB.DE,29.816
2021-09-15,PPFB.DE,29.626
2021-09-16,PPFB.DE,29.1
2021-09-17,PPFB.DE,29.168
2021-09-20,PPFB.DE,29.316
2021-09-21,PPFB.DE,29.658
2021-09-22,PPFB.DE,29.564
2021-09-23,PPFB.DE,29.078
2021-09-24,PPFB.DE,29.198
2021-09-27,PPFB.DE,29.222
2021-09-28,PPFB.DE,29.054
2021-09-29,PPFB.DE,29.11
2021-09-30,PPFB.DE,29.638
2021-10-01,PPFB.DE,29.616
2021-10-04,PPFB.DE,29.642
2021-10-05,PPFB.DE,29.584
2021-10-06,PPFB.DE,29.752
2021-10-07,PPFB.DE,29.658
2021-10-08,PPFB.DE,29.688
2021-10-11,PPFB.DE,29.644
2021-10-12,PPFB.DE,29.764
2021-10-13,PPFB.DE,30.232
2021-10-14,PPFB.DE,30.266
2021-10-15,PPFB.DE,29.804
2021-10-18,PPFB.DE,29.734
2021-10-19,PPFB.DE,29.698
2021-10-20,PPFB.DE,29.896
2021-10-21,PPFB.DE,29.834
2021-10-22,PPFB.DE,30.064
2021-10-25,PPFB.DE,30.382
2021-10-26,PPFB.DE,30.104
2021-10-27,PPFB.DE,30.172
2021-10-28,PPFB.DE,30.11
2021-10-29,PPFB.DE,30.006
2021-11-01,PPFB.DE,30.17
2021-11-02,PPFB.DE,30.12
2021-11-03,PPFB.DE,29.694
2021-11-04,PPFB.DE,30.296
2021-11-05,PPFB.DE,30.594
2021-11-08,PPFB.DE,30.692
2021-11-09,PPFB.DE,30.764
2021-11-10,PPFB.DE,31.458
2021-11-11,PPFB.DE,31.668
2021-11-12,PPFB.DE,31.74
2021-11-15,PPFB.DE,31.838
2021-11-16,PPFB.DE,31.918
2021-11-17,PPFB.DE,32.152
2021-11-18,PPFB.DE,31.978
2021-11-19,PPFB.DE,32.02
2021-11-22,PPFB.DE,31.442
2021-11-23,PPFB.DE,30.892
2021-11-24,PPFB.DE,31.208
2021-11-25,PPFB.DE,31.13
2021-11-26,PPFB.DE,30.958
2021-11-29,PPFB.DE,30.898
2021-11-30,PPFB.DE,30.678
2021-12-01,PPFB.DE,30.762
2021-12-02,PPFB.DE,30.46
2021-12-03,PPFB.DE,30.666
2021-12-06,PPFB.DE,30.798
2021-12-07,PPFB.DE,30.978
2021-12-08,PPFB.DE,30.688
2021-12-09,PPFB.DE,30.718
2021-12-10,PPFB.DE,30.786
2021-12-13,PPFB.DE,30.898
2021-12-14,PPFB.DE,30.676
2021-12-15,PPFB.DE,30.606
2021-12-16,PPFB.DE,31.012
2021-12-17,PPFB.DE,31.202
2021-12-20,PPFB.DE,30.994
2021-12-21,PPFB.DE,30.912
2021-12-22,PPFB.DE,30.96
2021-12-23,PPFB.DE,31.154
2021-12-27,PPFB.DE,31.208
2021-12-28,PPFB.DE,31.2
2021-12-29,PPFB.DE,31.004
2021-12-30,PPFB.DE,31.022
2022-01-03,PPFB.DE,31.084
2022-01-04,PPFB.DE,31.32
2022-01-05,PPFB.DE,31.396
2022-01-06,PPFB.DE,30.898
2022-01-07,PPFB.DE,30.8
2022-01-10,PPFB.DE,30.91
2022-01-11,PPFB.DE,31.172
2022-01-12,PPFB.DE,31.124
2022-01-13,PPFB.DE,30.904
2022-01-14,PPFB.DE,31.072
2022-01-17,PPFB.DE,31.112
2022-01-18,PPFB.DE,31.188
2022-01-19,PPFB.DE,31.622
2022-01-20,PPFB.DE,31.652
2022-01-21,PPFB.DE,31.54
2022-01-24,PPFB.DE,31.63
2022-01-25,PPFB.DE,31.924
2022-01-26,PPFB.DE,31.688
2022-01-27,PPFB.DE,31.376
2022-01-28,PPFB.DE,31.196
2022-01-31,PPFB.DE,31.264
2022-02-01,PPFB.DE,31.5
2022-02-02,PPFB.DE,31.214
2022-02-03,PPFB.DE,30.796
2022-02-04,PPFB.DE,30.764
2022-02-07,PPFB.DE,30.986
2022-02-08,PPFB.DE,31.202
2022-02-09,PPFB.DE,31.218
2022-02-10,PPFB.DE,31.23
2022-02-11,PPFB.DE,31.38
2022-02-14,PPFB.DE,32.082
2022-02-15,PPFB.DE,31.76
2022-02-16,PPFB.DE,31.982
2022-02-17,PPFB.DE,32.508
2022-02-18,PPFB.DE,32.578
2022-02-21,PPFB.DE,32.614
2022-02-22,PPFB.DE,32.698
2022-02-23,PPFB.DE,32.884
2022-02-24,PPFB.DE,33.634
2022-02-25,PPFB.DE,32.714
2022-02-28,PPFB.DE,33.014
2022-03-01,PPFB.DE,33.862
2022-03-02,PPFB.DE,33.66
2022-03-03,PPFB.DE,34.024
2022-03-04,PPFB.DE,35.05
2022-03-07,PPFB.DE,35.52
2022-03-08,PPFB.DE,36.974
2022-03-09,PPFB.DE,35.196
2022-03-10,PPFB.DE,35.282
2022-03-11,PPFB.DE,35.364
2022-03-14,PPFB.DE,34.752
2022-03-15,PPFB.DE,34.256
2022-03-16,PPFB.DE,33.828
2022-03-17,PPFB.DE,34.092
2022-03-18,PPFB.DE,33.94
2022-03-21,PPFB.DE,34.184
2022-03-22,PPFB.DE,34.01
2022-03-23,PPFB.DE,34.264
2022-03-24,PPFB.DE,34.828
2022-03-25,PPFB.DE,34.728
2022-03-28,PPFB.DE,34.43
2022-03-29,PPFB.DE,33.578
2022-03-30,PPFB.DE,33.81
2022-03-31,PPFB.DE,34.18
2022-04-01,PPFB.DE,34.058
2022-04-04,PPFB.DE,34.274
2022-04-05,PPFB.DE,34.398
2022-04-06,PPFB.DE,34.46
2022-04-07,PPFB.DE,34.834
2022-04-08,PPFB.DE,34.878
2022-04-11,PPFB.DE,34.98
2022-04-12,PPFB.DE,35.45
2022-04-13,PPFB.DE,35.51
2022-04-14,PPFB.DE,35.486
2022-04-19,PPFB.DE,35.326
2022-04-20,PPFB.DE,35.096
2022-04-21,PPFB.DE,34.88
2022-04-22,PPFB.DE,34.904
2022-04-25,PPFB.DE,34.502
2022-04-26,PPFB.DE,34.818
2022-04-27,PPFB.DE,34.876
2022-04-28,PPFB.DE,35.018
2022-04-29,PPFB.DE,35.26
2022-05-02,PPFB.DE,34.586
2022-05-03,PPFB.DE,34.672
2022-05-04,PPFB.DE,34.496
2022-05-05,PPFB.DE,34.914
2022-05-06,PPFB.DE,34.828
2022-05-09,PPFB.DE,34.408
2022-05-10,PPFB.DE,34.136
2022-05-11,PPFB.DE,34.24
2022-05-12,PPFB.DE,34.4
2022-05-13,PPFB.DE,33.952
2022-05-16,PPFB.DE,33.96
2022-05-17,PPFB.DE,33.716
2022-05-18,PPFB.DE,33.766
2022-05-19,PPFB.DE,34.026
2022-05-20,PPFB.DE,34.07
2022-05-23,PPFB.DE,33.838
2022-05-24,PPFB.DE,33.928
2022-05-25,PPFB.DE,33.79
2022-05-26,PPFB.DE,33.562
2022-05-27,PPFB.DE,33.774
2022-05-30,PPFB.DE,33.582
2022-05-31,PPFB.DE,33.506
2022-06-01,PPFB.DE,33.772
2022-06-02,PPFB.DE,33.974
2022-06-03,PPFB.DE,33.708
2022-06-06,PPFB.DE,33.614
2022-06-07,PPFB.DE,33.758
2022-06-08,PPFB.DE,33.76
2022-06-09,PPFB.DE,33.694
2022-06-10,PPFB.DE,34.516
2022-06-13,PPFB.DE,34.134
2022-06-14,PPFB.DE,33.922
2022-06-15,PPFB.DE,34.144
2022-06-16,PPFB.DE,34.246
2022-06-17,PPFB.DE,34.328
2022-06-20,PPFB.DE,34.034
2022-06-21,PPFB.DE,33.966
2022-06-22,PPFB.DE,33.868
2022-06-23,PPFB.DE,33.99
2022-06-24,PPFB.DE,33.81
2022-06-27,PPFB.DE,33.474
2022-06-28,PPFB.DE,33.688
2022-06-29,PPFB.DE,33.816
2022-06-30,PPFB.DE,33.708
2022-07-01,PPFB.DE,33.828
2022-07-04,PPFB.DE,33.786
2022-07-05,PPFB.DE,33.596
2022-07-06,PPFB.DE,33.322
2022-07-07,PPFB.DE,33.406
2022-07-08,PPFB.DE,33.388
2022-07-11,PPFB.DE,33.602
2022-07-12,PPFB.DE,33.558
2022-07-13,PPFB.DE,33.602
2022-07-14,PPFB.DE,33.218
2022-07-15,PPFB.DE,32.93
2022-07-18,PPFB.DE,32.804
2022-07-19,PPFB.DE,32.634
2022-07-20,PPFB.DE,32.622
2022-07-21,PPFB.DE,32.73
2022-07-22,PPFB.DE,33.012
2022-07-25,PPFB.DE,32.756
2022-07-26,PPFB.DE,33.07
2022-07-27,PPFB.DE,33.09
2022-07-28,PPFB.DE,33.654
2022-07-29,PPFB.DE,33.71
2022-08-01,PPFB.DE,33.556
2022-08-02,PPFB.DE,34.022
2022-08-03,PPFB.DE,33.79
2022-08-04,PPFB.DE,34.086
2022-08-05,PPFB.DE,34.08
2022-08-08,PPFB.DE,34.14
2022-08-09,PPFB.DE,34.192
2022-08-10,PPFB.DE,33.88
2022-08-11,PPFB.DE,33.754
2022-08-12,PPFB.DE,34.138
2022-08-15,PPFB.DE,34.062
2022-08-16,PPFB.DE,34.008
2022-08-17,PPFB.DE,33.808
2022-08-18,PPFB.DE,33.898
2022-08-19,PPFB.DE,33.952
2022-08-22,PPFB.DE,34.05
2022-08-23,PPFB.DE,34.172
2022-08-24,PPFB.DE,34.26
2022-08-25,PPFB.DE,34.324
2022-08-26,PPFB.DE,33.876
2022-08-29,PPFB.DE,33.948
2022-08-30,PPFB.DE,33.554
2022-08-31,PPFB.DE,33.294
2022-09-01,PPFB.DE,33.204
2022-09-02,PPFB.DE,33.312
2022-09-05,PPFB.DE,33.606
2022-09-06,PPFB.DE,33.484
2022-09-07,PPFB.DE,33.536
2022-09-08,PPFB.DE,33.446
2022-09-09,PPFB.DE,33.346
2022-09-12,PPFB.DE,33.328
2022-09-13,PPFB.DE,33.222
2022-09-14,PPFB.DE,33.194
2022-09-15,PPFB.DE,32.524
2022-09-16,PPFB.DE,32.598
2022-09-19,PPFB.DE,32.586
2022-09-20,PPFB.DE,32.484
2022-09-21,PPFB.DE,32.882
2022-09-22,PPFB.DE,33.144
2022-09-23,PPFB.DE,33.038
2022-09-26,PPFB.DE,33.188
2022-09-27,PPFB.DE,33.1
2022-09-28,PPFB.DE,33.398
2022-09-29,PPFB.DE,33.048
2022-09-30,PPFB.DE,33.272
2022-10-03,PPFB.DE,33.472
2022-10-04,PPFB.DE,33.772
2022-10-05,PPFB.DE,33.772
2022-10-06,PPFB.DE,33.942
2022-10-07,PPFB.DE,33.906
2022-10-10,PPFB.DE,33.504
2022-10-11,PPFB.DE,33.63
2022-10-12,PPFB.DE,33.512
2022-10-13,PPFB.DE,33.262
2022-10-14,PPFB.DE,32.932
2022-10-17,PPFB.DE,32.986
2022-10-18,PPFB.DE,32.658
2022-10-19,PPFB.DE,32.494
2022-10-20,PPFB.DE,32.568
2022-10-21,PPFB.DE,32.658
2022-10-24,PPFB.DE,32.548
2022-10-25,PPFB.DE,32.37
2022-10-26,PPFB.DE,32.324
2022-10-27,PPFB.DE,32.438
2022-10-28,PPFB.DE,32.162
2022-10-31,PPFB.DE,32.28
2022-11-01,PPFB.DE,32.516
2022-11-02,PPFB.DE,32.53
2022-11-03,PPFB.DE,32.484
2022-11-04,PPFB.DE,32.898
2022-11-07,PPFB.DE,32.708
2022-11-08,PPFB.DE,33.132
2022-11-09,PPFB.DE,33.21
2022-11-10,PPFB.DE,33.526
2022-11-11,PPFB.DE,33.238
2022-11-14,PPFB.DE,33.346
2022-11-15,PPFB.DE,33.226
2022-11-16,PPFB.DE,33.252
2022-11-17,PPFB.DE,33.176
2022-11-18,PPFB.DE,33.028
2022-11-21,PPFB.DE,32.986
2022-11-22,PPFB.DE,33.008
2022-11-23,PPFB.DE,32.756
2022-11-24,PPFB.DE,32.884
2022-11-25,PPFB.DE,32.794
2022-11-28,PPFB.DE,32.73
2022-11-29,PPFB.DE,32.978
2022-11-30,PPFB.DE,33.12
2022-12-01,PPFB.DE,33.402
2022-12-02,PPFB.DE,33.254
2022-12-05,PPFB.DE,32.91
2022-12-06,PPFB.DE,32.894
2022-12-07,PPFB.DE,33.034
2022-12-08,PPFB.DE,33.004
2022-12-09,PPFB.DE,33.322
2022-12-12,PPFB.DE,32.968
2022-12-13,PPFB.DE,33.198
2022-12-14,PPFB.DE,33.102
2022-12-15,PPFB.DE,32.528
2022-12-16,PPFB.DE,32.886
2022-12-19,PPFB.DE,32.836
2022-12-20,PPFB.DE,33.286
2022-12-21,PPFB.DE,33.36
2022-12-22,PPFB.DE,33.05
2022-12-23,PPFB.DE,33.056
2022-12-27,PPFB.DE,33.29
2022-12-28,PPFB.DE,33.046
2022-12-29,PPFB.DE,33.136
2022-12-30,PPFB.DE,33.204
2023-01-02,PPFB.DE,33.368
2023-01-03,PPFB.DE,33.786
2023-01-04,PPFB.DE,34.134
2023-01-05,PPFB.DE,33.88
2023-01-06,PPFB.DE,34.172
2023-01-09,PPFB.DE,33.99
2023-01-10,PPFB.DE,34.03
2023-01-11,PPFB.DE,33.894
2023-01-12,PPFB.DE,34.094
2023-01-13,PPFB.DE,34.456
2023-01-16,PPFB.DE,34.48
2023-01-17,PPFB.DE,34.496
2023-01-18,PPFB.DE,34.368
2023-01-19,PPFB.DE,34.654
2023-01-20,PPFB.DE,34.602
2023-01-23,PPFB.DE,34.462
2023-01-24,PPFB.DE,34.638
2023-01-25,PPFB.DE,34.602
2023-01-26,PPFB.DE,34.538
2023-01-27,PPFB.DE,34.624
2023-01-30,PPFB.DE,34.476
2023-01-31,PPFB.DE,34.566
2023-02-01,PPFB.DE,34.398
2023-02-02,PPFB.DE,34.232
2023-02-03,PPFB.DE,33.546
2023-02-06,PPFB.DE,33.922
2023-02-07,PPFB.DE,34.192
2023-02-08,PPFB.DE,34.058
2023-02-09,PPFB.DE,33.936
2023-02-10,PPFB.DE,33.92
2023-02-13,PPFB.DE,33.68
2023-02-14,PPFB.DE,33.586
2023-02-15,PPFB.DE,33.44
2023-02-16,PPFB.DE,33.498
2023-02-17,PPFB.DE,33.564
2023-02-20,PPFB.DE,33.602
2023-02-21,PPFB.DE,33.528
2023-02-22,PPFB.DE,33.62
2023-02-23,PPFB.DE,33.5
2023-02-24,PPFB.DE,33.466
2023-02-27,PPFB.DE,33.37
2023-02-28,PPFB.DE,33.546
2023-03-01,PPFB.DE,33.528
2023-03-02,PPFB.DE,33.768
2023-03-03,PPFB.DE,33.896
2023-03-06,PPFB.DE,33.766
2023-03-07,PPFB.DE,33.488
2023-03-08,PPFB.DE,33.574
2023-03-09,PPFB.DE,33.69
2023-03-10,PPFB.DE,33.882
2023-03-13,PPFB.DE,34.588
2023-03-14,PPFB.DE,34.636
2023-03-15,PPFB.DE,35.724
2023-03-16,PPFB.DE,35.204
2023-03-17,PPFB.DE,35.764
2023-03-20,PPFB.DE,35.902
2023-03-21,PPFB.DE,35.122
2023-03-22,PPFB.DE,35.176
2023-03-23,PPFB.DE,35.68
2023-03-24,PPFB.DE,35.974
2023-03-27,PPFB.DE,35.31
2023-03-28,PPFB.DE,35.34
2023-03-29,PPFB.DE,35.348
2023-03-30,PPFB.DE,35.25
2023-03-31,PPFB.DE,35.462
2023-04-03,PPFB.DE,35.572
2023-04-04,PPFB.DE,35.93
2023-04-05,PPFB.DE,36.01
2023-04-06,PPFB.DE,35.842
2023-04-11,PPFB.DE,35.744
2023-04-12,PPFB.DE,35.616
2023-04-13,PPFB.DE,35.944
2023-04-14,PPFB.DE,35.418
2023-04-17,PPFB.DE,35.512
2023-04-18,PPFB.DE,35.7
2023-04-19,PPFB.DE,35.414
2023-04-20,PPFB.DE,35.576
2023-04-21,PPFB.DE,35.076
2023-04-24,PPFB.DE,35.036
2023-04-25,PPFB.DE,35.268
2023-04-26,PPFB.DE,35.18
2023-04-27,PPFB.DE,35.064
2023-04-28,PPFB.DE,35.116
2023-05-02,PPFB.DE,35.682
2023-05-03,PPFB.DE,35.672
2023-05-04,PPFB.DE,36.288
2023-05-05,PPFB.DE,35.594
2023-05-08,PPFB.DE,35.808
2023-05-09,PPFB.DE,36.004
2023-05-10,PPFB.DE,35.926
2023-05-11,PPFB.DE,35.99
2023-05-12,PPFB.DE,36.058
2023-05-15,PPFB.DE,36.132
2023-05-16,PPFB.DE,35.828
2023-05-17,PPFB.DE,35.608
2023-05-18,PPFB.DE,35.338
2023-05-19,PPFB.DE,35.674
2023-05-22,PPFB.DE,35.568
2023-05-23,PPFB.DE,35.524
2023-05-24,PPFB.DE,35.64
2023-05-25,PPFB.DE,35.324
2023-05-26,PPFB.DE,35.326
2023-05-29,PPFB.DE,35.378
2023-05-30,PPFB.DE,35.616
2023-05-31,PPFB.DE,36.028
2023-06-01,PPFB.DE,35.906
2023-06-02,PPFB.DE,35.632
2023-06-05,PPFB.DE,35.57
2023-06-06,PPFB.DE,35.726
2023-06-07,PPFB.DE,35.528
2023-06-08,PPFB.DE,35.532
2023-06-09,PPFB.DE,35.532
2023-06-12,PPFB.DE,35.464
2023-06-13,PPFB.DE,35.106
2023-06-14,PPFB.DE,35.13
2023-06-15,PPFB.DE,34.848
2023-06-16,PPFB.DE,34.92
2023-06-19,PPFB.DE,34.8
2023-06-20,PPFB.DE,34.55
2023-06-21,PPFB.DE,34.324
2023-06-22,PPFB.DE,34.012
2023-06-23,PPFB.DE,34.392
2023-06-26,PPFB.DE,34.376
2023-06-27,PPFB.DE,34.014
2023-06-28,PPFB.DE,34.104
2023-06-29,PPFB.DE,34.18
2023-06-30,PPFB.DE,34.208
2023-07-03,PPFB.DE,34.402
2023-07-04,PPFB.DE,34.436
2023-07-05,PPFB.DE,34.454
2023-07-06,PPFB.DE,34.206
2023-07-07,PPFB.DE,34.324
2023-07-10,PPFB.DE,34.086
2023-07-11,PPFB.DE,34.23
2023-07-12,PPFB.DE,34.22
2023-07-13,PPFB.DE,34.1
2023-07-14,PPFB.DE,33.926
2023-07-17,PPFB.DE,33.844
2023-07-18,PPFB.DE,34.354
2023-07-19,PPFB.DE,34.336
2023-07-20,PPFB.DE,34.426
2023-07-21,PPFB.DE,34.348
2023-07-24,PPFB.DE,34.444
2023-07-25,PPFB.DE,34.592
2023-07-26,PPFB.DE,34.686
2023-07-27,PPFB.DE,34.442
2023-07-28,PPFB.DE,34.642
2023-07-31,PPFB.DE,34.786
2023-08-01,PPFB.DE,34.546
2023-08-02,PPFB.DE,34.428
2023-08-03,PPFB.DE,34.45
2023-08-04,PPFB.DE,34.258
2023-08-07,PPFB.DE,34.2
2023-08-08,PPFB.DE,34.256
2023-08-09,PPFB.DE,33.966
2023-08-10,PPFB.DE,33.896
2023-08-11,PPFB.DE,34.028
2023-08-14,PPFB.DE,34.056
2023-08-15,PPFB.DE,33.984
2023-08-16,PPFB.DE,33.966
2023-08-17,PPFB.DE,33.89
2023-08-18,PPFB.DE,33.872
2023-08-21,PPFB.DE,33.784
2023-08-22,PPFB.DE,34.048
2023-08-23,PPFB.DE,34.38
2023-08-24,PPFB.DE,34.52
2023-08-25,PPFB.DE,34.438
2023-08-28,PPFB.DE,34.638
2023-08-29,PPFB.DE,34.736
2023-08-30,PPFB.DE,34.632
2023-08-31,PPFB.DE,34.832
2023-09-01,PPFB.DE,34.942
2023-09-04,PPFB.DE,34.968
2023-09-05,PPFB.DE,35.002
2023-09-06,PPFB.DE,34.822
2023-09-07,PPFB.DE,34.9
2023-09-08,PPFB.DE,34.9
2023-09-11,PPFB.DE,34.844
2023-09-12,PPFB.DE,34.7
2023-09-13,PPFB.DE,34.648
2023-09-14,PPFB.DE,34.836
2023-09-15,PPFB.DE,35.122
2023-09-18,PPFB.DE,35.1
2023-09-19,PPFB.DE,35.214
2023-09-20,PPFB.DE,35.3
2023-09-21,PPFB.DE,35.046
2023-09-22,PPFB.DE,35.19
2023-09-25,PPFB.DE,35.29
2023-09-26,PPFB.DE,35.036
2023-09-27,PPFB.DE,34.822
2023-09-28,PPFB.DE,34.276
2023-09-29,PPFB.DE,34.124
2023-10-02,PPFB.DE,33.964
2023-10-03,PPFB.DE,33.92
2023-10-04,PPFB.DE,33.758
2023-10-05,PPFB.DE,33.578
2023-10-06,PPFB.DE,33.722
2023-10-09,PPFB.DE,34.196
2023-10-10,PPFB.DE,34.13
2023-10-11,PPFB.DE,34.31
2023-10-12,PPFB.DE,34.546
2023-10-13,PPFB.DE,35.62
2023-10-16,PPFB.DE,35.462
2023-10-17,PPFB.DE,35.384
2023-10-18,PPFB.DE,35.932
2023-10-19,PPFB.DE,36.052
2023-10-20,PPFB.DE,36.66
2023-10-23,PPFB.DE,36.164
2023-10-24,PPFB.DE,36.112
2023-10-25,PPFB.DE,36.38
2023-10-26,PPFB.DE,36.558
2023-10-27,PPFB.DE,36.402
2023-10-30,PPFB.DE,36.674
2023-10-31,PPFB.DE,36.702
2023-11-01,PPFB.DE,36.518
2023-11-02,PPFB.DE,36.354
2023-11-03,PPFB.DE,36.114
2023-11-06,PPFB.DE,35.912
2023-11-07,PPFB.DE,35.796
2023-11-08,PPFB.DE,35.566
2023-11-09,PPFB.DE,35.67
2023-11-10,PPFB.DE,35.354
2023-11-13,PPFB.DE,35.398
2023-11-14,PPFB.DE,35.23
2023-11-15,PPFB.DE,35.144
2023-11-16,PPFB.DE,35.586
2023-11-17,PPFB.DE,35.45
2023-11-20,PPFB.DE,35.098
2023-11-21,PPFB.DE,35.624
2023-11-22,PPFB.DE,35.68
2023-11-23,PPFB.DE,35.534
2023-11-24,PPFB.DE,35.592
2023-11-27,PPFB.DE,35.756
2023-11-28,PPFB.DE,36.034
2023-11-29,PPFB.DE,36.222
2023-11-30,PPFB.DE,36.37
2023-12-01,PPFB.DE,36.802
2023-12-04,PPFB.DE,36.802
2023-12-05,PPFB.DE,36.802
2023-12-06,PPFB.DE,36.802
2023-12-07,PPFB.DE,36.562
2023-12-08,PPFB.DE,36.306
2023-12-11,PPFB.DE,35.88
2023-12-12,PPFB.DE,35.722
2023-12-13,PPFB.DE,35.738
2023-12-14,PPFB.DE,36.08
2023-12-15,PPFB.DE,36.282
2023-12-18,PPFB.DE,36.044
2023-12-19,PPFB.DE,36.274
2023-12-20,PPFB.DE,36.1
2023-12-21,PPFB.DE,36.178
2023-12-22,PPFB.DE,36.356
2023-12-27,PPFB.DE,36.434
2023-12-28,PPFB.DE,36.458
2023-12-29,PPFB.DE,36.332
2024-01-02,PPFB.DE,36.686
2024-01-03,PPFB.DE,36.278
2024-01-04,PPFB.DE,36.314
2024-01-05,PPFB.DE,36.386
2024-01-08,PPFB.DE,36.038
2024-01-09,PPFB.DE,36.14
2024-01-10,PPFB.DE,35.97
2024-01-11,PPFB.DE,35.858
2024-01-12,PPFB.DE,36.4
2024-01-15,PPFB.DE,36.5
2024-01-16,PPFB.DE,36.376
2024-01-17,PPFB.DE,36.046
2024-01-18,PPFB.DE,36.094
2024-01-19,PPFB.DE,36.208
2024-01-22,PPFB.DE,36.15
2024-01-23,PPFB.DE,36.34
2024-01-24,PPFB.DE,35.928
2024-01-25,PPFB.DE,36.2
2024-01-26,PPFB.DE,36.144
2024-01-29,PPFB.DE,36.492
2024-01-30,PPFB.DE,36.49
2024-01-31,PPFB.DE,36.774
2024-02-01,PPFB.DE,36.942
2024-02-02,PPFB.DE,36.686
2024-02-05,PPFB.DE,36.664
2024-02-06,PPFB.DE,36.866
2024-02-07,PPFB.DE,36.85
2024-02-08,PPFB.DE,36.658
2024-02-09,PPFB.DE,36.47
2024-02-12,PPFB.DE,36.4
2024-02-13,PPFB.DE,36.22
2024-02-14,PPFB.DE,36.144
2024-02-15,PPFB.DE,36.186
2024-02-16,PPFB.DE,36.286
2024-02-19,PPFB.DE,36.432
2024-02-20,PPFB.DE,36.476
2024-02-21,PPFB.DE,36.416
2024-02-22,PPFB.DE,36.37
2024-02-23,PPFB.DE,36.602
2024-02-26,PPFB.DE,36.358
2024-02-27,PPFB.DE,36.458
2024-02-28,PPFB.DE,36.496
2024-02-29,PPFB.DE,36.792
2024-03-01,PPFB.DE,37.292
2024-03-04,PPFB.DE,37.914
2024-03-05,PPFB.DE,38.112
2024-03-06,PPFB.DE,38.242
2024-03-07,PPFB.DE,38.35
2024-03-08,PPFB.DE,38.69
2024-03-11,PPFB.DE,38.846
2024-03-12,PPFB.DE,38.55
2024-03-13,PPFB.DE,38.61
2024-03-14,PPFB.DE,38.572
2024-03-15,PPFB.DE,38.648
2024-03-18,PPFB.DE,38.614
2024-03-19,PPFB.DE,38.592
2024-03-20,PPFB.DE,38.654
2024-03-21,PPFB.DE,38.99
2024-03-22,PPFB.DE,38.968
2024-03-25,PPFB.DE,39.062
2024-03-26,PPFB.DE,39.134
2024-03-27,PPFB.DE,39.416
2024-03-28,PPFB.DE,39.994
2024-04-02,PPFB.DE,40.688
2024-04-03,PPFB.DE,41.104
2024-04-04,PPFB.DE,41.028
2024-04-05,PPFB.DE,41.722
2024-04-08,PPFB.DE,41.774
2024-04-09,PPFB.DE,42.068
2024-04-10,PPFB.DE,42.36
2024-04-11,PPFB.DE,42.524
2024-04-12,PPFB.DE,43.838
2024-04-15,PPFB.DE,42.916
2024-04-16,PPFB.DE,43.656
2024-04-17,PPFB.DE,43.616
2024-04-18,PPFB.DE,43.486
2024-04-19,PPFB.DE,43.628
2024-04-22,PPFB.DE,42.724
2024-04-23,PPFB.DE,42.192
2024-04-24,PPFB.DE,42.392
2024-04-25,PPFB.DE,42.312
2024-04-26,PPFB.DE,42.474
2024-04-29,PPFB.DE,42.438
2024-04-30,PPFB.DE,41.798
2024-05-02,PPFB.DE,41.822
2024-05-03,PPFB.DE,41.418
2024-05-06,PPFB.DE,41.928
2024-05-07,PPFB.DE,41.786
2024-05-08,PPFB.DE,41.946
2024-05-09,PPFB.DE,42.098
2024-05-10,PPFB.DE,42.71
2024-05-13,PPFB.DE,42.054
2024-05-14,PPFB.DE,42.322
2024-05-15,PPFB.DE,42.608
2024-05-16,PPFB.DE,42.586
2024-05-17,PPFB.DE,43.106
2024-05-20,PPFB.DE,43.404
2024-05-21,PPFB.DE,43.504
2024-05-22,PPFB.DE,42.846
2024-05-23,PPFB.DE,42.088
2024-05-24,PPFB.DE,41.804
2024-05-27,PPFB.DE,42.222
2024-05-28,PPFB.DE,42.182
2024-05-29,PPFB.DE,42.058
2024-05-30,PPFB.DE,42.046
2024-05-31,PPFB.DE,41.774
2024-06-03,PPFB.DE,41.844
2024-06-04,PPFB.DE,41.58
2024-06-05,PPFB.DE,42.134
2024-06-06,PPFB.DE,42.444
2024-06-07,PPFB.DE,41.54
2024-06-10,PPFB.DE,41.72
2024-06-11,PPFB.DE,41.914
2024-06-12,PPFB.DE,41.81
2024-06-13,PPFB.DE,41.692
2024-06-14,PPFB.DE,42.316
2024-06-17,PPFB.DE,41.962
2024-06-18,PPFB.DE,42.126
2024-06-19,PPFB.DE,42.12
2024-06-20,PPFB.DE,42.73
2024-06-21,PPFB.DE,42.36
2024-06-24,PPFB.DE,42.228
2024-06-25,PPFB.DE,42.13
2024-06-26,PPFB.DE,41.864
2024-06-27,PPFB.DE,42.254
2024-06-28,PPFB.DE,42.284
2024-07-01,PPFB.DE,42.212
2024-07-02,PPFB.DE,42.158
2024-07-03,PPFB.DE,42.528
2024-07-04,PPFB.DE,42.414
2024-07-05,PPFB.DE,42.856
2024-07-08,PPFB.DE,42.484
2024-07-09,PPFB.DE,42.334
2024-07-10,PPFB.DE,42.746
2024-07-11,PPFB.DE,43.33
2024-07-12,PPFB.DE,42.986
2024-07-15,PPFB.DE,43.404
2024-07-16,PPFB.DE,43.978
2024-07-17,PPFB.DE,43.822
2024-07-18,PPFB.DE,43.936
2024-07-19,PPFB.DE,42.952
2024-07-22,PPFB.DE,42.672
2024-07-23,PPFB.DE,43.066
2024-07-24,PPFB.DE,43.494
2024-07-25,PPFB.DE,42.346
2024-07-26,PPFB.DE,42.71
2024-07-29,PPFB.DE,42.662
2024-07-30,PPFB.DE,42.962
2024-07-31,PPFB.DE,43.522
2024-08-01,PPFB.DE,44.152
2024-08-02,PPFB.DE,43.188
2024-08-05,PPFB.DE,42.62
2024-08-06,PPFB.DE,42.462
2024-08-07,PPFB.DE,42.63
2024-08-08,PPFB.DE,43.13
2024-08-09,PPFB.DE,43.23
2024-08-12,PPFB.DE,43.706
2024-08-13,PPFB.DE,43.794
2024-08-14,PPFB.DE,43.158
2024-08-15,PPFB.DE,43.476
2024-08-16,PPFB.DE,43.964
2024-08-19,PPFB.DE,43.958
2024-08-20,PPFB.DE,44.0
2024-08-21,PPFB.DE,43.786
2024-08-22,PPFB.DE,43.364
2024-08-23,PPFB.DE,43.712
2024-08-26,PPFB.DE,43.748
2024-08-27,PPFB.DE,43.818
2024-08-28,PPFB.DE,43.822
2024-08-29,PPFB.DE,44.224
2024-08-30,PPFB.DE,44.072
2024-09-02,PPFB.DE,43.94
2024-09-03,PPFB.DE,43.728
2024-09-04,PPFB.DE,43.756
2024-09-05,PPFB.DE,44.006
2024-09-06,PPFB.DE,44.06
2024-09-09,PPFB.DE,43.972
2024-09-10,PPFB.DE,44.414
2024-09-11,PPFB.DE,44.386
2024-09-12,PPFB.DE,44.976
2024-09-13,PPFB.DE,45.252
2024-09-16,PPFB.DE,45.116
2024-09-17,PPFB.DE,44.892
2024-09-18,PPFB.DE,44.984
2024-09-19,PPFB.DE,45.07
2024-09-20,PPFB.DE,45.638
2024-09-23,PPFB.DE,45.926
2024-09-24,PPFB.DE,46.086
2024-09-25,PPFB.DE,46.32
2024-09-26,PPFB.DE,46.482
2024-09-27,PPFB.DE,46.174
2024-09-30,PPFB.DE,45.918
2024-10-01,PPFB.DE,46.804
2024-10-02,PPFB.DE,46.654
2024-10-03,PPFB.DE,46.826
2024-10-04,PPFB.DE,47.11
2024-10-07,PPFB.DE,46.932
2024-10-08,PPFB.DE,46.298
2024-10-09,PPFB.DE,46.378
2024-10-10,PPFB.DE,46.636
2024-10-11,PPFB.DE,47.188
2024-10-14,PPFB.DE,47.16
2024-10-15,PPFB.DE,47.486
2024-10-16,PPFB.DE,47.802
2024-10-17,PPFB.DE,48.334
2024-10-18,PPFB.DE,48.624
2024-10-21,PPFB.DE,48.894
2024-10-22,PPFB.DE,49.304
2024-10-23,PPFB.DE,48.968
2024-10-24,PPFB.DE,49.182
2024-10-25,PPFB.DE,49.226
2024-10-28,PPFB.DE,49.31
2024-10-29,PPFB.DE,49.796
2024-10-30,PPFB.DE,49.87
2024-10-31,PPFB.DE,49.04
2024-11-01,PPFB.DE,49.176
2024-11-04,PPFB.DE,48.858
2024-11-05,PPFB.DE,48.734
2024-11-06,PPFB.DE,48.358
2024-11-07,PPFB.DE,48.546
2024-11-08,PPFB.DE,48.678
2024-11-11,PPFB.DE,47.75
2024-11-12,PPFB.DE,47.668
2024-11-13,PPFB.DE,47.638
2024-11-14,PPFB.DE,47.338
2024-11-15,PPFB.DE,47.266
2024-11-18,PPFB.DE,48.016
2024-11-19,PPFB.DE,48.236
2024-11-20,PPFB.DE,49.0
2024-11-21,PPFB.DE,49.428
2024-11-22,PPFB.DE,50.53
2024-11-25,PPFB.DE,48.93
2024-11-26,PPFB.DE,48.78
2024-11-27,PPFB.DE,48.57
2024-11-28,PPFB.DE,48.664
2024-11-29,PPFB.DE,49.04
2024-12-02,PPFB.DE,48.952
2024-12-03,PPFB.DE,48.9
2024-12-04,PPFB.DE,48.962
2024-12-05,PPFB.DE,48.514
2024-12-06,PPFB.DE,48.548
2024-12-09,PPFB.DE,48.996
2024-12-10,PPFB.DE,49.734
2024-12-11,PPFB.DE,50.255
2024-12-12,PPFB.DE,49.628
2024-12-13,PPFB.DE,49.264
2024-12-16,PPFB.DE,49.064
2024-12-17,PPFB.DE,48.836
2024-12-18,PPFB.DE,48.952
2024-12-19,PPFB.DE,48.556
2024-12-20,PPFB.DE,48.946
2024-12-23,PPFB.DE,48.83
2024-12-27,PPFB.DE,48.82
2024-12-30,PPFB.DE,48.746
2025-01-02,PPFB.DE,50.365
2025-01-03,PPFB.DE,49.858
2025-01-06,PPFB.DE,49.312
2025-01-07,PPFB.DE,49.7
2025-01-08,PPFB.DE,50.27
2025-01-09,PPFB.DE,50.385
2025-01-10,PPFB.DE,51.14
2025-01-13,PPFB.DE,50.77
2025-01-14,PPFB.DE,50.49
2025-01-15,PPFB.DE,50.77
2025-01-16,PPFB.DE,51.31
2025-01-17,PPFB.DE,51.255
2025-01-20,PPFB.DE,50.57
2025-01-21,PPFB.DE,51.165
2025-01-22,PPFB.DE,51.48
2025-01-23,PPFB.DE,51.38
2025-01-24,PPFB.DE,51.34
2025-01-27,PPFB.DE,50.735
2025-01-28,PPFB.DE,51.385
2025-01-29,PPFB.DE,51.335
2025-01-30,PPFB.DE,52.08
2025-01-31,PPFB.DE,52.465
2025-02-03,PPFB.DE,53.235
2025-02-04,PPFB.DE,53.22
2025-02-05,PPFB.DE,53.555
2025-02-06,PPFB.DE,53.42
2025-02-07,PPFB.DE,53.88
2025-02-10,PPFB.DE,54.755
2025-02-11,PPFB.DE,54.565
2025-02-12,PPFB.DE,54.305
2025-02-13,PPFB.DE,54.32
2025-02-14,PPFB.DE,53.53
2025-02-17,PPFB.DE,53.74
2025-02-18,PPFB.DE,54.43
2025-02-19,PPFB.DE,54.61
2025-02-20,PPFB.DE,54.645
2025-02-21,PPFB.DE,54.615
2025-02-24,PPFB.DE,54.6
2025-02-25,PPFB.DE,53.63
2025-02-26,PPFB.DE,53.845
2025-02-27,PPFB.DE,53.64
2025-02-28,PPFB.DE,53.215
2025-03-03,PPFB.DE,53.51
2025-03-04,PPFB.DE,53.7
2025-03-05,PPFB.DE,52.86
2025-03-06,PPFB.DE,52.315
2025-03-07,PPFB.DE,52.22
2025-03-10,PPFB.DE,52.035
2025-03-11,PPFB.DE,51.875
2025-03-12,PPFB.DE,52.31
2025-03-13,PPFB.DE,53.32
2025-03-14,PPFB.DE,53.35
2025-03-17,PPFB.DE,53.295
2025-03-18,PPFB.DE,53.915
2025-03-19,PPFB.DE,54.21
2025-03-20,PPFB.DE,54.39
2025-03-21,PPFB.DE,54.13
2025-03-24,PPFB.DE,54.185
2025-03-25,PPFB.DE,54.37
2025-03-26,PPFB.DE,54.37
2025-03-27,PPFB.DE,54.96
2025-03-28,PPFB.DE,55.345
2025-03-31,PPFB.DE,56.065
2025-04-01,PPFB.DE,56.23
2025-04-02,PPFB.DE,55.99
2025-04-03,PPFB.DE,54.62
2025-04-04,PPFB.DE,53.435
2025-04-07,PPFB.DE,53.155
2025-04-08,PPFB.DE,53.55
2025-04-09,PPFB.DE,54.22
2025-04-10,PPFB.DE,54.995
2025-04-11,PPFB.DE,55.43
2025-04-14,PPFB.DE,54.8
2025-04-15,PPFB.DE,55.415
2025-04-16,PPFB.DE,56.71
2025-04-17,PPFB.DE,56.29
2025-04-22,PPFB.DE,57.87
2025-04-23,PPFB.DE,55.97
2025-04-24,PPFB.DE,56.89
2025-04-25,PPFB.DE,55.99
2025-04-28,PPFB.DE,56.745
2025-04-29,PPFB.DE,56.435
2025-04-30,PPFB.DE,56.675
2025-05-02,PPFB.DE,55.55
2025-05-05,PPFB.DE,56.9
2025-05-06,PPFB.DE,58.2
2025-05-07,PPFB.DE,58.015
2025-05-08,PPFB.DE,57.635
2025-05-09,PPFB.DE,57.65
2025-05-12,PPFB.DE,56.62
2025-05-13,PPFB.DE,56.515
2025-05-14,PPFB.DE,55.2
2025-05-15,PPFB.DE,55.86
2025-05-16,PPFB.DE,55.455
2025-05-19,PPFB.DE,55.805
2025-05-20,PPFB.DE,56.585
2025-05-21,PPFB.DE,56.755
2025-05-22,PPFB.DE,56.675
2025-05-23,PPFB.DE,57.535
2025-05-26,PPFB.DE,56.99
2025-05-27,PPFB.DE,56.475
2025-05-28,PPFB.DE,56.72
2025-05-29,PPFB.DE,56.66
2025-05-30,PPFB.DE,56.32
2025-06-02,PPFB.DE,57.305
2025-06-03,PPFB.DE,57.215
2025-06-04,PPFB.DE,57.355
2025-06-05,PPFB.DE,56.935
2025-06-06,PPFB.DE,56.825
2025-06-09,PPFB.DE,56.64
2025-06-10,PPFB.DE,56.625
2025-06-11,PPFB.DE,56.48
2025-06-12,PPFB.DE,56.85
2025-06-13,PPFB.DE,57.47
2025-06-16,PPFB.DE,57.095
2025-06-17,PPFB.DE,56.99
2025-06-18,PPFB.DE,57.135
2025-06-19,PPFB.DE,57.05
2025-06-20,PPFB.DE,56.775
2025-06-23,PPFB.DE,56.995
2025-06-24,PPFB.DE,55.39
2025-06-25,PPFB.DE,55.555
2025-06-26,PPFB.DE,55.13
2025-06-27,PPFB.DE,54.27
2025-06-30,PPFB.DE,54.41
2025-07-01,PPFB.DE,55.095
2025-07-02,PPFB.DE,55.105
2025-07-03,PPFB.DE,54.96
2025-07-04,PPFB.DE,54.945
2025-07-07,PPFB.DE,54.98
2025-07-08,PPFB.DE,54.675
2025-07-09,PPFB.DE,54.885
2025-07-10,PPFB.DE,55.23
2025-07-11,PPFB.DE,55.84
2025-07-14,PPFB.DE,55.64
2025-07-15,PPFB.DE,55.715
2025-07-16,PPFB.DE,55.96
2025-07-17,PPFB.DE,55.89
2025-07-18,PPFB.DE,55.89
2025-07-21,PPFB.DE,56.365
2025-07-22,PPFB.DE,56.675
2025-07-23,PPFB.DE,56.52
2025-07-24,PPFB.DE,55.67
2025-07-25,PPFB.DE,55.15
2025-07-28,PPFB.DE,55.425
2025-07-29,PPFB.DE,55.975
2025-07-30,PPFB.DE,55.705
2025-07-31,PPFB.DE,55.98
2025-08-01,PPFB.DE,56.3
2025-08-04,PPFB.DE,56.665
2025-08-05,PPFB.DE,56.76
2025-08-06,PPFB.DE,56.315
2025-08-07,PPFB.DE,56.565
2025-08-08,PPFB.DE,56.515
2025-08-11,PPFB.DE,56.08
2025-08-12,PPFB.DE,55.735
2025-08-13,PPFB.DE,55.625
2025-08-14,PPFB.DE,55.725
2025-08-15,PPFB.DE,55.435
2025-08-18,PPFB.DE,55.49
2025-08-19,PPFB.DE,55.37
2025-08-20,PPFB.DE,55.655
2025-08-21,PPFB.DE,55.895
2025-08-22,PPFB.DE,55.95
2025-08-25,PPFB.DE,56.095
2025-08-26,PPFB.DE,56.38
2025-08-27,PPFB.DE,56.67
2025-08-28,PPFB.DE,56.72
2025-08-29,PPFB.DE,57.195
2025-09-01,PPFB.DE,57.715
2025-09-02,PPFB.DE,58.535
2025-09-03,PPFB.DE,59.295
2025-09-04,PPFB.DE,59.15
2025-09-05,PPFB.DE,59.345
2025-09-08,PPFB.DE,60.12
2025-09-09,PPFB.DE,60.265
2025-09-10,PPFB.DE,60.405
2025-09-11,PPFB.DE,60.135
2025-09-12,PPFB.DE,60.42
2025-09-15,PPFB.DE,60.505
2025-09-16,PPFB.DE,60.37
2025-09-17,PPFB.DE,60.42
2025-09-18,PPFB.DE,59.98
2025-09-19,PPFB.DE,60.72
2025-09-22,PPFB.DE,61.57
2025-09-23,PPFB.DE,62.265
2025-09-24,PPFB.DE,61.98
2025-09-25,PPFB.DE,62.125
2025-09-26,PPFB.DE,62.725
2025-09-29,PPFB.DE,63.37
2025-09-30,PPFB.DE,63.505
2025-10-01,PPFB.DE,63.98
2025-10-02,PPFB.DE,63.6
2025-10-03,PPFB.DE,64.29
2025-10-06,PPFB.DE,65.535
2025-10-07,PPFB.DE,66.28
2025-10-08,PPFB.DE,67.64
2025-10-09,PPFB.DE,67.39
2025-10-10,PPFB.DE,67.1
2025-10-13,PPFB.DE,68.745
2025-10-14,PPFB.DE,69.365
2025-10-15,PPFB.DE,69.87
2025-10-16,PPFB.DE,71.045
2025-10-17,PPFB.DE,70.83
2025-10-20,PPFB.DE,72.39
2025-10-21,PPFB.DE,69.02
2025-10-22,PPFB.DE,67.445
2025-10-23,PPFB.DE,69.285
2025-10-27,PPFB.DE,66.56
2025-10-28,PPFB.DE,65.86
2025-10-29,PPFB.DE,66.565
2025-10-30,PPFB.DE,67.11
2025-10-31,PPFB.DE,67.095
2025-11-03,PPFB.DE,67.395
2025-11-04,PPFB.DE,67.12
2025-11-05,PPFB.DE,67.315
2025-11-06,PPFB.DE,66.915
2025-11-07,PPFB.DE,67.43
2025-11-10,PPFB.DE,68.745
2025-11-11,PPFB.DE,68.835
2025-11-12,PPFB.DE,70.215
2025-11-13,PPFB.DE,70.115
2025-11-14,PPFB.DE,68.46
2025-11-17,PPFB.DE,68.15
2025-11-18,PPFB.DE,68.055
2025-11-19,PPFB.DE,68.565
2025-11-20,PPFB.DE,68.385
2025-11-21,PPFB.DE,68.74
2025-11-24,PPFB.DE,69.025
2025-11-25,PPFB.DE,69.485
2025-11-26,PPFB.DE,69.66
2025-11-27,PPFB.DE,69.555
2025-11-28,PPFB.DE,70.46
2025-12-01,PPFB.DE,70.73
2025-12-02,PPFB.DE,70.0
2025-12-03,PPFB.DE,70.29
2025-12-04,PPFB.DE,70.19
2025-12-05,PPFB.DE,70.33
2025-12-08,PPFB.DE,70.045
2025-12-09,PPFB.DE,70.305
2025-12-10,PPFB.DE,70.0
2025-12-11,PPFB.DE,70.35
2025-12-12,PPFB.DE,70.805
2025-12-15,PPFB.DE,70.88
2025-12-16,PPFB.DE,70.945
2025-12-17,PPFB.DE,71.44
2025-12-18,PPFB.DE,72.325
2025-12-19,PPFB.DE,72.01
2025-12-22,PPFB.DE,73.25
2025-12-23,PPFB.DE,73.56
2025-12-29,PPFB.DE,71.63
2025-12-30,PPFB.DE,72.685
2026-01-02,PPFB.DE,71.36
2026-01-05,PPFB.DE,73.63
2026-01-06,PPFB.DE,74.5
2026-01-07,PPFB.DE,74.125
2026-01-08,PPFB.DE,74.275
2026-01-09,PPFB.DE,75.15
2026-01-12,PPFB.DE,76.8
2026-01-13,PPFB.DE,76.745
2026-01-14,PPFB.DE,76.925
2026-01-15,PPFB.DE,77.12
2026-01-16,PPFB.DE,76.885
2026-01-19,PPFB.DE,77.875
2026-01-20,PPFB.DE,78.49
2026-01-21,PPFB.DE,80.335
2026-01-22,PPFB.DE,80.615
2026-01-23,PPFB.DE,82.22
2026-01-26,PPFB.DE,82.93
2026-01-27,PPFB.DE,82.49
2026-01-28,PPFB.DE,85.975
2026-01-29,PPFB.DE,85.575
2026-01-30,PPFB.DE,81.155
2026-02-02,PPFB.DE,76.72
2026-02-03,PPFB.DE,81.915
2026-02-04,PPFB.DE,80.97
2026-02-05,PPFB.DE,79.795
2026-02-06,PPFB.DE,81.07
2026-02-09,PPFB.DE,82.755
2026-02-10,PPFB.DE,81.82
2026-02-11,PPFB.DE,82.935
2026-02-12,PPFB.DE,80.77
2026-02-13,PPFB.DE,82.005
2026-02-16,PPFB.DE,81.695
2026-02-17,PPFB.DE,80.05
2026-02-18,PPFB.DE,82.19
2026-02-19,PPFB.DE,82.49
2026-02-20,PPFB.DE,83.52
2026-02-23,PPFB.DE,85.73
2026-02-24,PPFB.DE,84.65
2026-02-25,PPFB.DE,85.61
2026-02-26,PPFB.DE,85.29
2026-02-27,PPFB.DE,85.87
2026-03-02,PPFB.DE,87.855
2026-03-03,PPFB.DE,85.76
2026-03-04,PPFB.DE,85.98
2026-03-05,PPFB.DE,84.905
2026-03-09,PPFB.DE,85.425
2026-03-10,PPFB.DE,87.17
2026-03-11,PPFB.DE,86.695
2026-03-12,PPFB.DE,86.395
2026-03-13,PPFB.DE,85.645
2026-03-16,PPFB.DE,84.125
2026-03-17,PPFB.DE,84.225
2026-03-18,PPFB.DE,82.195
2026-03-19,PPFB.DE,77.2
2026-03-20,PPFB.DE,77.025
2026-03-23,PPFB.DE,73.275
2026-03-24,PPFB.DE,73.91
2026-03-25,PPFB.DE,76.385
2026-03-26,PPFB.DE,73.84
2026-03-27,PPFB.DE,76.065
2026-03-30,PPFB.DE,77.0
2026-03-31,PPFB.DE,77.75
2026-04-01,PPFB.DE,79.92
2026-04-02,PPFB.DE,78.5
2026-04-07,PPFB.DE,77.96
2026-04-08,PPFB.DE,78.965
2026-04-09,PPFB.DE,79.48
2026-04-10,PPFB.DE,78.93
2026-04-13,PPFB.DE,78.09
2026-04-14,PPFB.DE,79.12
2026-04-15,PPFB.DE,78.925
2026-04-16,PPFB.DE,79.135
2026-04-17,PPFB.DE,80.05
2026-04-20,PPFB.DE,79.12
2026-04-21,PPFB.DE,78.32
2026-04-22,PPFB.DE,78.285
2026-04-23,PPFB.DE,78.42
2026-04-24,PPFB.DE,78.23
2026-04-27,PPFB.DE,77.37
2026-04-28,PPFB.DE,75.785
2026-04-29,PPFB.DE,75.46
2026-04-30,PPFB.DE,76.48
2026-05-04,PPFB.DE,75.22
2026-05-05,PPFB.DE,75.87
2026-05-06,PPFB.DE,77.48
2026-05-07,PPFB.DE,78.235
2026-05-08,PPFB.DE,77.665
2026-05-11,PPFB.DE,77.925
2026-05-12,PPFB.DE,77.09
2026-05-13,PPFB.DE,77.79
2026-05-14,PPFB.DE,77.895
2026-05-15,PPFB.DE,75.875
2026-05-18,PPFB.DE,75.625
2026-05-19,PPFB.DE,75.28
2026-05-20,PPFB.DE,75.67
2026-05-21,PPFB.DE,75.49
2026-05-22,PPFB.DE,75.595
2026-05-25,PPFB.DE,76.15
2026-05-26,PPFB.DE,75.23
2026-05-27,PPFB.DE,74.0
2026-05-28,PPFB.DE,74.64
2026-05-29,PPFB.DE,76.06
2026-06-01,PPFB.DE,74.745
2026-06-02,PPFB.DE,75.16
2026-06-03,PPFB.DE,74.22
2026-06-04,PPFB.DE,74.675
2026-06-05,PPFB.DE,73.08
2026-06-08,PPFB.DE,72.865
2026-06-09,PPFB.DE,71.76
2026-06-10,PPFB.DE,69.31
2026-06-11,PPFB.DE,68.705
2026-06-12,PPFB.DE,70.74
2026-06-15,PPFB.DE,72.81
2026-06-16,PPFB.DE,72.32
2026-06-17,PPFB.DE,72.94
2026-06-18,PPFB.DE,71.565
2026-06-19,PPFB.DE,70.245
2026-06-22,PPFB.DE,70.975
2026-06-23,PPFB.DE,70.455
2026-06-24,PPFB.DE,68.495
2026-06-25,PPFB.DE,68.59
2026-06-26,PPFB.DE,69.485
2026-06-29,PPFB.DE,68.3
2026-06-30,PPFB.DE,68.465
2026-07-01,PPFB.DE,69.5
2026-07-02,PPFB.DE,70.0
2026-07-03,PPFB.DE,70.66
2026-07-06,PPFB.DE,70.515
2026-07-07,PPFB.DE,70.36
2026-07-08,PPFB.DE,68.585
2026-07-09,PPFB.DE,70.04
2026-07-10,PPFB.DE,69.63
2026-07-13,PPFB.DE,68.355
2026-07-14,PPFB.DE,69.17
2026-07-15,PPFB.DE,68.68
2026-07-16,PPFB.DE,68.05
2026-07-17,PPFB.DE,68.035
2026-07-20,PPFB.DE,68.24
2026-07-21,PPFB.DE,69.37
2026-07-22,PPFB.DE,70.695
2026-07-23,PPFB.DE,69.085
2026-07-24,PPFB.DE,69.425
2026-07-27,PPFB.DE,69.48
2026-07-28,PPFB.DE,68.675
2026-07-29,PPFB.DE,68.385
2026-07-30,PPFB.DE,69.03
2026-07-31,PPFB.DE,68.105
2026-08-03,PPFB.DE,68.035
2026-08-04,PPFB.DE,68.695
2026-08-05,PPFB.DE,71.525
2026-08-06,PPFB.DE,71.53
2026-08-07,PPFB.DE,73.03
2026-08-10,PPFB.DE,73.1
2026-08-11,PPFB.DE,73.605
2026-08-12,PPFB.DE,74.28
2026-08-13,PPFB.DE,73.38
2026-08-14,PPFB.DE,73.5
2026-08-17,PPFB.DE,74.04
2026-08-18,PPFB.DE,73.04
2026-08-19,PPFB.DE,74.61
2026-08-20,PPFB.DE,75.16
2026-08-21,PPFB.DE,76.535
2026-08-24,PPFB.DE,77.69
2026-08-25,PPFB.DE,77.285
2026-08-26,PPFB.DE,76.53
2026-08-27,PPFB.DE,76.55
2026-08-28,PPFB.DE,76.2
2026-08-31,PPFB.DE,73.975
2026-09-01,PPFB.DE,73.025
2026-09-02,PPFB.DE,73.145
2026-09-03,PPFB.DE,75.14
2026-09-04,PPFB.DE,74.105
2026-09-07,PPFB.DE,73.6
2026-09-08,PPFB.DE,73.425
2026-09-09,PPFB.DE,73.415
2026-09-10,PPFB.DE,72.895
2026-09-11,PPFB.DE,73.075
2026-09-14,PPFB.DE,72.1
2026-09-15,PPFB.DE,72.005
2026-09-16,PPFB.DE,73.11
2026-09-17,PPFB.DE,73.68
2026-09-18,PPFB.DE,73.675
2026-09-21,PPFB.DE,73.61
2026-09-22,PPFB.DE,73.435
2026-09-23,PPFB.DE,72.94
2026-09-24,PPFB.DE,72.49
2026-09-25,PPFB.DE,72.875
2020-12-11,VVSM.DE,16.43
2020-12-14,VVSM.DE,16.72
2020-12-15,VVSM.DE,16.876
2020-12-16,VVSM.DE,16.878
2020-12-17,VVSM.DE,16.848
2020-12-18,VVSM.DE,16.812
2020-12-21,VVSM.DE,16.494
2020-12-22,VVSM.DE,16.526
2020-12-23,VVSM.DE,16.582
2020-12-28,VVSM.DE,16.78
2020-12-29,VVSM.DE,16.63
2020-12-30,VVSM.DE,16.768
2021-01-04,VVSM.DE,17.114
2021-01-05,VVSM.DE,17.276
2021-01-06,VVSM.DE,17.426
2021-01-07,VVSM.DE,17.852
2021-01-08,VVSM.DE,17.734
2021-01-11,VVSM.DE,17.972
2021-01-12,VVSM.DE,18.458
2021-01-13,VVSM.DE,18.226
2021-01-14,VVSM.DE,18.918
2021-01-15,VVSM.DE,18.776
2021-01-18,VVSM.DE,18.73
2021-01-19,VVSM.DE,19.044
2021-01-20,VVSM.DE,19.234
2021-01-21,VVSM.DE,19.418
2021-01-22,VVSM.DE,19.334
2021-01-25,VVSM.DE,19.026
2021-01-26,VVSM.DE,18.64
2021-01-27,VVSM.DE,18.038
2021-01-28,VVSM.DE,18.142
2021-01-29,VVSM.DE,18.0
2021-02-01,VVSM.DE,18.362
2021-02-02,VVSM.DE,18.744
2021-02-03,VVSM.DE,18.7
2021-02-04,VVSM.DE,18.68
2021-02-05,VVSM.DE,18.562
2021-02-08,VVSM.DE,18.862
2021-02-09,VVSM.DE,19.0
2021-02-10,VVSM.DE,18.912
2021-02-11,VVSM.DE,19.408
2021-02-12,VVSM.DE,19.87
2021-02-15,VVSM.DE,20.03
2021-02-16,VVSM.DE,20.015
2021-02-17,VVSM.DE,19.51
2021-02-18,VVSM.DE,19.334
2021-02-19,VVSM.DE,19.906
2021-02-22,VVSM.DE,19.3
2021-02-23,VVSM.DE,18.738
2021-02-24,VVSM.DE,18.916
2021-02-25,VVSM.DE,18.864
2021-02-26,VVSM.DE,18.794
2021-03-01,VVSM.DE,19.278
2021-03-02,VVSM.DE,19.02
2021-03-03,VVSM.DE,18.688
2021-03-04,VVSM.DE,17.958
2021-03-05,VVSM.DE,17.378
2021-03-08,VVSM.DE,17.944
2021-03-09,VVSM.DE,18.074
2021-03-10,VVSM.DE,18.188
2021-03-11,VVSM.DE,18.578
2021-03-12,VVSM.DE,18.098
2021-03-15,VVSM.DE,18.54
2021-03-16,VVSM.DE,19.058
2021-03-17,VVSM.DE,18.826
2021-03-18,VVSM.DE,18.856
2021-03-19,VVSM.DE,18.672
2021-03-22,VVSM.DE,19.162
2021-03-23,VVSM.DE,18.812
2021-03-24,VVSM.DE,18.806
2021-03-25,VVSM.DE,18.538
2021-03-26,VVSM.DE,19.15
2021-03-29,VVSM.DE,19.13
2021-03-30,VVSM.DE,19.268
2021-03-31,VVSM.DE,19.574
2021-04-01,VVSM.DE,20.14
2021-04-06,VVSM.DE,20.47
2021-04-07,VVSM.DE,20.095
2021-04-08,VVSM.DE,20.355
2021-04-09,VVSM.DE,20.325
2021-04-12,VVSM.DE,20.12
2021-04-13,VVSM.DE,20.02
2021-04-14,VVSM.DE,20.015
2021-04-15,VVSM.DE,20.025
2021-04-16,VVSM.DE,20.105
2021-04-19,VVSM.DE,19.464
2021-04-20,VVSM.DE,19.126
2021-04-21,VVSM.DE,19.488
2021-04-22,VVSM.DE,19.568
2021-04-23,VVSM.DE,19.524
2021-04-26,VVSM.DE,19.86
2021-04-27,VVSM.DE,19.748
2021-04-28,VVSM.DE,19.466
2021-04-29,VVSM.DE,19.454
2021-04-30,VVSM.DE,19.396
2021-05-03,VVSM.DE,18.962
2021-05-04,VVSM.DE,18.484
2021-05-05,VVSM.DE,19.136
2021-05-06,VVSM.DE,18.858
2021-05-07,VVSM.DE,19.128
2021-05-10,VVSM.DE,18.46
2021-05-11,VVSM.DE,18.058
2021-05-12,VVSM.DE,17.808
2021-05-13,VVSM.DE,17.876
2021-05-14,VVSM.DE,18.216
2021-05-17,VVSM.DE,18.02
2021-05-18,VVSM.DE,18.092
2021-05-19,VVSM.DE,17.916
2021-05-20,VVSM.DE,18.566
2021-05-21,VVSM.DE,18.618
2021-05-25,VVSM.DE,19.018
2021-05-26,VVSM.DE,19.008
2021-05-27,VVSM.DE,19.282
2021-05-28,VVSM.DE,19.49
2021-05-31,VVSM.DE,19.426
2021-06-01,VVSM.DE,19.38
2021-06-02,VVSM.DE,19.596
2021-06-03,VVSM.DE,19.466
2021-06-04,VVSM.DE,19.738
2021-06-07,VVSM.DE,19.526
2021-06-08,VVSM.DE,19.426
2021-06-09,VVSM.DE,19.45
2021-06-10,VVSM.DE,19.594
2021-06-11,VVSM.DE,19.792
2021-06-14,VVSM.DE,19.888
2021-06-15,VVSM.DE,19.964
2021-06-16,VVSM.DE,19.972
2021-06-17,VVSM.DE,20.46
2021-06-18,VVSM.DE,20.0
2021-06-21,VVSM.DE,19.82
2021-06-22,VVSM.DE,20.095
2021-06-23,VVSM.DE,20.11
2021-06-24,VVSM.DE,20.415
2021-06-25,VVSM.DE,20.48
2021-06-28,VVSM.DE,20.755
2021-06-29,VVSM.DE,20.95
2021-06-30,VVSM.DE,21.01
2021-07-01,VVSM.DE,20.835
2021-07-02,VVSM.DE,20.95
2021-07-05,VVSM.DE,20.97
2021-07-06,VVSM.DE,21.025
2021-07-07,VVSM.DE,20.755
2021-07-08,VVSM.DE,20.425
2021-07-09,VVSM.DE,20.71
2021-07-12,VVSM.DE,20.89
2021-07-13,VVSM.DE,21.115
2021-07-14,VVSM.DE,21.055
2021-07-15,VVSM.DE,20.67
2021-07-16,VVSM.DE,20.32
2021-07-19,VVSM.DE,20.075
2021-07-20,VVSM.DE,20.25
2021-07-21,VVSM.DE,20.705
2021-07-22,VVSM.DE,20.77
2021-07-23,VVSM.DE,20.95
2021-07-26,VVSM.DE,20.845
2021-07-27,VVSM.DE,20.255
2021-07-28,VVSM.DE,20.8
2021-07-29,VVSM.DE,21.025
2021-07-30,VVSM.DE,21.06
2021-08-02,VVSM.DE,21.545
2021-08-03,VVSM.DE,21.38
2021-08-04,VVSM.DE,21.825
2021-08-05,VVSM.DE,21.845
2021-08-06,VVSM.DE,21.87
2021-08-09,VVSM.DE,21.85
2021-08-10,VVSM.DE,21.58
2021-08-11,VVSM.DE,21.395
2021-08-12,VVSM.DE,21.37
2021-08-13,VVSM.DE,21.315
2021-08-16,VVSM.DE,21.18
2021-08-17,VVSM.DE,21.03
2021-08-18,VVSM.DE,20.97
2021-08-19,VVSM.DE,20.93
2021-08-20,VVSM.DE,21.03
2021-08-23,VVSM.DE,21.455
2021-08-24,VVSM.DE,21.545
2021-08-25,VVSM.DE,21.78
2021-08-26,VVSM.DE,21.69
2021-08-27,VVSM.DE,22.06
2021-08-30,VVSM.DE,22.13
2021-08-31,VVSM.DE,21.985
2021-09-01,VVSM.DE,21.96
2021-09-02,VVSM.DE,21.98
2021-09-03,VVSM.DE,22.085
2021-09-06,VVSM.DE,22.325
2021-09-07,VVSM.DE,22.045
2021-09-08,VVSM.DE,21.77
2021-09-09,VVSM.DE,21.935
2021-09-10,VVSM.DE,22.15
2021-09-13,VVSM.DE,22.085
2021-09-14,VVSM.DE,22.34
2021-09-15,VVSM.DE,22.175
2021-09-16,VVSM.DE,22.25
2021-09-17,VVSM.DE,22.09
2021-09-20,VVSM.DE,21.59
2021-09-21,VVSM.DE,21.785
2021-09-22,VVSM.DE,21.975
2021-09-23,VVSM.DE,22.3
2021-09-24,VVSM.DE,22.235
2021-09-27,VVSM.DE,22.21
2021-09-28,VVSM.DE,21.525
2021-09-29,VVSM.DE,21.225
2021-09-30,VVSM.DE,21.405
2021-10-01,VVSM.DE,21.095
2021-10-04,VVSM.DE,20.64
2021-10-05,VVSM.DE,21.08
2021-10-06,VVSM.DE,20.95
2021-10-07,VVSM.DE,21.61
2021-10-08,VVSM.DE,21.225
2021-10-11,VVSM.DE,21.34
2021-10-12,VVSM.DE,20.92
2021-10-13,VVSM.DE,20.985
2021-10-14,VVSM.DE,21.5
2021-10-15,VVSM.DE,21.75
2021-10-18,VVSM.DE,21.84
2021-10-19,VVSM.DE,22.015
2021-10-20,VVSM.DE,22.035
2021-10-21,VVSM.DE,22.045
2021-10-22,VVSM.DE,22.07
2021-10-25,VVSM.DE,22.18
2021-10-26,VVSM.DE,22.355
2021-10-27,VVSM.DE,22.23
2021-10-28,VVSM.DE,22.2
2021-10-29,VVSM.DE,22.5
2021-11-01,VVSM.DE,22.665
2021-11-02,VVSM.DE,23.035
2021-11-03,VVSM.DE,23.095
2021-11-04,VVSM.DE,24.03
2021-11-05,VVSM.DE,24.575
2021-11-08,VVSM.DE,24.865
2021-11-09,VVSM.DE,24.935
2021-11-10,VVSM.DE,24.575
2021-11-11,VVSM.DE,24.775
2021-11-12,VVSM.DE,25.13
2021-11-15,VVSM.DE,25.16
2021-11-16,VVSM.DE,25.5
2021-11-17,VVSM.DE,25.78
2021-11-18,VVSM.DE,26.01
2021-11-19,VVSM.DE,26.24
2021-11-22,VVSM.DE,26.535
2021-11-23,VVSM.DE,25.485
2021-11-24,VVSM.DE,25.92
2021-11-25,VVSM.DE,26.26
2021-11-26,VVSM.DE,25.14
2021-11-29,VVSM.DE,25.9
2021-11-30,VVSM.DE,25.69
2021-12-01,VVSM.DE,26.44
2021-12-02,VVSM.DE,25.325
2021-12-03,VVSM.DE,25.32
2021-12-06,VVSM.DE,24.975
2021-12-07,VVSM.DE,26.545
2021-12-08,VVSM.DE,26.23
2021-12-09,VVSM.DE,26.215
2021-12-10,VVSM.DE,25.625
2021-12-13,VVSM.DE,25.455
2021-12-14,VVSM.DE,24.95
2021-12-15,VVSM.DE,25.16
2021-12-16,VVSM.DE,25.43
2021-12-17,VVSM.DE,25.125
2021-12-20,VVSM.DE,24.585
2021-12-21,VVSM.DE,25.25
2021-12-22,VVSM.DE,25.73
2021-12-23,VVSM.DE,26.265
2021-12-27,VVSM.DE,26.58
2021-12-28,VVSM.DE,26.465
2021-12-29,VVSM.DE,26.415
2021-12-30,VVSM.DE,26.555
2022-01-03,VVSM.DE,26.67
2022-01-04,VVSM.DE,26.235
2022-01-05,VVSM.DE,26.345
2022-01-06,VVSM.DE,25.775
2022-01-07,VVSM.DE,25.28
2022-01-10,VVSM.DE,24.605
2022-01-11,VVSM.DE,25.385
2022-01-12,VVSM.DE,25.595
2022-01-13,VVSM.DE,25.89
2022-01-14,VVSM.DE,25.665
2022-01-17,VVSM.DE,25.91
2022-01-18,VVSM.DE,25.25
2022-01-19,VVSM.DE,24.365
2022-01-20,VVSM.DE,24.445
2022-01-21,VVSM.DE,23.8
2022-01-24,VVSM.DE,22.505
2022-01-25,VVSM.DE,22.59
2022-01-26,VVSM.DE,23.315
2022-01-27,VVSM.DE,22.785
2022-01-28,VVSM.DE,22.17
2022-01-31,VVSM.DE,23.205
2022-02-01,VVSM.DE,23.525
2022-02-02,VVSM.DE,23.8
2022-02-03,VVSM.DE,23.29
2022-02-04,VVSM.DE,22.725
2022-02-07,VVSM.DE,23.055
2022-02-08,VVSM.DE,23.27
2022-02-09,VVSM.DE,23.865
2022-02-10,VVSM.DE,23.885
2022-02-11,VVSM.DE,23.145
2022-02-14,VVSM.DE,22.8
2022-02-15,VVSM.DE,23.32
2022-02-16,VVSM.DE,23.23
2022-02-17,VVSM.DE,23.03
2022-02-18,VVSM.DE,22.37
2022-02-21,VVSM.DE,22.035
2022-02-22,VVSM.DE,22.415
2022-02-23,VVSM.DE,22.365
2022-02-24,VVSM.DE,21.99
2022-02-25,VVSM.DE,22.975
2022-02-28,VVSM.DE,23.175
2022-03-01,VVSM.DE,22.75
2022-03-02,VVSM.DE,23.08
2022-03-03,VVSM.DE,22.905
2022-03-04,VVSM.DE,22.485
2022-03-07,VVSM.DE,22.1
2022-03-08,VVSM.DE,21.425
2022-03-09,VVSM.DE,22.2
2022-03-10,VVSM.DE,21.675
2022-03-11,VVSM.DE,21.915
2022-03-14,VVSM.DE,21.115
2022-03-15,VVSM.DE,21.72
2022-03-16,VVSM.DE,22.605
2022-03-17,VVSM.DE,22.525
2022-03-18,VVSM.DE,23.255
2022-03-21,VVSM.DE,23.275
2022-03-22,VVSM.DE,23.66
2022-03-23,VVSM.DE,23.56
2022-03-24,VVSM.DE,23.91
2022-03-25,VVSM.DE,24.015
2022-03-28,VVSM.DE,23.935
2022-03-29,VVSM.DE,24.265
2022-03-30,VVSM.DE,24.16
2022-03-31,VVSM.DE,23.75
2022-04-01,VVSM.DE,23.03
2022-04-04,VVSM.DE,23.56
2022-04-05,VVSM.DE,22.905
2022-04-06,VVSM.DE,22.2
2022-04-07,VVSM.DE,22.06
2022-04-08,VVSM.DE,21.995
2022-04-11,VVSM.DE,21.435
2022-04-12,VVSM.DE,21.68
2022-04-13,VVSM.DE,21.87
2022-04-14,VVSM.DE,21.595
2022-04-19,VVSM.DE,21.97
2022-04-20,VVSM.DE,22.03
2022-04-21,VVSM.DE,21.955
2022-04-22,VVSM.DE,21.365
2022-04-25,VVSM.DE,21.16
2022-04-26,VVSM.DE,20.755
2022-04-27,VVSM.DE,20.855
2022-04-28,VVSM.DE,21.28
2022-04-29,VVSM.DE,21.505
2022-05-02,VVSM.DE,21.145
2022-05-03,VVSM.DE,21.57
2022-05-04,VVSM.DE,21.19
2022-05-05,VVSM.DE,21.545
2022-05-06,VVSM.DE,21.32
2022-05-09,VVSM.DE,20.295
2022-05-10,VVSM.DE,20.27
2022-05-11,VVSM.DE,20.645
2022-05-12,VVSM.DE,20.285
2022-05-13,VVSM.DE,21.245
2022-05-16,VVSM.DE,21.0
2022-05-17,VVSM.DE,21.62
2022-05-18,VVSM.DE,21.225
2022-05-19,VVSM.DE,20.855
2022-05-20,VVSM.DE,20.265
2022-05-23,VVSM.DE,20.445
2022-05-24,VVSM.DE,19.772
2022-05-25,VVSM.DE,20.01
2022-05-26,VVSM.DE,20.745
2022-05-27,VVSM.DE,21.585
2022-05-30,VVSM.DE,21.985
2022-05-31,VVSM.DE,21.605
2022-06-01,VVSM.DE,21.565
2022-06-02,VVSM.DE,21.735
2022-06-03,VVSM.DE,21.48
2022-06-06,VVSM.DE,21.65
2022-06-07,VVSM.DE,21.395
2022-06-08,VVSM.DE,21.4
2022-06-09,VVSM.DE,21.165
2022-06-10,VVSM.DE,20.185
2022-06-13,VVSM.DE,19.424
2022-06-14,VVSM.DE,19.426
2022-06-15,VVSM.DE,19.686
2022-06-16,VVSM.DE,18.58
2022-06-17,VVSM.DE,18.548
2022-06-20,VVSM.DE,18.726
2022-06-21,VVSM.DE,19.142
2022-06-22,VVSM.DE,18.886
2022-06-23,VVSM.DE,18.708
2022-06-24,VVSM.DE,19.27
2022-06-27,VVSM.DE,19.462
2022-06-28,VVSM.DE,19.172
2022-06-29,VVSM.DE,18.724
2022-06-30,VVSM.DE,18.592
2022-07-01,VVSM.DE,17.878
2022-07-04,VVSM.DE,17.734
2022-07-05,VVSM.DE,17.776
2022-07-06,VVSM.DE,18.322
2022-07-07,VVSM.DE,19.16
2022-07-08,VVSM.DE,19.462
2022-07-11,VVSM.DE,19.166
2022-07-12,VVSM.DE,19.3
2022-07-13,VVSM.DE,19.176
2022-07-14,VVSM.DE,19.23
2022-07-15,VVSM.DE,19.986
2022-07-18,VVSM.DE,20.295
2022-07-19,VVSM.DE,20.48
2022-07-20,VVSM.DE,21.105
2022-07-21,VVSM.DE,21.34
2022-07-22,VVSM.DE,21.115
2022-07-25,VVSM.DE,20.85
2022-07-26,VVSM.DE,20.81
2022-07-27,VVSM.DE,21.295
2022-07-28,VVSM.DE,21.63
2022-07-29,VVSM.DE,21.575
2022-08-01,VVSM.DE,21.89
2022-08-02,VVSM.DE,21.91
2022-08-03,VVSM.DE,22.27
2022-08-04,VVSM.DE,22.43
2022-08-05,VVSM.DE,22.365
2022-08-08,VVSM.DE,21.985
2022-08-09,VVSM.DE,21.195
2022-08-10,VVSM.DE,21.575
2022-08-11,VVSM.DE,21.995
2022-08-12,VVSM.DE,22.31
2022-08-15,VVSM.DE,22.565
2022-08-16,VVSM.DE,22.53
2022-08-17,VVSM.DE,21.825
2022-08-18,VVSM.DE,22.54
2022-08-19,VVSM.DE,22.05
2022-08-22,VVSM.DE,21.615
2022-08-23,VVSM.DE,21.58
2022-08-24,VVSM.DE,21.495
2022-08-25,VVSM.DE,21.975
2022-08-26,VVSM.DE,21.415
2022-08-29,VVSM.DE,20.625
2022-08-30,VVSM.DE,20.185
2022-08-31,VVSM.DE,19.944
2022-09-01,VVSM.DE,19.352
2022-09-02,VVSM.DE,19.904
2022-09-05,VVSM.DE,19.696
2022-09-06,VVSM.DE,19.6
2022-09-07,VVSM.DE,19.472
2022-09-08,VVSM.DE,19.874
2022-09-09,VVSM.DE,20.21
2022-09-12,VVSM.DE,20.065
2022-09-13,VVSM.DE,19.41
2022-09-14,VVSM.DE,19.284
2022-09-15,VVSM.DE,18.994
2022-09-16,VVSM.DE,18.728
2022-09-19,VVSM.DE,18.974
2022-09-20,VVSM.DE,18.998
2022-09-21,VVSM.DE,19.408
2022-09-22,VVSM.DE,18.582
2022-09-23,VVSM.DE,18.384
2022-09-26,VVSM.DE,18.562
2022-09-27,VVSM.DE,18.584
2022-09-28,VVSM.DE,18.552
2022-09-29,VVSM.DE,17.818
2022-09-30,VVSM.DE,17.968
2022-10-03,VVSM.DE,18.054
2022-10-04,VVSM.DE,18.668
2022-10-05,VVSM.DE,18.674
2022-10-06,VVSM.DE,19.136
2022-10-07,VVSM.DE,18.134
2022-10-10,VVSM.DE,17.388
2022-10-11,VVSM.DE,16.99
2022-10-12,VVSM.DE,16.886
2022-10-13,VVSM.DE,17.218
2022-10-14,VVSM.DE,16.794
2022-10-17,VVSM.DE,16.852
2022-10-18,VVSM.DE,16.632
2022-10-19,VVSM.DE,17.056
2022-10-20,VVSM.DE,17.536
2022-10-21,VVSM.DE,17.406
2022-10-24,VVSM.DE,17.612
2022-10-25,VVSM.DE,17.976
2022-10-26,VVSM.DE,17.866
2022-10-27,VVSM.DE,17.756
2022-10-28,VVSM.DE,18.016
2022-10-31,VVSM.DE,18.022
2022-11-01,VVSM.DE,18.174
2022-11-02,VVSM.DE,18.112
2022-11-03,VVSM.DE,17.656
2022-11-04,VVSM.DE,17.78
2022-11-07,VVSM.DE,18.074
2022-11-08,VVSM.DE,18.7
2022-11-09,VVSM.DE,18.274
2022-11-10,VVSM.DE,19.25
2022-11-11,VVSM.DE,19.638
2022-11-14,VVSM.DE,20.035
2022-11-15,VVSM.DE,20.51
2022-11-16,VVSM.DE,19.742
2022-11-17,VVSM.DE,19.742
2022-11-18,VVSM.DE,19.8
2022-11-21,VVSM.DE,19.736
2022-11-22,VVSM.DE,19.952
2022-11-23,VVSM.DE,20.33
2022-11-24,VVSM.DE,20.38
2022-11-25,VVSM.DE,20.08
2022-11-28,VVSM.DE,19.732
2022-11-29,VVSM.DE,19.462
2022-11-30,VVSM.DE,19.674
2022-12-01,VVSM.DE,20.245
2022-12-02,VVSM.DE,19.894
2022-12-05,VVSM.DE,19.926
2022-12-06,VVSM.DE,19.504
2022-12-07,VVSM.DE,19.284
2022-12-08,VVSM.DE,19.604
2022-12-09,VVSM.DE,19.89
2022-12-12,VVSM.DE,19.588
2022-12-13,VVSM.DE,20.31
2022-12-14,VVSM.DE,20.13
2022-12-15,VVSM.DE,19.098
2022-12-16,VVSM.DE,18.848
2022-12-19,VVSM.DE,18.682
2022-12-20,VVSM.DE,18.524
2022-12-21,VVSM.DE,18.956
2022-12-22,VVSM.DE,18.122
2022-12-23,VVSM.DE,18.118
2022-12-27,VVSM.DE,17.916
2022-12-28,VVSM.DE,17.692
2022-12-29,VVSM.DE,18.114
2022-12-30,VVSM.DE,17.854
2023-01-02,VVSM.DE,18.522
2023-01-03,VVSM.DE,18.102
2023-01-04,VVSM.DE,18.54
2023-01-05,VVSM.DE,18.516
2023-01-06,VVSM.DE,18.692
2023-01-09,VVSM.DE,19.526
2023-01-10,VVSM.DE,19.144
2023-01-11,VVSM.DE,19.334
2023-01-12,VVSM.DE,19.602
2023-01-13,VVSM.DE,19.69
2023-01-16,VVSM.DE,19.77
2023-01-17,VVSM.DE,19.96
2023-01-18,VVSM.DE,19.974
2023-01-19,VVSM.DE,19.388
2023-01-20,VVSM.DE,19.54
2023-01-23,VVSM.DE,20.56
2023-01-24,VVSM.DE,20.635
2023-01-25,VVSM.DE,20.33
2023-01-26,VVSM.DE,20.68
2023-01-27,VVSM.DE,20.835
2023-01-30,VVSM.DE,20.545
2023-01-31,VVSM.DE,20.53
2023-02-01,VVSM.DE,20.895
2023-02-02,VVSM.DE,21.85
2023-02-03,VVSM.DE,22.155
2023-02-06,VVSM.DE,21.815
2023-02-07,VVSM.DE,21.845
2023-02-08,VVSM.DE,21.89
2023-02-09,VVSM.DE,22.09
2023-02-10,VVSM.DE,21.51
2023-02-13,VVSM.DE,21.71
2023-02-14,VVSM.DE,21.835
2023-02-15,VVSM.DE,22.05
2023-02-16,VVSM.DE,21.99
2023-02-17,VVSM.DE,21.37
2023-02-20,VVSM.DE,21.38
2023-02-21,VVSM.DE,21.09
2023-02-22,VVSM.DE,20.87
2023-02-23,VVSM.DE,21.3
2023-02-24,VVSM.DE,21.185
2023-02-27,VVSM.DE,21.375
2023-02-28,VVSM.DE,21.295
2023-03-01,VVSM.DE,21.135
2023-03-02,VVSM.DE,21.055
2023-03-03,VVSM.DE,21.5
2023-03-06,VVSM.DE,21.855
2023-03-07,VVSM.DE,21.525
2023-03-08,VVSM.DE,21.82
2023-03-09,VVSM.DE,22.135
2023-03-10,VVSM.DE,21.595
2023-03-13,VVSM.DE,20.97
2023-03-14,VVSM.DE,21.62
2023-03-15,VVSM.DE,21.41
2023-03-16,VVSM.DE,22.19
2023-03-17,VVSM.DE,22.37
2023-03-20,VVSM.DE,22.24
2023-03-21,VVSM.DE,22.22
2023-03-22,VVSM.DE,22.5
2023-03-23,VVSM.DE,22.74
2023-03-24,VVSM.DE,22.355
2023-03-27,VVSM.DE,22.27
2023-03-28,VVSM.DE,21.76
2023-03-29,VVSM.DE,22.375
2023-03-30,VVSM.DE,22.83
2023-03-31,VVSM.DE,22.9
2023-04-03,VVSM.DE,22.715
2023-04-04,VVSM.DE,22.545
2023-04-05,VVSM.DE,21.975
2023-04-06,VVSM.DE,21.995
2023-04-11,VVSM.DE,22.26
2023-04-12,VVSM.DE,21.835
2023-04-13,VVSM.DE,21.66
2023-04-14,VVSM.DE,21.77
2023-04-17,VVSM.DE,21.705
2023-04-18,VVSM.DE,21.9
2023-04-19,VVSM.DE,21.585
2023-04-20,VVSM.DE,21.725
2023-04-21,VVSM.DE,21.49
2023-04-24,VVSM.DE,21.245
2023-04-25,VVSM.DE,20.93
2023-04-26,VVSM.DE,20.8
2023-04-27,VVSM.DE,20.695
2023-04-28,VVSM.DE,21.055
2023-05-02,VVSM.DE,21.185
2023-05-03,VVSM.DE,20.915
2023-05-04,VVSM.DE,20.895
2023-05-05,VVSM.DE,21.25
2023-05-08,VVSM.DE,21.415
2023-05-09,VVSM.DE,21.3
2023-05-10,VVSM.DE,21.56
2023-05-11,VVSM.DE,21.345
2023-05-12,VVSM.DE,21.44
2023-05-15,VVSM.DE,21.695
2023-05-16,VVSM.DE,22.18
2023-05-17,VVSM.DE,22.45
2023-05-18,VVSM.DE,23.48
2023-05-19,VVSM.DE,23.255
2023-05-22,VVSM.DE,23.305
2023-05-23,VVSM.DE,23.315
2023-05-24,VVSM.DE,22.705
2023-05-25,VVSM.DE,24.44
2023-05-26,VVSM.DE,25.655
2023-05-29,VVSM.DE,26.01
2023-05-30,VVSM.DE,26.445
2023-05-31,VVSM.DE,25.655
2023-06-01,VVSM.DE,25.685
2023-06-02,VVSM.DE,25.8
2023-06-05,VVSM.DE,25.6
2023-06-06,VVSM.DE,25.745
2023-06-07,VVSM.DE,25.885
2023-06-08,VVSM.DE,25.575
2023-06-09,VVSM.DE,25.89
2023-06-12,VVSM.DE,26.385
2023-06-13,VVSM.DE,26.92
2023-06-14,VVSM.DE,26.92
2023-06-15,VVSM.DE,26.755
2023-06-16,VVSM.DE,26.615
2023-06-19,VVSM.DE,26.44
2023-06-20,VVSM.DE,26.3
2023-06-21,VVSM.DE,25.69
2023-06-22,VVSM.DE,25.685
2023-06-23,VVSM.DE,25.38
2023-06-26,VVSM.DE,25.655
2023-06-27,VVSM.DE,25.54
2023-06-28,VVSM.DE,26.045
2023-06-29,VVSM.DE,26.065
2023-06-30,VVSM.DE,26.325
2023-07-03,VVSM.DE,26.315
2023-07-04,VVSM.DE,26.565
2023-07-05,VVSM.DE,26.285
2023-07-06,VVSM.DE,25.59
2023-07-07,VVSM.DE,25.76
2023-07-10,VVSM.DE,25.85
2023-07-11,VVSM.DE,25.65
2023-07-12,VVSM.DE,26.04
2023-07-13,VVSM.DE,26.205
2023-07-14,VVSM.DE,26.665
2023-07-17,VVSM.DE,26.445
2023-07-18,VVSM.DE,26.37
2023-07-19,VVSM.DE,26.73
2023-07-20,VVSM.DE,26.045
2023-07-21,VVSM.DE,25.99
2023-07-24,VVSM.DE,25.975
2023-07-25,VVSM.DE,26.57
2023-07-26,VVSM.DE,25.97
2023-07-27,VVSM.DE,27.14
2023-07-28,VVSM.DE,27.23
2023-07-31,VVSM.DE,27.175
2023-08-01,VVSM.DE,27.31
2023-08-02,VVSM.DE,26.565
2023-08-03,VVSM.DE,26.275
2023-08-04,VVSM.DE,26.29
2023-08-07,VVSM.DE,26.335
2023-08-08,VVSM.DE,25.965
2023-08-09,VVSM.DE,25.685
2023-08-10,VVSM.DE,25.755
2023-08-11,VVSM.DE,25.06
2023-08-14,VVSM.DE,25.535
2023-08-15,VVSM.DE,25.61
2023-08-16,VVSM.DE,25.4
2023-08-17,VVSM.DE,25.0
2023-08-18,VVSM.DE,24.86
2023-08-21,VVSM.DE,25.295
2023-08-22,VVSM.DE,25.885
2023-08-23,VVSM.DE,26.12
2023-08-24,VVSM.DE,25.75
2023-08-25,VVSM.DE,25.38
2023-08-28,VVSM.DE,25.745
2023-08-29,VVSM.DE,26.34
2023-08-30,VVSM.DE,26.3
2023-08-31,VVSM.DE,26.64
2023-09-01,VVSM.DE,26.735
2023-09-04,VVSM.DE,26.88
2023-09-05,VVSM.DE,27.04
2023-09-06,VVSM.DE,26.755
2023-09-07,VVSM.DE,26.1
2023-09-08,VVSM.DE,26.14
2023-09-11,VVSM.DE,25.81
2023-09-12,VVSM.DE,26.05
2023-09-13,VVSM.DE,26.19
2023-09-14,VVSM.DE,26.395
2023-09-15,VVSM.DE,25.705
2023-09-18,VVSM.DE,25.64
2023-09-19,VVSM.DE,25.43
2023-09-20,VVSM.DE,25.395
2023-09-21,VVSM.DE,24.8
2023-09-22,VVSM.DE,25.03
2023-09-25,VVSM.DE,25.105
2023-09-26,VVSM.DE,24.845
2023-09-27,VVSM.DE,25.01
2023-09-28,VVSM.DE,25.415
2023-09-29,VVSM.DE,25.63
2023-10-02,VVSM.DE,25.905
2023-10-03,VVSM.DE,25.525
2023-10-04,VVSM.DE,25.555
2023-10-05,VVSM.DE,25.4
2023-10-06,VVSM.DE,25.755
2023-10-09,VVSM.DE,25.755
2023-10-10,VVSM.DE,26.35
2023-10-11,VVSM.DE,26.225
2023-10-12,VVSM.DE,26.945
2023-10-13,VVSM.DE,26.41
2023-10-16,VVSM.DE,26.45
2023-10-17,VVSM.DE,26.185
2023-10-18,VVSM.DE,25.865
2023-10-19,VVSM.DE,25.745
2023-10-20,VVSM.DE,25.15
2023-10-23,VVSM.DE,25.025
2023-10-24,VVSM.DE,25.16
2023-10-25,VVSM.DE,24.805
2023-10-26,VVSM.DE,24.38
2023-10-27,VVSM.DE,24.505
2023-10-30,VVSM.DE,24.145
2023-10-31,VVSM.DE,24.42
2023-11-01,VVSM.DE,24.99
2023-11-02,VVSM.DE,25.68
2023-11-03,VVSM.DE,26.005
2023-11-06,VVSM.DE,25.92
2023-11-07,VVSM.DE,26.375
2023-11-08,VVSM.DE,26.31
2023-11-09,VVSM.DE,26.705
2023-11-10,VVSM.DE,27.06
2023-11-13,VVSM.DE,27.16
2023-11-14,VVSM.DE,27.515
2023-11-15,VVSM.DE,27.785
2023-11-16,VVSM.DE,27.605
2023-11-17,VVSM.DE,27.735
2023-11-20,VVSM.DE,27.91
2023-11-21,VVSM.DE,27.7
2023-11-22,VVSM.DE,27.97
2023-11-23,VVSM.DE,27.83
2023-11-24,VVSM.DE,27.71
2023-11-27,VVSM.DE,27.76
2023-11-28,VVSM.DE,27.5
2023-11-29,VVSM.DE,27.77
2023-11-30,VVSM.DE,27.45
2023-12-01,VVSM.DE,27.69
2023-12-04,VVSM.DE,27.69
2023-12-05,VVSM.DE,27.69
2023-12-06,VVSM.DE,27.69
2023-12-07,VVSM.DE,27.78
2023-12-08,VVSM.DE,28.21
2023-12-11,VVSM.DE,28.935
2023-12-12,VVSM.DE,29.31
2023-12-13,VVSM.DE,29.475
2023-12-14,VVSM.DE,29.715
2023-12-15,VVSM.DE,30.49
2023-12-18,VVSM.DE,30.03
2023-12-19,VVSM.DE,30.025
2023-12-20,VVSM.DE,30.05
2023-12-21,VVSM.DE,29.94
2023-12-22,VVSM.DE,30.045
2023-12-27,VVSM.DE,30.2
2023-12-28,VVSM.DE,30.37
2023-12-29,VVSM.DE,30.38
2024-01-02,VVSM.DE,29.64
2024-01-03,VVSM.DE,28.98
2024-01-04,VVSM.DE,28.89
2024-01-05,VVSM.DE,28.925
2024-01-08,VVSM.DE,29.485
2024-01-09,VVSM.DE,29.73
2024-01-10,VVSM.DE,29.615
2024-01-11,VVSM.DE,29.43
2024-01-12,VVSM.DE,29.69
2024-01-15,VVSM.DE,29.865
2024-01-16,VVSM.DE,30.495
2024-01-17,VVSM.DE,30.125
2024-01-18,VVSM.DE,31.34
2024-01-19,VVSM.DE,31.875
2024-01-22,VVSM.DE,32.625
2024-01-23,VVSM.DE,32.715
2024-01-24,VVSM.DE,33.66
2024-01-25,VVSM.DE,34.145
2024-01-26,VVSM.DE,33.075
2024-01-29,VVSM.DE,32.99
2024-01-30,VVSM.DE,33.085
2024-01-31,VVSM.DE,32.265
2024-02-01,VVSM.DE,32.275
2024-02-02,VVSM.DE,33.135
2024-02-05,VVSM.DE,33.715
2024-02-06,VVSM.DE,33.5
2024-02-07,VVSM.DE,33.885
2024-02-08,VVSM.DE,34.7
2024-02-09,VVSM.DE,34.965
2024-02-12,VVSM.DE,35.68
2024-02-13,VVSM.DE,34.805
2024-02-14,VVSM.DE,35.05
2024-02-15,VVSM.DE,35.18
2024-02-16,VVSM.DE,35.335
2024-02-19,VVSM.DE,34.98
2024-02-20,VVSM.DE,33.845
2024-02-21,VVSM.DE,33.835
2024-02-22,VVSM.DE,35.975
2024-02-23,VVSM.DE,35.68
2024-02-26,VVSM.DE,35.905
2024-02-27,VVSM.DE,35.87
2024-02-28,VVSM.DE,35.57
2024-02-29,VVSM.DE,35.935
2024-03-01,VVSM.DE,37.475
2024-03-04,VVSM.DE,38.3
2024-03-05,VVSM.DE,37.52
2024-03-06,VVSM.DE,38.34
2024-03-07,VVSM.DE,39.32
2024-03-08,VVSM.DE,38.645
2024-03-11,VVSM.DE,37.35
2024-03-12,VVSM.DE,37.81
2024-03-13,VVSM.DE,37.055
2024-03-14,VVSM.DE,37.045
2024-03-15,VVSM.DE,36.655
2024-03-18,VVSM.DE,36.825
2024-03-19,VVSM.DE,36.415
2024-03-20,VVSM.DE,36.475
2024-03-21,VVSM.DE,38.505
2024-03-22,VVSM.DE,38.1
2024-03-25,VVSM.DE,38.09
2024-03-26,VVSM.DE,37.985
2024-03-27,VVSM.DE,37.615
2024-03-28,VVSM.DE,37.93
2024-04-02,VVSM.DE,37.82
2024-04-03,VVSM.DE,38.15
2024-04-04,VVSM.DE,38.045
2024-04-05,VVSM.DE,37.415
2024-04-08,VVSM.DE,37.485
2024-04-09,VVSM.DE,37.2
2024-04-10,VVSM.DE,37.635
2024-04-11,VVSM.DE,37.87
2024-04-12,VVSM.DE,37.865
2024-04-15,VVSM.DE,37.87
2024-04-16,VVSM.DE,37.365
2024-04-17,VVSM.DE,36.5
2024-04-18,VVSM.DE,35.83
2024-04-19,VVSM.DE,34.65
2024-04-22,VVSM.DE,34.245
2024-04-23,VVSM.DE,35.105
2024-04-24,VVSM.DE,35.505
2024-04-25,VVSM.DE,35.465
2024-04-26,VVSM.DE,36.655
2024-04-29,VVSM.DE,36.505
2024-04-30,VVSM.DE,36.645
2024-05-02,VVSM.DE,35.365
2024-05-03,VVSM.DE,36.205
2024-05-06,VVSM.DE,36.835
2024-05-07,VVSM.DE,37.095
2024-05-08,VVSM.DE,36.71
2024-05-09,VVSM.DE,36.79
2024-05-10,VVSM.DE,37.22
2024-05-13,VVSM.DE,37.225
2024-05-14,VVSM.DE,37.385
2024-05-15,VVSM.DE,38.21
2024-05-16,VVSM.DE,38.745
2024-05-17,VVSM.DE,38.34
2024-05-20,VVSM.DE,38.88
2024-05-21,VVSM.DE,38.72
2024-05-22,VVSM.DE,39.22
2024-05-23,VVSM.DE,39.82
2024-05-24,VVSM.DE,40.005
2024-05-27,VVSM.DE,40.285
2024-05-28,VVSM.DE,40.505
2024-05-29,VVSM.DE,40.18
2024-05-30,VVSM.DE,39.58
2024-05-31,VVSM.DE,38.525
2024-06-03,VVSM.DE,39.13
2024-06-04,VVSM.DE,38.82
2024-06-05,VVSM.DE,40.655
2024-06-06,VVSM.DE,40.785
2024-06-07,VVSM.DE,40.985
2024-06-10,VVSM.DE,41.78
2024-06-11,VVSM.DE,41.5
2024-06-12,VVSM.DE,42.505
2024-06-13,VVSM.DE,43.27
2024-06-14,VVSM.DE,43.38
2024-06-17,VVSM.DE,43.825
2024-06-18,VVSM.DE,44.815
2024-06-19,VVSM.DE,45.045
2024-06-20,VVSM.DE,44.805
2024-06-21,VVSM.DE,43.585
2024-06-24,VVSM.DE,42.39
2024-06-25,VVSM.DE,42.545
2024-06-26,VVSM.DE,42.35
2024-06-27,VVSM.DE,42.095
2024-06-28,VVSM.DE,42.885
2024-07-01,VVSM.DE,42.275
2024-07-02,VVSM.DE,42.685
2024-07-03,VVSM.DE,43.45
2024-07-04,VVSM.DE,43.675
2024-07-05,VVSM.DE,43.735
2024-07-08,VVSM.DE,44.34
2024-07-09,VVSM.DE,44.315
2024-07-10,VVSM.DE,45.04
2024-07-11,VVSM.DE,44.0
2024-07-12,VVSM.DE,44.455
2024-07-15,VVSM.DE,44.32
2024-07-16,VVSM.DE,43.915
2024-07-17,VVSM.DE,41.695
2024-07-18,VVSM.DE,40.025
2024-07-19,VVSM.DE,39.995
2024-07-22,VVSM.DE,40.34
2024-07-23,VVSM.DE,41.115
2024-07-24,VVSM.DE,39.47
2024-07-25,VVSM.DE,38.385
2024-07-26,VVSM.DE,38.355
2024-07-29,VVSM.DE,38.41
2024-07-30,VVSM.DE,37.585
2024-07-31,VVSM.DE,39.255
2024-08-01,VVSM.DE,38.255
2024-08-02,VVSM.DE,35.03
2024-08-05,VVSM.DE,34.085
2024-08-06,VVSM.DE,34.86
2024-08-07,VVSM.DE,35.515
2024-08-08,VVSM.DE,35.61
2024-08-09,VVSM.DE,35.685
2024-08-12,VVSM.DE,36.035
2024-08-13,VVSM.DE,36.925
2024-08-14,VVSM.DE,37.225
2024-08-15,VVSM.DE,38.645
2024-08-16,VVSM.DE,38.595
2024-08-19,VVSM.DE,38.45
2024-08-20,VVSM.DE,38.7
2024-08-21,VVSM.DE,38.76
2024-08-22,VVSM.DE,38.57
2024-08-23,VVSM.DE,38.315
2024-08-26,VVSM.DE,37.6
2024-08-27,VVSM.DE,37.59
2024-08-28,VVSM.DE,37.265
2024-08-29,VVSM.DE,38.2
2024-08-30,VVSM.DE,37.855
2024-09-02,VVSM.DE,38.39
2024-09-03,VVSM.DE,36.33
2024-09-04,VVSM.DE,35.62
2024-09-05,VVSM.DE,35.07
2024-09-06,VVSM.DE,33.65
2024-09-09,VVSM.DE,34.13
2024-09-10,VVSM.DE,34.425
2024-09-11,VVSM.DE,34.995
2024-09-12,VVSM.DE,36.47
2024-09-13,VVSM.DE,36.88
2024-09-16,VVSM.DE,36.2
2024-09-17,VVSM.DE,36.74
2024-09-18,VVSM.DE,36.32
2024-09-19,VVSM.DE,37.66
2024-09-20,VVSM.DE,36.895
2024-09-23,VVSM.DE,37.11
2024-09-24,VVSM.DE,37.545
2024-09-25,VVSM.DE,38.05
2024-09-26,VVSM.DE,38.66
2024-09-27,VVSM.DE,38.57
2024-09-30,VVSM.DE,38.16
2024-10-01,VVSM.DE,37.52
2024-10-02,VVSM.DE,38.33
2024-10-03,VVSM.DE,38.505
2024-10-04,VVSM.DE,38.84
2024-10-07,VVSM.DE,39.2
2024-10-08,VVSM.DE,39.445
2024-10-09,VVSM.DE,40.005
2024-10-10,VVSM.DE,40.2
2024-10-11,VVSM.DE,40.28
2024-10-14,VVSM.DE,41.0
2024-10-15,VVSM.DE,39.175
2024-10-16,VVSM.DE,38.655
2024-10-17,VVSM.DE,39.76
2024-10-18,VVSM.DE,39.305
2024-10-21,VVSM.DE,38.995
2024-10-22,VVSM.DE,39.085
2024-10-23,VVSM.DE,39.1
2024-10-24,VVSM.DE,39.03
2024-10-25,VVSM.DE,39.865
2024-10-28,VVSM.DE,39.315
2024-10-29,VVSM.DE,40.015
2024-10-30,VVSM.DE,39.085
2024-10-31,VVSM.DE,37.58
2024-11-01,VVSM.DE,38.325
2024-11-04,VVSM.DE,38.08
2024-11-05,VVSM.DE,38.3
2024-11-06,VVSM.DE,39.445
2024-11-07,VVSM.DE,40.415
2024-11-08,VVSM.DE,40.505
2024-11-11,VVSM.DE,39.85
2024-11-12,VVSM.DE,39.705
2024-11-13,VVSM.DE,39.275
2024-11-14,VVSM.DE,39.595
2024-11-15,VVSM.DE,38.27
2024-11-18,VVSM.DE,38.395
2024-11-19,VVSM.DE,38.32
2024-11-20,VVSM.DE,38.07
2024-11-21,VVSM.DE,38.88
2024-11-22,VVSM.DE,39.105
2024-11-25,VVSM.DE,39.25
2024-11-26,VVSM.DE,38.705
2024-11-27,VVSM.DE,37.455
2024-11-28,VVSM.DE,38.475
2024-11-29,VVSM.DE,38.745
2024-12-02,VVSM.DE,39.76
2024-12-03,VVSM.DE,39.665
2024-12-04,VVSM.DE,40.135
2024-12-05,VVSM.DE,39.64
2024-12-06,VVSM.DE,39.38
2024-12-09,VVSM.DE,39.14
2024-12-10,VVSM.DE,38.555
2024-12-11,VVSM.DE,39.16
2024-12-12,VVSM.DE,38.93
2024-12-13,VVSM.DE,39.95
2024-12-16,VVSM.DE,40.73
2024-12-17,VVSM.DE,40.67
2024-12-18,VVSM.DE,41.085
2024-12-19,VVSM.DE,39.405
2024-12-20,VVSM.DE,39.675
2024-12-23,VVSM.DE,40.215
2024-12-27,VVSM.DE,40.325
2024-12-30,VVSM.DE,39.94
2025-01-02,VVSM.DE,40.75
2025-01-03,VVSM.DE,40.985
2025-01-06,VVSM.DE,42.615
2025-01-07,VVSM.DE,42.115
2025-01-08,VVSM.DE,41.585
2025-01-09,VVSM.DE,41.52
2025-01-10,VVSM.DE,40.845
2025-01-13,VVSM.DE,40.56
2025-01-14,VVSM.DE,40.4
2025-01-15,VVSM.DE,41.36
2025-01-16,VVSM.DE,42.185
2025-01-17,VVSM.DE,42.55
2025-01-20,VVSM.DE,42.68
2025-01-21,VVSM.DE,42.655
2025-01-22,VVSM.DE,43.73
2025-01-23,VVSM.DE,43.0
2025-01-24,VVSM.DE,42.505
2025-01-27,VVSM.DE,38.595
2025-01-28,VVSM.DE,38.415
2025-01-29,VVSM.DE,39.15
2025-01-30,VVSM.DE,39.965
2025-01-31,VVSM.DE,41.175
2025-02-03,VVSM.DE,40.1
2025-02-04,VVSM.DE,40.075
2025-02-05,VVSM.DE,40.255
2025-02-06,VVSM.DE,40.61
2025-02-07,VVSM.DE,40.345
2025-02-10,VVSM.DE,41.07
2025-02-11,VVSM.DE,41.205
2025-02-12,VVSM.DE,40.52
2025-02-13,VVSM.DE,41.005
2025-02-14,VVSM.DE,40.75
2025-02-17,VVSM.DE,40.965
2025-02-18,VVSM.DE,41.3
2025-02-19,VVSM.DE,41.805
2025-02-20,VVSM.DE,41.52
2025-02-21,VVSM.DE,41.285
2025-02-24,VVSM.DE,40.285
2025-02-25,VVSM.DE,38.66
2025-02-26,VVSM.DE,39.67
2025-02-27,VVSM.DE,38.99
2025-02-28,VVSM.DE,37.885
2025-03-03,VVSM.DE,37.685
2025-03-04,VVSM.DE,35.91
2025-03-05,VVSM.DE,35.635
2025-03-06,VVSM.DE,35.405
2025-03-07,VVSM.DE,34.705
2025-03-10,VVSM.DE,34.395
2025-03-11,VVSM.DE,33.775
2025-03-12,VVSM.DE,34.88
2025-03-13,VVSM.DE,34.735
2025-03-14,VVSM.DE,35.465
2025-03-17,VVSM.DE,35.59
2025-03-18,VVSM.DE,35.49
2025-03-19,VVSM.DE,35.795
2025-03-20,VVSM.DE,35.855
2025-03-21,VVSM.DE,35.565
2025-03-24,VVSM.DE,36.725
2025-03-25,VVSM.DE,36.425
2025-03-26,VVSM.DE,35.43
2025-03-27,VVSM.DE,34.645
2025-03-28,VVSM.DE,33.59
2025-03-31,VVSM.DE,33.045
2025-04-01,VVSM.DE,33.55
2025-04-02,VVSM.DE,33.675
2025-04-03,VVSM.DE,30.905
2025-04-04,VVSM.DE,28.75
2025-04-07,VVSM.DE,28.665
2025-04-08,VVSM.DE,30.02
2025-04-09,VVSM.DE,28.14
2025-04-10,VVSM.DE,29.82
2025-04-11,VVSM.DE,29.47
2025-04-14,VVSM.DE,30.31
2025-04-15,VVSM.DE,30.755
2025-04-16,VVSM.DE,29.57
2025-04-17,VVSM.DE,28.955
2025-04-22,VVSM.DE,28.595
2025-04-23,VVSM.DE,30.17
2025-04-24,VVSM.DE,31.245
2025-04-25,VVSM.DE,31.505
2025-04-28,VVSM.DE,31.29
2025-04-29,VVSM.DE,31.495
2025-04-30,VVSM.DE,31.45
2025-05-02,VVSM.DE,32.98
2025-05-05,VVSM.DE,32.92
2025-05-06,VVSM.DE,32.505
2025-05-07,VVSM.DE,32.495
2025-05-08,VVSM.DE,33.785
2025-05-09,VVSM.DE,33.815
2025-05-12,VVSM.DE,36.375
2025-05-13,VVSM.DE,37.405
2025-05-14,VVSM.DE,37.585
2025-05-15,VVSM.DE,37.485
2025-05-16,VVSM.DE,37.395
2025-05-19,VVSM.DE,36.885
2025-05-20,VVSM.DE,36.815
2025-05-21,VVSM.DE,36.995
2025-05-22,VVSM.DE,36.275
2025-05-23,VVSM.DE,35.34
2025-05-26,VVSM.DE,35.96
2025-05-27,VVSM.DE,36.59
2025-05-28,VVSM.DE,36.67
2025-05-29,VVSM.DE,36.52
2025-05-30,VVSM.DE,35.83
2025-06-02,VVSM.DE,35.675
2025-06-03,VVSM.DE,36.84
2025-06-04,VVSM.DE,37.205
2025-06-05,VVSM.DE,37.7
2025-06-06,VVSM.DE,37.735
2025-06-09,VVSM.DE,38.14
2025-06-10,VVSM.DE,38.54
2025-06-11,VVSM.DE,38.97
2025-06-12,VVSM.DE,38.45
2025-06-13,VVSM.DE,37.97
2025-06-16,VVSM.DE,38.575
2025-06-17,VVSM.DE,38.71
2025-06-18,VVSM.DE,38.69
2025-06-19,VVSM.DE,38.08
2025-06-20,VVSM.DE,38.235
2025-06-23,VVSM.DE,38.31
2025-06-24,VVSM.DE,39.505
2025-06-25,VVSM.DE,39.79
2025-06-26,VVSM.DE,39.955
2025-06-27,VVSM.DE,40.325
2025-06-30,VVSM.DE,40.065
2025-07-01,VVSM.DE,39.435
2025-07-02,VVSM.DE,40.24
2025-07-03,VVSM.DE,40.805
2025-07-04,VVSM.DE,40.325
2025-07-07,VVSM.DE,40.21
2025-07-08,VVSM.DE,40.855
2025-07-09,VVSM.DE,40.85
2025-07-10,VVSM.DE,41.53
2025-07-11,VVSM.DE,41.395
2025-07-14,VVSM.DE,41.1
2025-07-15,VVSM.DE,42.29
2025-07-16,VVSM.DE,40.555
2025-07-17,VVSM.DE,42.07
2025-07-18,VVSM.DE,41.67
2025-07-21,VVSM.DE,41.81
2025-07-22,VVSM.DE,40.785
2025-07-23,VVSM.DE,40.475
2025-07-24,VVSM.DE,40.65
2025-07-25,VVSM.DE,40.71
2025-07-28,VVSM.DE,41.715
2025-07-29,VVSM.DE,42.38
2025-07-30,VVSM.DE,42.895
2025-07-31,VVSM.DE,42.325
2025-08-01,VVSM.DE,40.805
2025-08-04,VVSM.DE,41.44
2025-08-05,VVSM.DE,40.975
2025-08-06,VVSM.DE,40.53
2025-08-07,VVSM.DE,41.485
2025-08-08,VVSM.DE,41.59
2025-08-11,VVSM.DE,42.345
2025-08-12,VVSM.DE,42.505
2025-08-13,VVSM.DE,42.66
2025-08-14,VVSM.DE,42.955
2025-08-15,VVSM.DE,42.105
2025-08-18,VVSM.DE,42.185
2025-08-19,VVSM.DE,41.995
2025-08-20,VVSM.DE,40.985
2025-08-21,VVSM.DE,41.365
2025-08-22,VVSM.DE,42.135
2025-08-25,VVSM.DE,42.08
2025-08-26,VVSM.DE,42.29
2025-08-27,VVSM.DE,42.53
2025-08-28,VVSM.DE,42.665
2025-08-29,VVSM.DE,41.51
2025-09-01,VVSM.DE,41.495
2025-09-02,VVSM.DE,40.57
2025-09-03,VVSM.DE,40.79
2025-09-04,VVSM.DE,41.255
2025-09-05,VVSM.DE,41.655
2025-09-08,VVSM.DE,42.385
2025-09-09,VVSM.DE,42.42
2025-09-10,VVSM.DE,42.99
2025-09-11,VVSM.DE,43.4
2025-09-12,VVSM.DE,43.405
2025-09-15,VVSM.DE,43.545
2025-09-16,VVSM.DE,43.45
2025-09-17,VVSM.DE,43.365
2025-09-18,VVSM.DE,45.42
2025-09-19,VVSM.DE,44.955
2025-09-22,VVSM.DE,45.675
2025-09-23,VVSM.DE,46.37
2025-09-24,VVSM.DE,46.13
2025-09-25,VVSM.DE,46.16
2025-09-26,VVSM.DE,46.025
2025-09-29,VVSM.DE,46.57
2025-09-30,VVSM.DE,46.42
2025-10-01,VVSM.DE,47.205
2025-10-02,VVSM.DE,48.55
2025-10-03,VVSM.DE,48.795
2025-10-06,VVSM.DE,50.36
2025-10-07,VVSM.DE,49.355
2025-10-08,VVSM.DE,50.38
2025-10-09,VVSM.DE,50.59
2025-10-10,VVSM.DE,48.36
2025-10-13,VVSM.DE,49.72
2025-10-14,VVSM.DE,49.265
2025-10-15,VVSM.DE,50.11
2025-10-16,VVSM.DE,50.71
2025-10-17,VVSM.DE,49.665
2025-10-20,VVSM.DE,51.34
2025-10-21,VVSM.DE,51.01
2025-10-22,VVSM.DE,49.66
2025-10-23,VVSM.DE,50.7
2025-10-27,VVSM.DE,52.9
2025-10-28,VVSM.DE,53.14
2025-10-29,VVSM.DE,54.03
2025-10-30,VVSM.DE,53.98
2025-10-31,VVSM.DE,53.61
2025-11-03,VVSM.DE,54.08
2025-11-04,VVSM.DE,53.23
2025-11-05,VVSM.DE,53.33
2025-11-06,VVSM.DE,51.87
2025-11-07,VVSM.DE,50.04
2025-11-10,VVSM.DE,52.4
2025-11-11,VVSM.DE,51.7
2025-11-12,VVSM.DE,52.63
2025-11-13,VVSM.DE,50.94
2025-11-14,VVSM.DE,51.31
2025-11-17,VVSM.DE,50.72
2025-11-18,VVSM.DE,49.385
2025-11-19,VVSM.DE,49.9
2025-11-20,VVSM.DE,50.15
2025-11-21,VVSM.DE,47.78
2025-11-24,VVSM.DE,50.0
2025-11-25,VVSM.DE,49.24
2025-11-26,VVSM.DE,51.33
2025-11-27,VVSM.DE,51.19
2025-11-28,VVSM.DE,51.78
2025-12-01,VVSM.DE,51.96
2025-12-02,VVSM.DE,52.42
2025-12-03,VVSM.DE,53.06
2025-12-04,VVSM.DE,53.26
2025-12-05,VVSM.DE,53.67
2025-12-08,VVSM.DE,53.98
2025-12-09,VVSM.DE,54.24
2025-12-10,VVSM.DE,54.23
2025-12-11,VVSM.DE,53.25
2025-12-12,VVSM.DE,52.03
2025-12-15,VVSM.DE,51.88
2025-12-16,VVSM.DE,50.93
2025-12-17,VVSM.DE,49.495
2025-12-18,VVSM.DE,50.96
2025-12-19,VVSM.DE,52.0
2025-12-22,VVSM.DE,52.39
2025-12-23,VVSM.DE,52.53
2025-12-29,VVSM.DE,52.89
2025-12-30,VVSM.DE,53.21
2026-01-02,VVSM.DE,54.65
2026-01-05,VVSM.DE,56.5
2026-01-06,VVSM.DE,57.49
2026-01-07,VVSM.DE,57.2
2026-01-08,VVSM.DE,55.77
2026-01-09,VVSM.DE,57.76
2026-01-12,VVSM.DE,58.03
2026-01-13,VVSM.DE,58.98
2026-01-14,VVSM.DE,57.79
2026-01-15,VVSM.DE,60.59
2026-01-16,VVSM.DE,60.52
2026-01-19,VVSM.DE,59.14
2026-01-20,VVSM.DE,59.42
2026-01-21,VVSM.DE,60.68
2026-01-22,VVSM.DE,60.83
2026-01-23,VVSM.DE,60.29
2026-01-26,VVSM.DE,59.34
2026-01-27,VVSM.DE,60.44
2026-01-28,VVSM.DE,61.54
2026-01-29,VVSM.DE,60.78
2026-01-30,VVSM.DE,61.22
2026-02-02,VVSM.DE,61.64
2026-02-03,VVSM.DE,60.2
2026-02-04,VVSM.DE,56.97
2026-02-05,VVSM.DE,57.35
2026-02-06,VVSM.DE,59.49
2026-02-09,VVSM.DE,60.05
2026-02-10,VVSM.DE,59.74
2026-02-11,VVSM.DE,60.87
2026-02-12,VVSM.DE,60.25
2026-02-13,VVSM.DE,60.47
2026-02-16,VVSM.DE,60.12
2026-02-17,VVSM.DE,60.49
2026-02-18,VVSM.DE,62.0
2026-02-19,VVSM.DE,61.19
2026-02-20,VVSM.DE,61.9
2026-02-23,VVSM.DE,61.25
2026-02-24,VVSM.DE,62.6
2026-02-25,VVSM.DE,63.31
2026-02-26,VVSM.DE,61.42
2026-02-27,VVSM.DE,60.8
2026-03-02,VVSM.DE,60.65
2026-03-03,VVSM.DE,59.17
2026-03-04,VVSM.DE,60.12
2026-03-05,VVSM.DE,60.17
2026-03-09,VVSM.DE,58.43
2026-03-10,VVSM.DE,60.51
2026-03-11,VVSM.DE,60.99
2026-03-12,VVSM.DE,59.55
2026-03-13,VVSM.DE,59.72
2026-03-16,VVSM.DE,60.74
2026-03-17,VVSM.DE,60.38
2026-03-18,VVSM.DE,60.96
2026-03-19,VVSM.DE,59.87
2026-03-20,VVSM.DE,59.11
2026-03-23,VVSM.DE,59.49
2026-03-24,VVSM.DE,59.93
2026-03-25,VVSM.DE,60.78
2026-03-26,VVSM.DE,58.63
2026-03-27,VVSM.DE,57.42
2026-03-30,VVSM.DE,56.1
2026-03-31,VVSM.DE,56.26
2026-04-01,VVSM.DE,59.72
2026-04-02,VVSM.DE,59.27
2026-04-07,VVSM.DE,59.58
2026-04-08,VVSM.DE,63.41
2026-04-09,VVSM.DE,64.66
2026-04-10,VVSM.DE,66.46
2026-04-13,VVSM.DE,66.25
2026-04-14,VVSM.DE,67.23
2026-04-15,VVSM.DE,67.45
2026-04-16,VVSM.DE,68.68
2026-04-17,VVSM.DE,69.53
2026-04-20,VVSM.DE,69.17
2026-04-21,VVSM.DE,69.7
2026-04-22,VVSM.DE,71.54
2026-04-23,VVSM.DE,73.53
2026-04-24,VVSM.DE,76.5
2026-04-27,VVSM.DE,75.62
2026-04-28,VVSM.DE,72.91
2026-04-29,VVSM.DE,75.21
2026-04-30,VVSM.DE,76.37
2026-05-04,VVSM.DE,77.13
2026-05-05,VVSM.DE,80.57
2026-05-06,VVSM.DE,84.17
2026-05-07,VVSM.DE,84.09
2026-05-08,VVSM.DE,86.44
2026-05-11,VVSM.DE,89.08
2026-05-12,VVSM.DE,85.24
2026-05-13,VVSM.DE,88.48
2026-05-14,VVSM.DE,90.13
2026-05-15,VVSM.DE,87.42
2026-05-18,VVSM.DE,84.66
2026-05-19,VVSM.DE,83.4
2026-05-20,VVSM.DE,87.61
2026-05-21,VVSM.DE,87.7
2026-05-22,VVSM.DE,91.02
2026-05-25,VVSM.DE,92.67
2026-05-26,VVSM.DE,94.25
2026-05-27,VVSM.DE,93.32
2026-05-28,VVSM.DE,95.72
2026-05-29,VVSM.DE,95.28
2026-06-01,VVSM.DE,96.77
2026-06-02,VVSM.DE,99.64
2026-06-03,VVSM.DE,101.8
2026-06-04,VVSM.DE,98.98
2026-06-05,VVSM.DE,94.24
2026-06-08,VVSM.DE,96.15
2026-06-09,VVSM.DE,92.79
2026-06-10,VVSM.DE,92.18
2026-06-11,VVSM.DE,94.97
2026-06-12,VVSM.DE,100.46
2026-06-15,VVSM.DE,103.98
2026-06-16,VVSM.DE,101.46
2026-06-17,VVSM.DE,102.56
2026-06-18,VVSM.DE,107.28
2026-06-19,VVSM.DE,107.56
2026-06-22,VVSM.DE,109.12
2026-06-23,VVSM.DE,103.5
2026-06-24,VVSM.DE,103.22
2026-06-25,VVSM.DE,104.88
2026-06-26,VVSM.DE,102.96
2026-06-29,VVSM.DE,103.36
2026-06-30,VVSM.DE,109.16
2026-07-01,VVSM.DE,105.18
2026-07-02,VVSM.DE,99.98
2026-07-03,VVSM.DE,101.6
2026-07-06,VVSM.DE,102.1
2026-07-07,VVSM.DE,94.34
2026-07-08,VVSM.DE,95.95
2026-07-09,VVSM.DE,101.64
2026-07-10,VVSM.DE,100.24
2026-07-13,VVSM.DE,98.28
2026-07-14,VVSM.DE,99.58
2026-07-15,VVSM.DE,95.94
2026-07-16,VVSM.DE,94.3
2026-07-17,VVSM.DE,91.0
2026-07-20,VVSM.DE,93.32
2026-07-21,VVSM.DE,96.75
2026-07-22,VVSM.DE,98.0
2026-07-23,VVSM.DE,96.67
2026-07-24,VVSM.DE,94.67
2026-07-27,VVSM.DE,88.72
2026-07-28,VVSM.DE,87.07
2026-07-29,VVSM.DE,83.87
2026-07-30,VVSM.DE,88.15
2026-07-31,VVSM.DE,88.78
2026-08-03,VVSM.DE,88.15
2026-08-04,VVSM.DE,93.67
2026-08-05,VVSM.DE,93.34
2026-08-06,VVSM.DE,94.09
2026-08-07,VVSM.DE,93.92
2026-08-10,VVSM.DE,93.09
2026-08-11,VVSM.DE,93.0
2026-08-12,VVSM.DE,95.43
2026-08-13,VVSM.DE,97.2
2026-08-14,VVSM.DE,94.67
2026-08-17,VVSM.DE,97.52
2026-08-18,VVSM.DE,91.96
2026-08-19,VVSM.DE,89.92
2026-08-20,VVSM.DE,89.66
2026-08-21,VVSM.DE,89.96
2026-08-24,VVSM.DE,87.51
2026-08-25,VVSM.DE,89.14
2026-08-26,VVSM.DE,89.2
2026-08-27,VVSM.DE,90.54
2026-08-28,VVSM.DE,90.54
2026-08-31,VVSM.DE,88.96
2026-09-01,VVSM.DE,88.24
2026-09-02,VVSM.DE,88.56
2026-09-03,VVSM.DE,87.76
2026-09-04,VVSM.DE,90.41
2026-09-07,VVSM.DE,92.0
2026-09-08,VVSM.DE,93.45
2026-09-09,VVSM.DE,93.0
2026-09-10,VVSM.DE,91.39
2026-09-11,VVSM.DE,92.63
2026-09-14,VVSM.DE,88.21
2026-09-15,VVSM.DE,88.01
2026-09-16,VVSM.DE,89.48
2026-09-17,VVSM.DE,91.77
2026-09-18,VVSM.DE,92.92
2026-09-21,VVSM.DE,97.39
2026-09-22,VVSM.DE,99.37
2026-09-23,VVSM.DE,99.26
2026-09-24,VVSM.DE,98.31
2026-09-25,VVSM.DE,100.08
